Blattner,pdxBJ_20nM PN_Ave
b0001,10.45282784
b0002,12.04906446
b0011,3.246875201
b0104,6.925355824
b0987,5.93952026
b4576,7.944385369
b0989,3.74900859
b0990,9.110089358
b0991,6.167093875
b4517,7.747780605
b0992,3.725400604
b0993,3.841141704
b0994,4.022762457
b0106,3.065439088
b0995,3.88945127
b0996,1.852798988
b0997,2.826929164
b0998,4.333439848
b0999,0.374448478
b1000,7.517658665
b1001,1.733440515
b1002,7.522747226
b1003,10.05786291
b1004,9.78810198
b0107,3.514939039
b4518,8.013815738
b1006,4.04006715
b1007,2.67290994
b1008,2.472587896
b1009,1.595991884
b1010,2.351974681
b1011,1.533963908
b1012,1.27860138
b1013,4.999193164
b1014,5.250317964
b0108,1.96638195
b1015,6.866219491
b4490,7.333818285
b1018,6.68989844
b1019,5.696756281
b1020,4.696525877
b1021,3.498572567
b1022,2.212232653
b1023,2.49568788
b1024,3.811652246
b1025,5.294927194
b0109,6.837735634
b1026,3.653093531
b0298,2.734061344
b1028,1.668459571
b1029,2.776032697
b1032,3.056684666
b1033,7.109933586
b1034,7.608534034
b1035,7.512911388
b1036,7.296455513
b1037,5.778198326
b0110,6.808593549
b1038,4.622906603
b1039,5.339196793
b1040,6.409666345
b1041,3.975272243
b1042,5.883137746
b1043,2.924394434
b1044,4.209560472
b1045,7.346483769
b1046,5.320646997
b1047,4.53055359
b0111,6.658723136
b1048,7.41786213
b1049,6.774324981
b1050,8.202524966
b1051,9.109604808
b1053,3.688421106
b1054,5.631562581
b1055,4.843495583
b1056,7.051388561
b1057,4.662651344
b1058,2.885450146
b0112,8.252891289
b1059,7.339507976
b1060,8.97026465
b1061,6.998728279
b1062,5.675668712
b1063,6.796580826
b1064,8.320735157
b1065,6.760129857
b1066,8.321937882
b1067,7.688649629
b1068,7.200798583
b0113,7.282887276
b1069,5.632252129
b1070,5.463034062
b1071,5.958003632
b1072,3.998876526
b1073,4.718162538
b1074,4.479081155
b1075,4.478594658
b1076,4.12182511
b1077,3.853959876
b1078,3.956917219
b0114,9.413171589
b1079,3.344032528
b1080,2.844727018
b1081,3.033822165
b1082,3.879574927
b1083,4.993739714
b1084,7.536400804
b1085,7.959278047
b1086,6.271050758
b1087,7.586109226
b4418,8.503266107
b0013,3.266702151
b0115,9.488730813
b1088,10.38006953
b1089,11.31256811
b1090,7.769538383
b1091,8.040891281
b1092,8.352886601
b1093,10.76501172
b1094,13.51318602
b1095,8.505982736
b1096,6.592651769
b1097,6.144193442
b0116,9.577132721
b1098,6.661179912
b1099,6.046011
b1100,7.176171184
b1101,10.82632966
b1102,6.57123396
b1103,9.301711512
b1104,8.090084595
b1105,8.076911414
b1106,5.81697543
b1107,7.173355311
b0117,3.591550406
b1108,8.334853748
b1109,8.568318201
b1110,7.664476645
b1111,4.807463608
b1112,5.902800426
b1113,4.398455062
b1114,6.088665
b1115,3.813730621
b1116,6.221802462
b1117,1.779375565
b0118,7.871664232
b1118,7.005473334
b1119,7.282364389
b1120,6.974986303
b1121,2.236887468
b1122,2.634866301
b1123,7.458643178
b1124,5.563136441
b1125,5.401812718
b1126,5.929298788
b1127,7.775524463
b0119,7.192183928
b1128,7.736961982
b1129,0.23063939
b1130,8.579280617
b1131,5.546137048
b1132,6.124397606
b1133,6.909631273
b1134,5.644016407
b1135,4.498876315
b1136,11.23831434
b1137,3.773141559
b0120,6.904408518
b1138,2.818069904
b1139,3.75056455
b1140,3.967373463
b1141,4.728242248
b1143,8.272188231
b1144,5.357546123
b1145,6.146298048
b1146,3.843682696
b1147,3.532022222
b1148,2.280121615
b0121,6.931271191
b4692,3.158605558
b1149,2.497273522
b1150,0.737984764
b1151,2.476250184
b1152,2.322145883
b1153,1.414456521
b1154,2.049754717
b1155,2.763270505
b1156,3.085201662
b1157,2.136561756
b0122,8.050194271
b1158,1.928478856
b1159,5.57714432
b4519,4.057535685
b1160,1.746326444
b1161,1.907071863
b1162,7.572889594
b1163,5.627909919
b1164,3.33237924
b1165,4.462808188
b1166,4.948681762
b0123,5.527048362
b1167,2.264871666
b1168,2.763530921
b4520,2.577131435
b4491,4.400452198
b1171,7.999859625
b1172,7.322664675
b4593,5.483400018
b4594,3.501804443
b4521,4.478898049
b1174,9.017299789
b0124,5.361317152
b1175,9.065473565
b1176,8.344080328
b1177,6.733194174
b1178,8.943365582
b1179,8.174100852
b1180,8.025442095
b1181,6.568846368
b1182,3.006669445
b1183,0.286314603
b1184,3.765447534
b0014,8.839612363
b0125,8.225630073
b1185,7.753833308
b1186,6.115500132
b1187,8.04049783
b1188,7.747296357
b1189,8.344214709
b1190,7.146534698
b1191,6.01325492
b1192,6.432876898
b1193,6.618310489
b1194,3.473409439
b0126,8.608632754
b1195,7.499947188
b1196,3.397517081
b1197,5.123643287
b1198,9.514631981
b1199,9.527186536
b1200,9.486917603
b1201,4.201478972
b1202,4.959069525
b1203,6.015745893
b1204,5.54387545
b0127,7.717988627
b1205,11.04996216
b1206,5.779284316
b1207,7.820022821
b1208,7.559696051
b1209,6.894451511
b1210,7.129868841
b1211,6.929069567
b1212,5.997990896
b1213,6.225374759
b1214,7.257638142
b0128,7.652999564
b1215,8.206701897
b4419,6.375510648
b4420,6.143300659
b4421,4.129767821
b4422,4.167319736
b4423,5.987787303
b4424,6.099578626
b1216,6.154458493
b1217,7.182754807
b1218,7.794825523
b0129,7.169380546
b1219,9.507781219
b1220,5.414501171
b1221,7.714920808
b1222,5.28530939
b1223,6.425185522
b1224,6.725206801
b1225,7.360170487
b1226,1.977487777
b1227,6.900457059
b4425,3.220211171
b0130,4.861353432
b1229,1.41968591
b1230,5.131634681
b1231,5.714938305
b1232,7.557495343
b1233,8.180532094
b1234,7.511207907
b1235,7.162200658
b1236,9.010925466
b1237,13.16035051
b1238,4.995729275
b0131,10.44462162
b4573,4.157712669
b1241,11.03665595
b1242,5.37163443
b1243,10.51656333
b1244,8.353097741
b1245,8.373000781
b1246,7.938681958
b1247,7.90404262
b1248,8.333311913
b1249,7.747677112
b0132,5.268459411
b4595,6.701440733
b1250,5.471461328
b1251,9.929595944
b1252,8.589224913
b1253,6.528036615
b1254,7.235831174
b1255,7.061703151
b1256,8.267414472
b1257,4.456404483
b1258,3.426481858
b0133,8.505035242
b1259,8.446330848
b1260,3.104161637
b1261,7.376470219
b1262,6.656930979
b1263,5.506383662
b1264,5.075728658
b1265,7.363066508
b1266,6.328886734
b1267,6.428048017
b1268,4.607094025
b0134,7.671988217
b1269,6.624027971
b1270,6.718308662
b1271,6.800983833
b1272,8.568803983
b1273,7.523523545
b1274,8.034413674
b1275,7.151190646
b4522,7.963198152
b4523,7.609957893
b1276,6.244017481
b0015,6.819446092
b0135,2.566444571
b1277,7.406255451
b1278,6.302749267
b1279,8.002289053
b1280,6.396137512
b1281,6.161032591
b1282,5.450210222
b1283,9.429148124
b1284,7.659524919
b4596,9.080336175
b1285,4.43900529
b0136,1.800269348
b4672,3.156074564
b1286,7.710155398
b1287,6.669124937
b1288,8.72531864
b1289,5.475772923
b1290,5.541732945
b1291,6.295819718
b1292,5.097867633
b1293,5.290062852
b1294,5.556765847
b0137,2.597357752
b1295,7.573460375
b1296,3.816319859
b1297,3.830599134
b1298,4.302847346
b1299,5.201997574
b1300,4.503846616
b1301,4.159725368
b1302,4.57950432
b1303,4.335833102
b1304,9.220355925
b0138,2.390597214
b1305,2.023342742
b1306,7.261093516
b1307,6.918239179
b1308,8.868002367
b1309,1.033898064
b1310,1.234685695
b1311,1.235450803
b1312,1.762515054
b1313,2.781901055
b1314,2.578219763
b0139,2.750965873
b1315,3.454065233
b1316,2.923339883
b1317,2.054246591
b1318,1.549543947
b1319,1.177853249
b1320,3.504843901
b1321,5.64104068
b1322,5.727923809
b1323,6.93880248
b1324,11.27043207
b0140,1.894392944
b1325,7.096351452
b1326,8.117896017
b4525,4.241549933
b4673,0.238920105
b1327,4.291086758
b1328,4.624751799
b1329,6.146977302
b1330,3.870160368
b0259,6.885121263
b1332,9.48576103
b0141,1.145267114
b1333,9.671086759
b1334,9.325210066
b1335,6.525687534
b1336,2.901454791
b1337,3.303424918
b1338,2.246811519
b1339,4.286487083
b4426,3.186695894
b1340,5.464032872
b1341,5.027069074
b0142,3.988809112
b1342,6.302508726
b4699,5.775771389
b1343,5.320844485
b1344,6.597798133
b1345,4.069678345
b1346,2.130427239
b1347,2.601970995
b1348,2.030535272
b1349,3.951405246
b1350,2.962871177
b0143,6.44136584
b1351,2.293288975
b4526,0.364076589
b1352,0.872873256
b1353,2.072008032
b4527,2.807319826
b1355,2.973729023
b1356,7.45169901
b1357,4.171848279
b1358,2.914348996
b1359,3.671823035
b0144,4.62511666
b1360,2.952413263
b1361,4.018172846
b1362,3.622296736
b4528,4.641679575
b1363,4.632759758
b1365,3.223826718
b1366,3.466873912
b1368,3.417732625
b4570,2.920732757
b0259,3.597127188
b2394,5.90476369
b0145,10.43159333
b1372,2.682621929
b1373,3.682574644
b1374,5.292894007
b1375,5.925681835
b4638,7.062034218
b1376,8.718670215
b1377,3.345575496
b4427,0.355351714
b1378,5.252974386
b4529,8.744579024
b0146,8.315784999
b1379,7.804114307
b1380,6.365467111
b1381,4.649723861
b1382,6.214546715
b1383,5.953040086
b1384,2.995834679
b1385,4.503581083
b1386,2.955647058
b1387,1.991729474
b1388,1.565086967
b0147,5.003548242
b1389,2.135419996
b1390,1.949374073
b1391,2.735279404
b1392,2.621027237
b1393,1.368540339
b1394,2.628161151
b1395,3.297245729
b1396,0.635021863
b1397,3.747517101
b1398,3.643481862
b0148,4.900613478
b1399,5.47836238
b1400,6.464428839
b4674,0.396083201
b4492,5.235748078
b0361,5.509903828
b4272,6.36090379
b0256,4.661845039
b1406,6.735430156
b1407,2.444379239
b1408,0.983949382
b0149,6.195829312
b1409,0.884556304
b1410,3.19539031
b1411,4.35603455
b1412,6.748892512
b1413,5.941337223
b1414,6.476289068
b1415,7.633058121
b4493,9.417247557
b1418,8.19682314
b4597,6.3655057
b0150,7.883833014
b1419,8.096470094
b4428,8.09910254
b1420,5.329028737
b4429,6.690818771
b1421,3.743767697
b1422,4.462675667
b1423,4.409564548
b1424,6.371206337
b1426,9.886775232
b1427,7.103895908
b0151,7.07230031
b1428,6.067429075
b1429,5.604044735
b1430,7.356350992
b1431,7.283680027
b4578,4.967049839
b1432,5.560101662
b1433,3.758754301
b1434,4.219135197
b1435,4.914410972
b1436,4.57219735
b0152,6.042349713
b4532,5.666222453
b1438,5.315607126
b1439,4.764903646
b1440,6.143821221
b1441,4.924615352
b1442,4.750939649
b1443,5.393652774
b1444,6.447302193
b4598,6.211959422
b1445,5.625661712
b0153,6.01611867
b1446,9.001640316
b1447,8.332294114
b1448,9.09042479
b1449,6.811625347
b1450,4.50596946
b1451,3.417838296
b1452,9.803806985
b1453,3.641450836
b1454,4.971985629
b1455,0.813372234
b0154,7.030569518
b1456,2.680162512
b1457,4.070909362
b1459,2.513234917
b1460,1.920491177
b1461,7.828892078
b1462,6.231457563
b1463,5.028368706
b1464,6.651627708
b1465,4.368252004
b1466,0.490478692
b0018,4.149024151
b0155,6.578161169
b1467,3.891256306
b1468,3.959992207
b1469,3.674606719
b1471,0.665736974
b1472,0.607865694
b1473,4.368544059
b1474,2.947938187
b1475,2.770789694
b1476,4.15745879
b1477,8.27436537
b0156,7.857421302
b1478,8.228729775
b1479,7.172170641
b1480,12.07048442
b1481,6.292705262
b1482,11.42817218
b1483,5.905728766
b1484,3.149640182
b1485,3.644007189
b1486,2.168073012
b1487,2.336144521
b0157,4.279816282
b1488,2.282674801
b1489,4.540001405
b1490,6.155453461
b1491,4.491058096
b1492,7.967507433
b1493,8.127533687
b1494,3.79258223
b1495,3.374232216
b1496,2.463863852
b1497,1.336827838
b0158,4.421148227
b1498,3.499521159
b1499,2.133209641
b1500,1.164930846
b1501,3.884162495
b1502,1.607046491
b1503,1.751701239
b1504,1.683182129
b1505,1.400220548
b1506,1.132490836
b1507,3.724166645
b0159,8.380591007
b1508,4.57780941
b4696,4.516593791
b1511,5.294448337
b1512,6.580647737
b1513,3.013791941
b1514,3.16724072
b1515,2.941680924
b1516,3.76294658
b1517,4.152020008
b1518,5.226112952
b0160,5.913178989
b1519,5.349776827
b1520,4.433163069
b1521,3.992909372
b1522,4.763193622
b1523,0.434314509
b1524,5.453299587
b1525,5.521127788
b1526,4.338599774
b1527,1.698225438
b1528,5.805997356
b0161,6.923401374
b1529,6.648055093
b1530,4.496803995
b1531,4.961507645
b1532,5.431340612
b1533,6.782252267
b1534,5.844585466
b4599,7.356736255
b4698,4.985605675
b1535,5.697479933
b1536,7.497714749
b0162,4.371524892
b1537,4.856813744
b1538,6.917255943
b1539,9.071901931
b1540,6.81580072
b1541,8.511194017
b1542,3.71869791
b1543,3.651440899
b1544,5.955805492
b1545,5.141171506
b1546,3.304771257
b0163,9.517103713
b1547,3.248167101
b1548,3.684677535
b4533,3.199391075
b1549,2.569952228
b1550,7.88882924
b1551,4.139437546
b1552,8.235031272
b1553,2.511356099
b4689,3.352289717
b1554,3.024828081
b0164,4.496169151
b1555,3.885791666
b1556,3.401794282
b1557,10.4505164
b1558,6.332826599
b1559,5.113895994
b1560,2.115347293
b1561,4.672367129
b1562,7.389567738
b1563,8.403538133
b1564,8.189367446
b0018,6.294582212
b0166,10.81954473
b1565,4.879628158
b1566,5.618153317
b1567,2.940815627
b1568,2.35634446
b1569,1.646269643
b1570,8.390951753
b1571,3.582385875
b1572,4.215681157
b1573,4.529503973
b1574,2.69506128
b0167,6.308967125
b1575,2.071344908
b1576,2.263163282
b1577,2.782066814
b0361,4.865355569
b1579,3.529636442
b1580,4.98036943
b1581,3.224317924
b1582,5.313667477
b1583,7.809925136
b1584,7.069048771
b0168,8.660497817
b1585,5.937554056
b1586,6.949981547
b1587,4.406628958
b1588,4.196600135
b1589,3.792384735
b1590,5.422148126
b1591,5.75751691
b1592,3.904264531
b1593,7.763123486
b1594,6.882011349
b4414,10.11519876
b1595,4.236618947
b1596,5.64271453
b1597,6.12169412
b4601,4.611228455
b1598,6.547413472
b1599,3.911903029
b1600,4.322801356
b1601,4.318782843
b1602,9.306489456
b1603,9.542491732
b0169,10.33942305
b1604,7.743858369
b1605,4.278686402
b1606,5.949198651
b1607,6.300887324
b1608,7.138308924
b1609,6.320052718
b1610,4.494402812
b1611,3.489822573
b1612,5.652637052
b1613,6.838097747
b0170,9.764160828
b1614,8.122049419
b1615,1.985778544
b1616,2.193007683
b1617,2.089169939
b1618,6.89292967
b1619,8.168278015
b1620,6.12165767
b1621,5.470833196
b1622,5.815040698
b1623,7.409537361
b0171,6.774783866
b1624,7.367168174
b4409,7.189904018
b1625,5.30146009
b1626,5.877753754
b1627,5.867000384
b1628,6.09688381
b1629,5.349397924
b1630,5.151869243
b1631,5.011651186
b1632,0.287786548
b0172,9.050781938
b1633,5.363895689
b1634,6.013895821
b1635,8.1573422
b1636,6.169480801
b1637,8.390434189
b1638,7.141783412
b1639,5.866155551
b1640,5.999404532
b1641,11.22353755
b1642,10.1534754
b0173,6.348719731
b1643,4.947462404
b1644,0.360701807
b1645,4.094671622
b1646,7.227367815
b1647,7.278805175
b1648,5.315030207
b1649,3.432502122
b1650,5.644199142
b1651,8.70631061
b1652,5.318537771
b0174,7.918373219
b1653,4.839670976
b1654,10.08500511
b1655,4.999270214
b1656,6.114091563
b1657,5.80017561
b4602,7.554296944
b1658,6.759723548
b1659,4.280949871
b1660,6.312617632
b1661,8.892940576
b4413,5.983771071
b0175,7.485924591
b1662,8.969268139
b1663,7.375422941
b1664,7.874235456
b1665,4.398708215
b1666,4.379400377
b1667,9.95163205
b1668,4.994516883
b1669,3.945050526
b1670,4.059654869
b1671,3.883603696
b0176,8.230304928
b1672,3.922711314
b1673,2.537506185
b1674,2.179123944
b1675,8.455189518
b1676,8.622731621
b1677,14.49252535
b1678,7.372311091
b1679,8.133910961
b1680,8.016548215
b1681,7.539325577
b0177,8.753547134
b1682,7.455278251
b1683,7.186757936
b1684,7.905755022
b4430,8.476302056
b1685,9.374254119
b1686,6.635581599
b1687,5.943193113
b1688,7.058259365
b4431,3.19373283
b1689,3.720648282
b0178,10.55268206
b1690,1.925083634
b1691,1.03309639
b1692,4.541571098
b1693,7.907327034
b1694,2.686563848
b1695,3.515473025
b1696,4.292447814
b1697,2.884179865
b1698,3.403193118
b1699,2.984906421
b0179,8.853963849
b1700,2.723007576
b1701,3.231131041
b1702,7.145764456
b1703,6.462918182
b1704,5.859304107
b1705,6.942459185
b1706,7.009973755
b1707,5.938770154
b1708,7.535666552
b1709,0.170377599
b0180,9.039695554
b1710,8.118848066
b1711,5.14128976
b1712,11.89230579
b1713,9.583334353
b1714,8.585331803
b1715,5.292054436
b1716,11.60379306
b1717,11.68411655
b1718,12.21876017
b1719,10.29233802
b0181,8.723668585
b4494,2.113293876
b4535,5.463107112
b1722,5.875424768
b1723,7.76779821
b1724,9.448755667
b1725,8.583716481
b1726,7.255422251
b1727,6.12355996
b1728,2.437483714
b1729,7.79179885
b0182,6.94161342
b1730,2.471473836
b1731,4.801183574
b1732,6.218759663
b1733,5.159914975
b1734,3.984637345
b1735,4.575846821
b1736,5.342696971
b1737,4.363084687
b1738,7.027060274
b1739,11.39522713
b0183,6.71063739
b1740,10.04441719
b1741,4.833332878
b1742,3.448117793
b1743,7.250951812
b1744,3.476634211
b1745,3.557825922
b1746,3.356851859
b1747,2.364120496
b1748,2.404076385
b1749,5.948186178
b0184,6.598397282
b1750,4.950883148
b1751,5.505217087
b1752,0.356598911
b1753,5.704189735
b1754,5.472400424
b1755,4.368674954
b1756,4.3748589
b1757,6.157404686
b1758,5.209557846
b1759,5.938053477
b0019,7.394262433
b0185,7.994673202
b1760,4.721428378
b1761,10.3319463
b1762,5.904291795
b1763,5.794854137
b1764,7.709558523
b1765,7.996785008
b1766,6.630595321
b1767,5.737113963
b1768,6.258196416
b1769,2.970283534
b0186,5.385389129
b1770,4.729630168
b1771,3.639430574
b1772,1.947828094
b1773,2.493000145
b1774,1.937473585
b1775,1.995796582
b1776,3.08670714
b1777,7.083478974
b1778,7.544469408
b1779,12.22938263
b0187,6.495226492
b1780,5.984800411
b1781,7.156793007
b1782,7.515653431
b1783,8.219792901
b1784,7.200248349
b1785,2.567546437
b1786,4.480126697
b1787,7.620784891
b1788,5.049340961
b1789,5.859764941
b0188,5.474718258
b1790,4.880617705
b1791,3.620825069
b1792,8.853700844
b1793,7.207450462
b1794,6.752844975
b4676,7.415744855
b4675,4.174277089
b1795,11.42256006
b1796,3.339861175
b1797,2.924459106
b0189,9.307828886
b1798,6.625842792
b1799,6.828120789
b1800,4.534078984
b1801,2.305253377
b1802,2.20472901
b1803,3.538080005
b1804,5.616091505
b1805,5.266177285
b1806,7.771887773
b1807,5.45289934
b4406,9.676808437
b1808,5.257365338
b1809,9.349324589
b1810,7.79346042
b1811,8.113966728
b1812,5.0584996
b1813,5.749301044
b1814,5.758384563
b1815,3.190855441
b1816,5.782932599
b1817,11.13097655
b0190,6.146191033
b1818,10.50147388
b1819,10.50640519
b1820,6.065958872
b1821,2.735525534
b1822,5.83353495
b1823,13.48454587
b1824,14.0130846
b1825,9.808181919
b1826,8.763108528
b4536,6.436292287
b0191,5.957774131
b1827,6.701704106
b1828,2.584660447
b1829,8.256139706
b1830,8.483751744
b1831,8.751056771
b1832,9.518404953
b1833,5.440368875
b1834,5.688462833
b1835,4.614029472
b1836,12.92149291
b0192,6.775903093
b1837,7.158945238
b1838,5.498959962
b4432,8.618683341
b4433,2.488926425
b1839,8.608351004
b1840,7.555564733
b1841,8.558011158
b1842,7.19254695
b1843,5.885788551
b1844,7.052940316
b0193,4.09141797
b1845,5.494664425
b1846,5.948051214
b1847,9.269593381
b1848,7.840274424
b1849,4.824555247
b1850,8.365529494
b1851,5.804906723
b1852,8.387933757
b1853,6.97990592
b1854,9.352769834
b0020,5.901585998
b0194,7.678018156
b1855,6.743723305
b1856,8.219722951
b1857,10.2118807
b1858,7.328682516
b1859,7.558925637
b1860,7.13053137
b1861,7.154262704
b4677,2.016494723
b1862,2.810076518
b1863,7.637334671
b0195,5.404580712
b1864,8.334256441
b1865,8.231834428
b1866,8.620218939
b1867,6.534701643
b1868,4.885134453
b1869,7.859995644
b1870,5.86012694
b1871,5.802001144
b1872,3.442366579
b1873,2.190425832
b0196,7.1306489
b1874,7.178929496
b1875,6.715941908
b1876,6.49751275
b1877,3.9868204
b1878,3.738845232
b1879,4.733065095
b1880,2.289550032
b1881,4.760504253
b1882,5.640811967
b1883,3.357665262
b0197,9.707410438
b1884,2.698244174
b1885,3.093792187
b1886,3.515363738
b1887,4.789719313
b1888,3.192297907
b1889,3.258897097
b1890,2.709122338
b1891,5.232730626
b1892,5.677839521
b1895,9.017820466
b0198,7.157687872
b1896,7.225975208
b1897,7.663227279
b4460,4.800118775
b1900,4.492280129
b1901,3.071545931
b1902,8.637450208
b4537,6.583056111
b4663,3.883178508
b1904,3.209908454
b1905,5.909738507
b0199,5.350036547
b1906,6.90500151
b1907,3.640890887
b1908,9.723847831
b1909,8.735379618
b1910,8.730458921
b1911,9.00331312
b1912,8.32739575
b1913,7.166788009
b1914,8.973337986
b1915,5.938736613
b0200,7.224546199
b1916,6.474959748
b1917,7.634407109
b1918,7.095649924
b1919,7.483158683
b1920,11.05622726
b1921,4.426118469
b1922,4.439115874
b1923,7.089653346
b1924,3.46903393
b1925,3.948010657
b0201,10.05282403
b1926,3.694753055
b1927,6.943135152
b1928,8.578187895
b1929,6.993805514
b1930,7.751650996
b1931,3.886377702
b1932,4.100685596
b4495,1.203638135
b1936,3.160331301
b1937,4.599323272
b0202,5.378574237
b1938,2.966756732
b1939,3.511083042
b1940,0.602561751
b1941,2.51822745
b1942,2.370657321
b1943,2.833076551
b1944,3.619055552
b1945,3.225336066
b1946,2.870720426
b1947,0.252125203
b0203,4.188313602
b1948,2.369543991
b1949,2.339832489
b1950,2.555535482
b1951,6.119678898
b1952,7.271206147
b1953,8.296599456
b1954,5.304326111
b1955,5.677093833
b1956,5.678474267
b1957,8.016158723
b0003,11.84847784
b4576,5.615602226
b0204,9.530495777
b1958,7.423022253
b1959,3.068860036
b1960,4.700165415
b1961,6.075992426
b1962,6.116404636
b1963,6.026101801
b4603,1.045650154
b4496,4.578559759
b1967,7.028201648
b1968,0.206127675
b0205,2.937865786
b1969,5.34737917
b1970,6.617202481
b1971,5.043853562
b1972,4.936005963
b1973,8.460127126
b1974,4.5107921
b1975,10.45021504
b1976,8.059380504
b1977,5.496380955
b1978,4.055498857
b0206,4.289005613
b4497,2.05628636
b1981,8.970935622
b1982,7.562374813
b1983,7.447959721
b1984,3.790610809
b1985,5.770420882
b1986,4.848607036
b1987,6.186992379
b1988,4.116162445
b1989,4.155471804
b0207,5.246982326
b1990,6.661895582
b1991,6.953835524
b1992,6.833538461
b1993,6.319705094
b4639,3.097948568
b0259,7.228067235
b4640,4.540948715
b4641,5.171012402
b4582,6.140771733
b0361,4.89148195
b0208,5.214017668
b4272,3.367689471
b1999,4.140326661
b4435,2.58329356
b2000,4.948532813
b2001,3.680320149
b2002,4.472943631
b2003,4.363432937
b2004,4.181173155
b2005,3.32464145
b2006,4.442668934
b0209,8.028568333
b4642,4.06165227
b4538,5.678651481
b2007,12.25862088
b2008,5.481662553
b2009,7.178143807
b2010,4.859334344
b2011,6.014921275
b2012,10.00223613
b2013,8.123354453
b2014,6.159999057
b0210,5.987272654
b4678,5.446951279
b2015,5.763339569
b2016,8.913383546
b4539,7.334539502
b2017,7.618405225
b2018,4.989792896
b2019,10.92916498
b2020,10.46919408
b2021,9.6949351
b2022,10.09877832
b0211,7.999676281
b2023,9.047604352
b2024,10.41548432
b2025,10.22249576
b2026,10.03515219
b2027,9.096674251
b2028,4.899808235
b2029,9.975986213
b4571,7.872103146
b0259,5.826001658
b2032,7.490296369
b0212,6.817539362
b2033,7.630349426
b2034,7.196818697
b2035,0.617177932
b2036,8.154746812
b2037,6.783705027
b2038,1.863036466
b2039,7.827064729
b2040,0.466691069
b2041,7.746013899
b2042,9.714273866
b0213,6.209073853
b2043,4.732183472
b2044,4.2702147
b2045,3.741176232
b2046,3.674293274
b2047,3.276305905
b2048,3.604777797
b2049,4.315344218
b2050,3.820509823
b2051,4.406259624
b2052,4.674397625
b0275,5.122108761
b0214,7.186137872
b2053,5.268594775
b2054,3.864218204
b2055,3.124242979
b2056,3.269688239
b2057,2.955532923
b2058,3.144469128
b2059,2.884992475
b2060,2.528466702
b2061,1.787774024
b2062,2.044909937
b0215,6.490699101
b2063,5.800736969
b2064,6.272812671
b2065,7.89387613
b2066,5.96142586
b2067,5.173672773
b2068,5.678788124
b2069,5.134982526
b2070,3.03118927
b2071,3.862574982
b2072,2.450390888
b0216,3.232161427
b2073,3.231769289
b4436,5.73906109
b4437,5.794151111
b2074,0.205413189
b2075,3.797419984
b2076,3.462028862
b2077,3.187783733
b2078,3.90271011
b0217,2.042450494
b2079,6.760370985
b2080,7.724963083
b2081,5.896996768
b4438,5.225863245
b2082,5.120506298
b2083,3.733031162
b2085,3.660989876
b2086,5.778455548
b4498,6.943269156
b0298,5.057288314
b4586,1.146033886
b1026,5.268603039
b2091,10.53904603
b2092,11.37176985
b2093,11.25441276
b2094,11.94966609
b2095,12.45595327
b2096,13.30761154
b2097,8.240072837
b2098,3.568711159
b2099,4.309514201
b0218,1.307783596
b2100,4.146144283
b2101,5.551921479
b2102,4.635807146
b2103,7.150524125
b2104,6.826988395
b2105,6.251392955
b2106,4.330305116
b2107,7.761260363
b2108,1.802930725
b2109,2.118851863
b4503,2.834402569
b2110,1.080362379
b2111,4.120289203
b2112,7.270463796
b2113,8.119863508
b2114,7.522826993
b4499,3.020580358
b2118,3.450866955
b4541,1.162946238
b2119,1.763464451
b2120,2.694867247
b0219,6.773494455
b2121,2.310762436
b2122,2.797441332
b2123,3.497828483
b2124,6.761741159
b2125,5.915861509
b2126,5.487824959
b2127,5.242512188
b4542,4.009300374
b2128,5.533911875
b2129,5.162784769
b0220,11.05319977
b2130,4.728073836
b2131,5.907474161
b2132,6.336817835
b2133,8.452218057
b2134,6.172721672
b2135,7.600731157
b2136,6.08137027
b2137,6.264740403
b2139,1.862236309
b4679,9.063352154
b0221,6.525450359
b2140,4.942020494
b2141,6.023348509
b2142,5.132140172
b2143,7.736395928
b2144,4.785129323
b2145,5.376759576
b2146,3.320734491
b2147,4.066612095
b2148,3.24543015
b2149,3.38963374
b0023,10.9565724
b0222,8.615998204
b2150,5.410242543
b2151,5.24570378
b2152,5.824740422
b2153,9.243030247
b2154,7.205357696
b2155,8.333591637
b2156,6.038296874
b2157,6.119278071
b2158,4.570961276
b2159,6.232077639
b0223,7.155376116
b2160,4.944930403
b2161,2.535515081
b2162,1.764237726
b2163,2.259568156
b2164,3.735164427
b2165,2.712468435
b2166,2.061218337
b2167,11.00059427
b2168,10.67264264
b2169,9.920135145
b0224,8.993312246
b2170,3.957725872
b4502,5.283899917
b2171,6.985807586
b2172,4.373702482
b2173,4.435600863
b2174,4.225794751
b2175,9.161030352
b2176,5.431337483
b2177,4.89374535
b2178,0.249409477
b0225,8.037003977
b2179,4.73436945
b2180,5.263625041
b2181,6.186843324
b2182,6.639975355
b2183,7.306645016
b2184,3.957136012
b2185,10.05830672
b2186,6.56907371
b2187,7.671804547
b2188,6.129382402
b0226,9.806524983
b2189,5.405132811
b2190,5.446805488
b0259,6.71813446
b2193,5.733038833
b2194,4.144445848
b2195,3.96349592
b2196,3.933872583
b2197,5.49700987
b2198,5.371621692
b2199,5.064725006
b0227,3.42254201
b2200,4.020161508
b2201,5.421809683
b2202,5.938172345
b2203,5.918893648
b2204,5.580665912
b2205,5.666302262
b2206,5.829090593
b2207,4.49345646
b2208,4.441008487
b2209,7.576018441
b0228,6.000811374
b2210,4.665986211
b2211,5.784178319
b2212,0.256023914
b2213,4.238813421
b2214,3.557429827
b2215,11.4239519
b4439,2.863339655
b2216,7.26223419
b2217,8.509542268
b2218,6.134300397
b0229,3.0298009
b2219,4.285455335
b2220,3.766324093
b2221,1.855980948
b2222,1.021956527
b2223,1.55821418
b2224,2.832471724
b2225,3.09094214
b2226,3.000366975
b4500,2.941981927
b2229,2.311783586
b0230,2.90006585
b2230,3.035729088
b2231,7.343358336
b2232,7.590052507
b2233,5.048488112
b2234,6.787745373
b2235,6.700683403
b2236,6.42283607
b2237,6.619357109
b2238,2.900880523
b2239,6.549643618
b0231,4.015453038
b2240,3.510876366
b2241,2.151072704
b2242,2.081505029
b2243,2.933760461
b2244,5.811692236
b4543,7.63188146
b2245,4.497572482
b2246,3.372408158
b2247,2.763875255
b2248,3.353254903
b0024,5.978025002
b0232,4.771787081
b2249,6.896944766
b2250,5.624232938
b2251,6.194530289
b2252,3.69716782
b2253,5.426735136
b2254,5.072227744
b2255,5.381646527
b2256,0.4697687
b2257,4.053658427
b4544,0.59049953
b0233,3.931280968
b2258,5.361232289
b2259,6.499419412
b2260,5.040294674
b2261,1.055644198
b2262,6.520386869
b2263,5.098445986
b2264,4.997650599
b2265,5.25542033
b2266,11.90361139
b2267,7.289504303
b0234,2.912275337
b2268,4.835482814
b2269,1.582067479
b2270,3.241167301
b2271,1.464803486
b2272,4.408309139
b2273,1.725737671
b2274,3.680558048
b2275,4.522899794
b2276,7.690504204
b2277,7.845317029
b0235,1.576381119
b2278,7.824283979
b2279,7.969169377
b2280,8.724768074
b2281,7.935438478
b2282,7.459928591
b2283,7.456941708
b2284,7.716960893
b2285,8.334563504
b2286,6.813856896
b2287,7.645522363
b0236,3.136191094
b2288,7.834395781
b2289,6.993319246
b2290,6.864096352
b2291,6.568581842
b2292,6.032927463
b2293,9.931029377
b2294,10.49081576
b2295,7.456903855
b2296,8.863506958
b2297,7.574310333
b0237,8.928135324
b2298,3.18039413
b2299,6.928593192
b2300,7.15744673
b2301,6.449930483
b2302,5.272426684
b2303,7.894447968
b2304,7.367230613
b2305,4.784048785
b2306,4.473654512
b2307,4.421157175
b0238,7.700133443
b2308,5.093637707
b2309,7.019491847
b2310,5.49819051
b2311,5.5348022
b2312,4.612697004
b2313,5.872119904
b2314,7.233611028
b2315,6.431496468
b2316,8.978668252
b2317,7.309570644
b0239,5.929355314
b2318,7.20283525
b2319,4.623467961
b2320,0.563541177
b2321,5.339985995
b2322,3.962475003
b2323,10.46205052
b2324,5.457278465
b2325,7.701353704
b2326,1.572714799
b2327,7.04514738
b0240,9.737106251
b2328,6.949422014
b2329,8.233932311
b2330,7.604477143
b2331,7.372529752
b2332,6.311192068
b2333,3.062045814
b2334,2.503432581
b2335,1.270989848
b2336,2.062174643
b4661,3.628202283
b0241,2.00136252
b2339,1.164170933
b2340,7.507190851
b2341,5.378082682
b2342,5.373116265
b2343,9.854788286
b2344,3.997670554
b2345,1.689258316
b2346,7.130110949
b2347,5.807494081
b2348,2.94499327
b0025,8.751023883
b0242,8.685236654
b2349,3.418510802
b2350,6.837546977
b2351,6.583186355
b2352,4.465301006
b2353,5.518240724
b2354,4.260676318
b2355,1.778649606
b2356,1.257710463
b2357,0.735853255
b2358,0.517880143
b0243,8.657853002
b2359,3.313179545
b2360,2.929836227
b2361,1.594486881
b2362,0.627507709
b2363,4.752187472
b4545,3.517434342
b4501,5.384792621
b4643,4.71608274
b2364,3.464518554
b2365,3.065524204
b0244,7.019253993
b2366,4.50171068
b2367,2.145095758
b2368,2.221785574
b2369,8.477241881
b2370,5.013030403
b2371,2.609128351
b2372,2.488416662
b2373,2.439660264
b2374,2.513319115
b2375,2.857640326
b4626,3.681099245
b2376,4.644296816
b2377,8.291612489
b2378,8.809834712
b4680,6.459494019
b2379,10.17158066
b2380,5.335413128
b2381,6.405459235
b2382,5.569842722
b2383,2.834462338
b2384,0.314250543
b0245,4.365218008
b2385,2.236450835
b2386,2.066269124
b2387,2.058088251
b2388,8.957175772
b2389,5.599331957
b2390,8.761955443
b2392,9.537400066
b2393,6.354250431
b2394,6.019733368
b2395,4.638055319
b0246,4.227562781
b2396,2.752286119
b2397,3.655502385
b2398,7.301460105
b2399,7.02959302
b2400,7.838690082
b2401,4.693961158
b2403,4.677532666
b2404,4.072994194
b2405,5.246267267
b2406,3.493787801
b4504,3.313682414
b2407,2.282612731
b2408,3.144094948
b2409,4.080245536
b2410,6.054563246
b4546,6.363360142
b2411,6.372049902
b2412,8.46148441
b2413,6.181195124
b2414,11.92107025
b2415,11.84648933
b0247,3.625193977
b2416,10.87662536
b2417,11.8854154
b2418,7.178609803
b2419,5.241143799
b2420,6.834349231
b2421,9.633096628
b2422,10.25002169
b2423,8.943582543
b2424,7.457334128
b2425,9.241695217
b0248,5.601686335
b2426,7.122858307
b2427,3.52323768
b2428,4.481154478
b2429,4.311883881
b2430,3.16028614
b2431,7.563189845
b2432,6.383560993
b2433,5.502411493
b2434,6.154686451
b2435,5.64596465
b0249,5.31268791
b2436,5.261998714
b2437,4.043470652
b2438,5.152630139
b2439,4.602982049
b2440,5.119192507
b2441,6.837094388
b2442,5.342781858
b2443,4.559133396
b2444,2.838195645
b2445,2.957660702
b0026,9.330871203
b0250,6.734741696
b2446,3.515362404
b2447,3.006584371
b2448,4.420827313
b2449,6.210494428
b2450,7.312733194
b2451,2.169907774
b2452,2.658780482
b2453,2.19847086
b2454,1.652743619
b2455,1.889680994
b0251,4.525168614
b2456,1.839714642
b2457,5.242880855
b2458,3.051650102
b2459,2.706718653
b2460,2.820042912
b2461,3.129933605
b2462,2.193764576
b2463,7.708160175
b2464,7.473234307
b2465,7.458545582
b4627,4.292344138
b2466,6.298659475
b2467,7.122063181
b2468,3.562383629
b2469,4.72020368
b2470,4.345590575
b4606,9.69398448
b2471,6.745258081
b2472,7.434384907
b4547,7.793478419
b2473,6.367542073
b4628,1.941102632
b2474,5.046066167
b2475,7.087432028
b2476,6.171234165
b2477,8.926394325
b2478,10.38429905
b2479,7.227473272
b2480,8.894782293
b2481,0.15081968
b2482,2.202402705
b2483,1.731659477
b0252,3.246027862
b2484,1.627007837
b2485,1.955113642
b2486,3.000725576
b2487,3.030706456
b2488,3.081442874
b2489,3.080473134
b2490,2.977737494
b2491,2.712306017
b2492,4.353099201
b2493,6.92306219
b0253,4.617901432
b2494,6.994467229
b2495,9.327004536
b2496,5.689978716
b2497,4.922085962
b2498,7.787323937
b2499,0.166954259
b2500,6.03513826
b2501,6.995553209
b2502,6.842608455
b2503,3.003979275
b0254,3.860727813
b2504,7.460685163
b2505,2.487067678
b2506,3.809800875
b2507,7.213861143
b2508,6.202738955
b2509,7.459628807
b2510,6.85188791
b2511,7.432281274
b2512,8.263990472
b2513,8.40624267
b4587,5.519547529
b2514,8.575000303
b2515,8.494785249
b2516,8.252216917
b2517,6.976059243
b2518,6.026772
b2519,3.879058806
b2520,6.588701372
b2521,7.601896555
b4440,6.601793108
b2522,5.783063361
b0256,5.506949759
b2523,6.697171158
b2524,6.610400145
b2525,6.690227213
b2526,6.127380502
b2527,4.876520164
b2528,7.662780419
b2529,7.525427609
b2530,6.224096568
b2531,6.591898556
b2532,7.116105057
b4690,5.652146084
b2533,6.414865331
b2534,2.786956649
b2535,4.273978171
b2536,5.206915659
b2537,4.351194652
b4706,0.231646084
b2538,5.234366024
b2539,1.894864614
b2540,4.939154566
b2541,4.687511742
b0027,8.974330742
b0258,4.829026163
b2542,4.550639414
b2543,7.895385863
b2544,4.475532216
b2545,4.535344177
b2546,3.348266852
b2547,2.984675841
b2548,3.152838979
b2549,2.340088571
b2550,4.19317657
b2551,9.560300361
b0259,6.488010037
b2552,4.365808554
b2553,8.656690209
b2554,5.709890772
b2555,5.490653982
b2556,5.678647339
b4441,7.22095116
b2557,4.542903826
b2558,3.296756867
b2559,5.549743119
b2560,6.59793088
b0260,3.795230288
b2561,4.011840701
b2562,5.027735658
b4687,5.989978628
b4608,2.655153121
b2563,7.358179153
b2564,1.355191894
b2565,5.791461706
b2566,7.603302279
b2567,7.836522913
b2568,7.575178851
b0261,6.16267216
b2569,7.689053249
b2570,7.525593842
b2571,4.022652609
b2572,10.23772793
b2573,10.13723441
b2574,5.736987073
b2575,5.281786637
b2576,6.058089193
b2577,4.819993439
b2578,5.481505742
b0262,3.288088809
b2579,15.46417753
b2580,6.713714705
b2581,8.205573773
b2582,5.36357523
b2583,3.66166604
b2584,5.418494259
b2585,7.502869502
b2586,5.819453233
b2587,8.065606735
b2588,1.305873295
b0263,3.188863084
b2589,9.175353978
b2590,7.326317752
b2591,9.249528404
b2592,7.562535347
b4609,7.14513664
b2593,6.888083583
b2594,7.198270446
b2595,9.080121037
b2597,14.41255524
b2598,8.866261247
b4576,4.982415672
b2599,10.03877727
b2600,6.254226165
b2601,6.272719411
b2602,6.333839603
b2603,6.693309101
b2604,5.536065167
b2605,6.265498133
b2606,10.60025107
b2607,10.05911691
b2608,9.807985297
b2609,10.17414195
b2610,7.72130822
b2611,6.175792436
b4461,5.937641967
b2614,9.237876685
b2615,7.028314971
b2616,4.510523368
b2617,9.520509478
b2618,5.494214245
b2619,6.403763515
b0256,4.450131133
b2620,7.573832298
b2621,17.55003109
b2622,6.275251544
b2623,3.74250267
b2624,3.697996256
b2625,1.131314801
b2626,2.077887338
b2627,5.483472062
b2628,5.742028291
b2629,4.498334362
b4505,5.253408347
b2630,8.00213957
b2631,7.713755947
b2632,3.170315021
b2633,2.63175316
b2634,2.592728836
b2635,0.18009718
b2636,3.44310155
b2637,4.275283507
b2638,4.275375323
b2641,4.357068204
b0028,8.21808917
b0266,5.567839576
b2642,3.318274538
b4644,1.867171801
b2643,2.671110658
b2644,2.340001459
b4548,2.513241788
b2645,2.695412095
b2646,2.302842453
b4645,4.320722269
b2647,4.242058779
b2648,2.441201868
b0267,1.906935015
b2649,1.305409698
b2652,1.406794775
b4462,1.144854547
b2659,3.477024112
b2660,4.99230744
b2661,6.476485163
b2662,7.668986724
b2663,4.935404184
b2664,6.818657536
b2665,10.85478906
b0268,3.024701349
b2666,7.751180607
b2667,4.145199249
b2668,4.945325338
b2669,5.656776969
b2670,8.010969779
b2671,7.219813444
b2672,11.3560028
b2673,8.568565653
b2674,8.032435434
b2675,7.126082105
b0269,3.199591757
b2676,6.733087962
b2677,4.713370301
b2678,5.1076323
b2679,5.480567312
b2681,3.040713578
b2682,7.005168305
b2683,6.296050346
b2684,7.164070429
b2685,4.717282912
b2686,4.673863114
b0270,2.981067856
b2687,9.85942915
b4442,7.961305225
b2688,7.712159063
b2689,7.114157889
b2690,6.852943567
b2691,4.874851825
b2692,5.60144897
b2693,6.707759177
b2694,7.508811591
b2695,9.029500557
b0271,3.317736515
b2696,11.99448204
b2697,8.436248247
b2698,3.746325772
b2699,8.769094922
b2700,5.969263202
b2701,5.355523539
b2702,4.323001762
b2703,3.302811005
b2704,3.178158346
b2705,4.780083975
b0272,5.274226551
b2706,4.021921852
b2707,5.652280042
b2708,5.26547195
b2709,3.464611456
b2710,2.968773223
b2711,2.683713027
b2712,3.743906102
b2713,3.990466281
b2714,6.187761043
b2715,4.367583194
b0273,7.121607021
b2716,4.609645967
b2717,5.911948581
b2718,4.589278377
b2719,3.469589977
b2720,3.041966685
b2721,2.549755677
b2722,2.034289272
b2723,2.001300461
b2724,1.645826511
b2725,2.965914336
b4688,4.603965839
b2726,4.753607887
b2727,5.303327845
b2728,0.693512029
b2729,5.392329243
b2730,5.57350776
b2731,3.882575804
b2732,3.189036908
b2733,5.118740534
b2734,1.714757435
b2735,5.402537616
b4576,5.440572298
b2736,3.611173407
b2737,3.746007792
b2738,3.277434001
b2739,3.272850881
b2740,3.7491924
b2741,11.1639259
b2742,10.82478661
b2743,7.564306349
b2744,6.551916337
b2745,6.580635157
b0029,7.909096914
b0022,4.673564968
b2746,0.792737256
b2747,5.988918211
b2748,7.566601506
b2749,8.134910401
b2750,1.141515042
b2751,10.15638293
b2752,10.41897644
b2753,5.767853861
b2754,5.93686799
b2755,5.243310185
b0276,4.985799335
b2756,5.175929654
b2757,5.434088162
b2758,3.805812831
b2759,3.621806094
b2760,2.968613941
b2761,3.939639131
b4701,3.231059057
b2762,9.448231982
b2763,9.150795705
b2764,8.585243095
b0277,4.403451225
b2765,6.0390011
b2766,3.524131623
b2767,3.600575162
b2768,3.129349469
b2769,3.283256084
b2770,3.041263967
b2771,2.012196612
b4463,2.267603825
b2774,2.161731275
b2775,2.745795779
b0278,2.924432872
b2776,3.26042251
b2777,6.309214948
b4682,1.085422082
b2778,1.367097148
b2779,11.53896303
b2780,9.372442332
b2781,6.877093751
b2782,0.178092549
b2783,7.530291047
b2784,6.958176745
b0279,1.476519949
b2785,6.346051815
b2786,4.605999101
b2787,4.139008385
b2788,3.221917588
b2789,2.405278342
b2790,8.40481099
b2791,5.692121717
b2792,5.352169487
b4408,16.52064172
b2793,7.087884363
b0280,6.98976791
b2794,6.096202113
b2795,7.55737698
b2796,5.192342391
b2797,3.868009339
b2798,4.225630948
b2799,5.758434536
b2800,5.06729431
b2801,2.28372176
b2802,3.15445373
b2803,4.418966195
b0281,5.98365869
b2804,6.098930728
b2805,5.674709436
b2806,7.123412042
b2807,6.895000818
b2808,5.788469793
b4443,7.36285439
b2809,8.422716257
b2810,6.131297692
b2811,6.8906302
b2812,6.310802765
b2813,6.453813439
b2814,8.484382157
b2815,9.584416243
b2816,6.908218523
b2817,5.491979241
b2818,6.068460026
b2819,5.377279173
b2820,5.462670764
b2821,6.189955473
b2822,5.807326949
b0282,5.162938375
b2823,5.248246152
b2824,4.098660162
b2825,4.100463
b2826,3.117720408
b2827,7.305941097
b2828,7.045110996
b2829,7.669948958
b2830,9.123164886
b2831,5.572811357
b2832,6.089927765
b0282,4.61885923
b2833,9.242858505
b2834,8.72206347
b2835,6.01695262
b2836,5.956454594
b4444,3.63568979
b4445,3.900927211
b2837,6.413216735
b2838,5.794407379
b2839,4.177556636
b2840,7.14994073
b0030,4.20731969
b0283,4.281233718
b2841,4.816425959
b2842,5.193665158
b2843,4.054916861
b2844,5.176725695
b2845,2.886772083
b2846,3.593209181
b2847,3.639428699
b2848,2.307990178
b4683,2.185663418
b2849,1.441112487
b0284,4.13989087
b2850,1.47724029
b2851,1.171241011
b2852,0.966226389
b2853,2.490940376
b2854,1.00035024
b2855,1.018398664
b2858,1.335325965
b2859,0.939844451
b0361,4.857194529
b4272,6.430058785
b0285,3.78001053
b2862,4.347033547
b2864,3.789142291
b2865,6.36287081
b2866,3.922863676
b2867,3.317230327
b2868,4.431427736
b2869,6.515980545
b2870,1.998792248
b2871,2.901313715
b2872,2.729951946
b0286,3.613006618
b2873,2.849212996
b2874,4.240262128
b2875,4.891376865
b2876,5.021233386
b2877,4.824222539
b2878,2.872181333
b2879,1.735284862
b2880,2.920906476
b2881,3.235737637
b2882,4.0815699
b0287,10.32874656
b2883,4.029634263
b4464,4.056801475
b2886,0.413588161
b2887,2.667470702
b2888,1.595249467
b4684,1.897815734
b2889,4.563553661
b2890,8.740072289
b2891,8.786585765
b2892,6.797980254
b0288,6.055494624
b2893,7.640237197
b2894,6.809292916
b2895,7.157391688
b2896,6.580769045
b2897,8.547761167
b2898,7.988540388
b2899,11.210095
b2900,6.766906318
b2901,7.217896327
b2902,3.993670213
b0289,4.354343064
b2903,5.118222683
b2904,6.299702866
b2905,5.617718696
b2906,6.302741724
b2907,6.641490433
b2908,7.356900865
b2909,7.682172318
b2910,9.482760212
b2911,10.7336762
b2912,6.592662886
b0290,4.184565612
b4446,6.082921439
b2913,10.86942551
b2914,8.396341114
b2915,3.949902026
b2916,7.920957644
b2917,2.679478683
b2918,2.539256447
b2919,2.873393586
b2920,2.863016008
b0291,3.099417004
b2921,4.153332768
b2922,8.136077901
b2923,4.98260134
b2924,10.47459928
b2925,10.2872132
b2926,10.27026212
b2927,8.814033945
b2928,5.353730375
b2929,5.981796067
b2930,2.97369984
b0292,2.212224385
b4465,2.765219572
b2933,2.29918038
b2934,2.159818431
b2935,7.948884148
b2936,6.585226561
b2937,6.322717966
b2938,8.003411997
b2939,7.057072122
b2940,7.892401066
b2942,6.075295139
b0004,10.93826182
b0031,7.979005446
b0293,6.470587763
b2943,7.153809441
b2944,4.00530584
b2945,2.661783798
b2946,6.434749812
b2947,7.403540873
b2948,8.410899704
b2949,7.354690758
b2950,3.569745221
b2951,6.016220471
b2952,6.598906399
b0294,2.48007965
b2953,6.44862419
b2954,6.521132011
b2955,5.646825586
b2956,3.140314409
b2957,4.597480499
b2958,6.928816476
b2959,9.165472924
b2960,6.785162337
b2961,6.439760166
b2962,7.706030658
b0295,4.840956055
b2963,5.034086509
b2964,5.468859194
b2965,5.383186315
b2966,4.525743554
b2967,3.584727714
b2968,3.411650571
b2969,5.458382029
b2970,2.113556625
b2971,2.894756071
b2972,3.864194396
b4506,1.183242558
b4466,3.954906325
b2975,4.310798783
b2976,6.296355049
b2977,7.042248951
b4467,4.952159534
b4468,0.326226196
b2979,3.508339662
b2980,4.002106455
b2981,2.296753865
b0259,6.917774149
b0296,7.226325895
b2983,3.038475481
b2984,2.022889155
b2985,2.117812697
b2986,1.089997476
b2987,2.307350391
b2988,6.763565558
b2989,8.121717033
b2990,5.724733992
b2991,4.966277184
b2992,5.31957139
b4671,3.715810999
b2993,2.079941514
b2994,5.435570208
b2995,4.32264644
b2996,4.559482258
b2997,5.010220358
b2998,2.9498433
b4658,6.429941433
b3001,7.557561621
b3002,6.76931445
b3003,5.604372315
b4630,0.506883392
b3005,9.265913234
b3006,9.815234227
b3008,6.819671101
b3009,6.962385802
b3010,2.887636208
b3011,5.104752838
b3012,6.03085401
b3013,3.316034552
b3014,4.097888684
b4469,5.964807688
b0297,1.466856812
b3017,6.365518785
b3018,6.359205437
b3019,6.144908006
b3020,4.247331273
b3021,6.453047365
b3022,6.96659206
b3023,4.66107913
b3024,9.643472164
b3025,5.09735698
b3026,4.136574856
b0298,5.598765584
b3027,2.311770536
b3028,6.465613529
b3029,11.26024874
b3030,7.206443161
b3031,0.867597013
b3032,7.718252815
b3033,7.516984909
b3034,7.102057963
b3035,8.102267762
b3037,8.617763136
b1026,4.581626159
b3038,7.084063388
b3039,5.560183838
b3040,8.320852823
b3041,8.689577462
b3042,9.80879969
b3043,2.096766827
b3046,2.729330936
b4272,6.156131989
b0361,4.733886436
b3047,2.150173777
b0032,5.564440545
b0300,4.192003416
b3048,3.615470412
b3049,9.358012548
b3050,2.520357637
b3051,2.925301324
b4447,6.80101159
b4611,8.08132748
b3052,7.158399016
b3053,6.970521899
b4631,3.675330462
b3054,6.659934878
b3055,6.975988892
b3056,7.088464998
b3057,7.088824334
b3058,5.241161281
b3059,5.825480815
b3060,4.705295164
b3061,1.581371835
b3062,1.874682093
b3063,2.569812486
b0301,2.816789283
b3064,6.441308309
b3065,10.9854462
b3066,6.444523143
b3067,8.697787355
b3068,7.038292785
b3069,3.185976784
b3070,5.802039638
b3071,5.821002752
b3072,3.441300619
b3073,7.559568718
b0303,2.615690975
b3074,3.564571342
b3075,5.027059154
b3076,2.152760029
b3077,1.795895938
b3078,1.358626426
b3079,1.23290477
b3080,2.697111949
b3081,4.137648431
b3082,5.294925407
b3083,3.750125434
b0304,4.374878116
b3084,4.968647384
b3085,3.975626426
b3086,2.420356796
b3087,7.498456653
b3088,3.763030796
b3089,9.819664127
b3090,4.50762403
b3091,5.409173059
b3092,5.777430989
b3093,4.455178583
b0305,2.232572486
b3094,8.193715316
b3095,6.953154544
b3096,6.523356258
b3097,9.074857931
b3098,10.59552557
b3099,9.97977223
b3100,9.458749637
b3101,4.088963153
b3102,5.530009936
b3103,8.236651577
b0306,4.341211354
b3104,3.235921505
b3105,6.783928804
b3106,4.30297161
b3107,8.127617663
b4470,5.393071008
b3110,4.768174738
b4471,3.463674799
b3113,3.719388281
b3114,2.719973563
b3115,2.072087318
b0307,4.41878552
b3116,3.590296433
b3117,1.605010696
b3118,3.163708625
b3119,0.665562102
b3120,1.287624697
b3121,0.816176418
b3123,15.30495779
b3124,4.313129373
b3125,4.769654351
b3126,2.725937787
b0308,4.5087733
b3127,1.414364421
b3128,4.692891369
b3129,1.846187615
b3130,6.94996759
b3131,7.419247897
b3132,2.477661963
b3133,2.914339141
b3134,2.814769477
b3135,3.65092371
b3136,2.717323998
b0310,1.474799141
b3137,1.762048847
b3138,1.647330054
b3139,1.568865248
b3140,2.488930896
b3141,2.594048091
b3142,3.399813223
b3143,2.229598574
b3144,4.260057843
b3145,4.150954078
b3146,5.709211407
b0033,5.826104857
b0311,5.336927822
b3147,6.703421701
b3148,6.411859472
b3149,7.379415614
b3150,7.587639245
b3151,5.123959675
b3152,5.400677648
b3153,5.740866108
b3154,5.377113862
b3155,5.331248538
b3156,7.508109117
b0312,5.760129558
b3157,8.886081909
b3158,4.247623539
b3159,4.478765822
b3160,5.078420944
b3161,4.52108244
b3162,9.728066121
b4685,8.973337716
b3163,9.87756395
b3164,9.840919519
b4449,6.727352256
b0313,5.866179193
b3165,10.60824911
b3166,6.512412372
b3167,7.497697808
b3168,8.950108812
b3169,8.917206102
b3170,8.755445954
b3171,6.416546071
b3172,7.14743193
b3173,3.106508249
b3174,6.677654283
b0314,4.856274672
b3175,10.07757277
b3176,8.387138109
b3177,7.022317384
b3178,9.567067722
b3179,9.470116832
b3180,9.707935052
b3181,8.428959648
b3182,5.217361261
b3183,7.759276569
b3184,6.938589734
b0315,4.772796912
b3185,10.84772665
b3186,11.24107978
b3187,8.049599765
b3188,6.055246285
b3189,7.640258264
b3190,7.724375752
b3191,0.201589233
b3192,8.394048671
b3193,8.143066724
b3194,7.479021739
b0316,5.319646178
b3195,7.303515396
b3196,5.538126414
b3197,6.869989498
b3198,7.796201845
b3199,7.49522687
b3200,8.209638533
b3201,7.836313854
b3202,8.482175257
b3203,9.417627149
b3204,8.275390518
b0317,2.59476006
b3205,7.760398861
b3206,6.899154299
b3207,9.141022927
b3208,5.311389381
b3209,6.83244527
b4450,5.801881798
b3210,6.311998159
b3211,3.620051752
b3212,9.368026559
b3213,9.658166832
b0318,4.270117512
b3214,4.363242849
b3215,2.827581367
b3216,3.859441249
b4569,3.712095257
b0259,1.545046935
b3219,4.704820221
b3220,5.027545918
b3221,5.501960444
b3222,4.175875646
b3223,4.161775018
b0319,1.75287544
b3224,3.518367052
b3225,4.412486102
b3226,6.736332608
b3227,2.478851391
b3228,7.603202836
b3229,8.264324646
b3230,10.41834777
b3231,9.762682567
b3232,5.773389043
b3233,10.81440078
b0320,0.679488735
b3234,6.226344799
b3235,6.062278323
b3236,9.6892645
b3237,8.122621549
b3238,5.340411949
b3239,7.012281478
b3240,3.581981611
b3241,4.321878546
b3242,5.581269446
b3243,5.55233241
b0034,7.157492863
b0321,2.197659404
b3244,8.344385635
b4472,5.267402555
b3247,6.583609592
b3248,7.278131655
b3249,1.026305487
b3250,6.525296848
b3251,8.558619196
b3252,5.908260515
b3253,7.169466026
b4697,5.369834682
b0323,2.574978402
b4646,3.96760838
b3255,7.874409155
b3256,7.343453583
b3257,4.863988757
b3258,4.608643748
b3259,6.260865359
b3260,8.02970007
b3261,8.297978974
b3262,2.49850583
b3263,3.498533622
b0324,4.562983811
b3264,1.464671058
b3265,2.31676192
b3266,3.53808941
b3267,6.58818684
b3268,5.14791629
b3269,3.163043453
b3270,2.900680903
b3271,4.018417663
b3272,0.675149278
b3273,0.304802695
b0325,7.431630583
b3274,1.136724304
b3275,9.208283036
b3276,4.071427906
b3277,5.318932665
b3278,8.973695395
b3279,8.973279464
b3280,8.084152484
b3281,7.840962541
b3282,8.237676941
b3283,8.866891511
b0326,1.331191483
b3284,9.871574075
b4473,7.43701869
b3287,8.959003439
b3288,7.516784574
b3289,6.641818799
b3290,6.309714697
b3291,10.55639062
b4550,5.610537126
b3292,6.861986279
b3293,7.069565413
b0327,4.68003587
b3294,10.64525109
b3295,10.87933112
b3296,11.39215064
b3297,10.9903549
b3298,11.44490199
b3299,11.29720267
b3300,10.95830176
b3301,11.6926313
b3302,10.65041648
b3303,11.05248672
b0328,5.22346776
b3304,10.59765261
b3305,10.77789687
b3306,10.93558343
b3307,11.1139612
b3308,10.84757851
b3309,11.50633794
b3310,11.86581082
b3311,10.59537934
b3312,10.0627061
b3313,10.4819914
b0329,10.97837316
b3314,10.20183387
b3315,10.42027566
b3316,10.00987872
b3317,10.05587106
b3318,10.63391603
b3319,10.2693328
b3320,10.68699706
b3321,10.34506484
b3322,4.569948475
b3323,2.914022371
b0330,2.769865299
b3324,2.779958031
b3325,3.561990742
b3326,2.232654781
b3327,3.232055141
b3328,2.193881098
b3329,1.955298051
b3330,2.407174696
b3331,3.279773456
b3332,3.277264745
b3333,4.318692141
b0331,2.158448268
b3334,0.848418671
b3335,4.621493809
b3336,8.534953585
b3337,9.618340319
b3338,4.281837683
b3339,12.03766437
b3340,10.75616237
b3341,10.27661412
b3342,10.52362065
b3343,6.271409363
b0035,3.53638143
b0333,1.808853376
b3344,6.764659208
b3345,6.194537504
b3346,7.206984224
b3347,9.438127786
b3348,6.490602421
b3349,10.64314456
b4551,7.282223919
b3350,4.96902845
b3351,5.427830084
b3352,6.213709537
b0334,1.847100044
b3353,5.635316706
b3354,6.914758105
b3355,7.104787978
b3356,9.585411976
b3357,9.73760164
b3358,5.646741884
b3359,5.818821948
b3360,4.797535651
b3361,6.799467185
b3362,7.242027457
b0335,2.703697535
b3363,7.176919004
b3364,4.279689965
b3365,8.433475126
b3366,9.341383515
b3367,7.803006397
b3368,7.55429016
b3369,5.247021586
b3370,1.42729994
b3371,2.520934344
b4474,3.105274316
b0336,5.138737014
b3374,3.848219849
b3375,5.588216578
b3376,3.410784778
b3377,3.24733339
b3378,3.943553403
b3379,3.532344921
b3380,3.004547165
b3381,2.018219546
b3382,4.791759747
b3383,5.465652206
b0337,6.075901082
b3384,7.952878969
b3385,7.151301603
b3386,7.537923771
b3387,6.738861616
b3388,7.901982378
b3389,8.600222914
b3390,8.830036356
b3391,3.254054179
b3392,2.643760981
b3393,2.374212698
b0338,3.502688774
b3394,0.568331151
b3395,3.672089185
b3396,5.222326454
b3397,6.504516809
b3398,5.615015774
b3399,6.041996185
b3400,6.442123673
b3401,6.395113253
b3402,4.240366921
b3403,8.095848598
b0339,3.693320288
b3404,5.860103296
b3405,7.67507418
b3406,5.61879322
b3407,6.101694064
b3408,10.70969828
b3409,9.977550152
b3410,10.13418806
b3411,4.219261499
b3412,5.493420207
b3413,5.570029868
b0340,3.311010772
b3414,6.514616934
b3415,5.369274103
b3416,7.307455343
b3417,7.541352869
b3418,8.097688244
b4475,5.223941356
b3421,4.448725618
b3422,3.09359353
b3423,5.950884546
b3424,6.241505182
b0341,3.225511507
b3425,6.126122059
b3426,3.947805625
b3427,5.073271846
b3428,8.162329116
b3429,5.931814603
b3430,8.675901837
b3431,7.738119761
b3432,8.467257358
b3433,11.31982581
b3434,4.862704635
b0342,3.121734989
b4476,3.842026168
b3437,3.915854246
b3438,6.414617157
b3439,7.117916087
b3440,7.884278852
b4451,5.252711723
b3441,7.161720941
b3442,0.77603621
b3443,1.431391291
b3293,3.975892014
b0036,3.129747272
b0343,2.746779106
b4576,4.663365831
b3446,3.619565534
b3447,6.27834892
b3448,6.469802856
b3449,5.630389656
b3450,5.235704512
b3451,2.921098472
b3452,2.441604749
b3453,3.90071207
b3454,7.115464906
b0344,2.351087649
b3455,6.93406293
b3456,7.15078732
b3457,6.846728075
b3458,7.46079755
b3459,5.898738359
b3460,11.3536706
b3461,8.008696878
b3462,6.720851271
b3463,7.27498521
b3464,6.950305246
b0345,5.955800523
b3465,6.401302835
b3466,5.922805884
b3467,5.289900131
b3468,6.453989337
b3469,4.124801123
b3470,6.918021909
b3471,4.648118805
b3472,8.786760369
b3473,6.228432369
b3474,5.169810143
b0346,3.287126551
b3475,6.249537307
b3476,1.955305539
b3477,1.576986042
b3478,0.404676898
b3479,2.366771924
b3480,3.131957382
b3481,7.081608725
b3482,2.929829426
b3483,3.10287503
b4552,3.027756345
b0347,1.401884291
b3484,1.803173831
b3485,5.000544552
b3486,4.043049351
b3487,5.784844999
b3488,2.06519496
b4660,1.169204462
b3491,3.438275282
b3492,5.013640177
b3493,6.879466799
b3494,7.256424143
b0348,1.482374803
b3495,11.23187372
b3496,4.971619332
b3497,5.688344739
b3498,6.966255618
b3499,5.957899797
b3500,7.152270739
b4613,6.339510524
b4712,4.776968735
b4713,1.663578628
b3501,3.588994678
b0349,6.006075353
b3502,3.02754724
b3503,4.838729548
b3504,1.149370991
b0259,1.824171547
b3506,7.769453514
b3507,3.983574327
b3508,4.641430581
b3509,10.12440511
b3510,11.95130347
b3511,8.740151327
b0350,6.828656305
b4704,7.362296827
b3512,6.095447297
b3513,3.549454019
b3514,3.957907751
b3515,6.468523728
b4452,6.516349767
b3516,6.946440081
b3517,7.055297266
b3518,4.337689288
b3519,5.415995112
b0351,6.341681226
b3520,5.155936235
b3521,3.543313216
b3522,5.599399264
b3523,8.652851862
b3524,5.707392871
b3525,3.088375932
b3526,5.901252457
b3527,5.831209796
b3528,5.871790117
b3529,5.230544737
b0352,6.708279101
b3530,4.490486803
b3531,3.647249953
b3532,3.526040456
b3533,3.305356941
b3534,6.02938233
b3535,8.126879771
b3536,7.661211732
b3537,6.638881396
b3538,6.469333817
b4453,5.908111211
b0037,3.648795325
b0353,5.861236109
b4454,4.998085016
b3539,5.472281402
b3540,7.299166318
b3541,7.612992962
b3542,7.478876604
b3543,7.339818807
b3544,10.19847321
b3545,3.915825123
b3546,5.991706011
b3547,4.598146315
b0354,7.748802532
b3548,6.471809804
b3549,7.332950542
b3550,6.225164318
b3551,5.92016374
b3552,4.743256253
b3553,8.146499304
b3554,8.921426946
b3555,9.216709581
b3556,15.39532762
b4647,1.175588885
b0355,4.741983757
b4455,3.239199521
b3557,4.03017252
b3558,2.806947594
b4614,3.455354604
b3559,8.367958873
b3560,8.520495448
b4553,5.349203571
b3561,4.131920046
b3562,3.667000653
b3563,3.320459782
b0356,5.352512824
b3564,4.207554115
b3565,3.971176028
b3566,2.825143947
b3567,4.009854568
b3568,3.59717728
b3569,4.29826183
b3570,5.634911439
b3571,4.580415881
b3572,7.826511244
b3573,6.193530979
b0357,5.638225637
b3574,6.121221298
b3575,1.954430573
b3576,0.924869143
b3577,0.896573317
b3578,1.673092396
b3579,1.018980975
b3580,2.027058076
b3581,2.21507708
b3582,2.337112831
b3583,3.032035905
b0358,3.519476338
b4648,1.443693416
b4649,2.321283677
b3584,3.194273738
b3585,3.771635633
b3586,2.47768213
b3587,1.650494426
b3588,5.497531484
b3589,2.036808581
b3590,6.15845481
b3591,6.258029362
b4579,2.461036103
b3592,7.073996462
b3593,3.519603112
b3594,4.293277858
b3595,4.035695031
b3596,2.508194649
b4650,2.689792442
b4651,1.824733606
b4615,0.905315618
b4652,2.486834849
b3597,3.970104474
b4272,6.354422222
b3598,5.082868482
b3599,5.62255768
b3600,6.800674396
b3601,7.104286358
b4554,8.806510766
b3602,7.663010557
b3603,3.090461008
b3604,3.966736601
b3605,4.827510748
b3606,5.210578616
b0361,5.438379406
b3607,6.532329932
b3608,1.430258206
b3609,9.279929985
b3610,8.495557451
b3611,7.844453862
b3612,8.852669672
b3613,6.174507213
b3614,4.810772291
b3615,2.522432579
b3616,6.013742646
b0363,3.211363525
b3617,6.085164688
b3618,4.853447764
b3619,7.450787602
b3620,6.62068205
b3621,5.885735954
b3622,5.314637738
b3623,5.635309861
b3624,5.233060491
b3625,5.5154019
b3626,5.948503345
b0038,3.103747582
b0364,1.281733433
b3627,4.364644013
b3628,6.141053812
b3629,6.144578783
b3630,6.231300127
b3631,6.68597795
b3632,7.104656342
b3633,5.706879539
b3634,5.567750739
b3635,4.398173791
b3636,10.24988612
b0365,3.410677118
b3637,10.66933527
b3638,6.393049061
b3639,6.357837912
b3640,7.13725351
b3641,6.146105959
b3642,3.140983392
b3643,5.799853391
b3644,7.433479151
b3645,4.268552484
b3646,3.359418953
b0366,3.443323408
b3647,3.481432758
b3648,8.515282515
b3649,10.21639735
b3650,7.221128066
b3651,5.506641668
b3652,4.653151982
b3653,5.851295302
b3654,3.853324382
b3655,7.734252845
b3656,3.694434551
b0367,3.737436895
b3657,2.654390516
b3658,2.682738902
b4653,1.983492221
b3659,2.012161216
b3660,6.261661882
b3661,8.781658211
b4555,4.760908217
b3662,4.388259135
b3663,5.241099324
b3664,2.431222297
b0368,4.493574495
b3665,4.041472732
b3666,3.441308823
b3667,3.87423943
b3668,0.160288735
b3669,7.123087012
b3670,7.971559419
b3671,7.944192155
b3672,9.771030939
b4616,2.506414218
b4618,8.70462894
b0369,7.273663478
b3673,2.773980028
b3674,6.212068848
b3675,4.704379722
b3676,5.635845326
b3677,5.751394751
b3678,3.017124649
b3679,1.847902156
b3680,3.743002229
b3681,2.92011465
b3682,1.910805439
b4580,3.914989668
b3684,2.385954105
b3685,5.922080286
b3686,4.013869759
b3687,6.770086324
b3688,8.317043586
b3689,6.009060044
b3690,2.645682167
b3691,2.65315139
b4478,3.347528728
b4477,3.014001854
b1026,4.62229329
b3693,3.612512498
b4479,4.636991806
b3696,4.956999394
b3697,7.801606278
b3698,5.565964116
b3699,7.623810188
b3700,0.261147281
b3701,7.273298304
b3702,7.836065333
b3703,10.01765926
b0298,5.162119644
b3704,7.955441267
b4557,6.875581204
b3705,7.563220226
b3706,5.381615598
b3707,4.402069625
b3708,4.253717689
b3709,2.939174383
b3710,3.179134458
b3711,4.799326738
b3712,6.21833494
b0375,2.567972469
b3713,7.655116212
b3714,6.441696873
b3715,5.10143561
b3716,5.419383495
b3717,5.537288415
b3718,3.897770648
b3719,2.538500414
b3720,1.885172937
b3721,1.84993547
b3722,3.78369825
b0039,3.722259734
b0376,6.110067027
b3723,0.993961577
b3724,6.892713194
b3725,6.404476831
b3726,5.300117956
b3727,4.812400589
b3728,4.755363639
b3729,7.752167221
b3730,7.856207058
b3731,9.896274879
b3732,9.958955554
b0377,6.135443586
b3733,9.148390446
b3734,9.282067391
b3735,9.563568433
b3736,10.05695006
b3737,10.84880416
b3738,9.157814334
b3739,7.995894477
b3740,6.300983608
b3741,6.813060954
b3742,7.247542766
b0378,6.330971961
b3743,4.443616035
b3744,7.96947187
b3745,5.480772919
b3746,5.872001603
b3747,4.953748964
b3748,9.286321848
b3749,6.024519853
b3750,6.766650741
b3751,7.900611048
b3752,6.411970479
b0379,6.167648129
b3753,4.579717378
b3754,4.685066511
b3755,7.278485687
b3756,9.666297009
b3757,4.786419769
b3758,11.06571437
b3759,2.969120301
b3760,5.75431291
b3761,6.148237756
b4480,7.379001756
b0380,6.581003214
b3764,9.255823876
b3765,3.8511962
b3766,12.16915677
b4669,13.14508401
b4488,11.88513622
b3769,10.192371
b3770,11.30873052
b3771,10.18155538
b3772,9.435181857
b3773,5.221456175
b0381,7.280739473
b3774,10.86175574
b3775,7.62029315
b3777,6.484571133
b3778,5.292395723
b3779,7.698990639
b3780,8.862486082
b3781,11.45990547
b3783,9.434290474
b3784,7.059075656
b3785,6.862209442
b0382,9.447432642
b3786,6.111245256
b3787,6.300811478
b3788,5.946946234
b3789,6.017237628
b3790,5.61216138
b3791,6.060892609
b3792,5.673061163
b4481,5.712630271
b3793,5.101826746
b3794,5.953211412
b0383,6.064555899
b3795,5.767132106
b3796,7.817882524
b3797,7.207430164
b3798,7.577829359
b3799,3.145097125
b3800,2.576116378
b3801,3.492865607
b4456,8.156885005
b3802,7.30267996
b3803,6.962294503
b0384,6.118778109
b3804,6.757301989
b3805,7.62147422
b3806,7.906329004
b3807,7.156021766
b4558,8.639479129
b3809,8.192413627
b3810,7.567465633
b3811,7.247095434
b3812,6.288792786
b3813,7.21759078
b0385,2.804035704
b4482,2.99357643
b3816,6.984921625
b3817,3.783340052
b3818,1.937112923
b3819,4.498649037
b3820,4.162332284
b3821,5.558091394
b3822,5.035387452
b3823,8.653402576
b3824,8.327343893
b0040,2.065060144
b0386,6.509819893
b3825,6.334667421
b3826,6.538264626
b3827,4.884529002
b3828,4.401288189
b3829,8.887289441
b3830,7.829674162
b3831,9.66864277
b3832,5.320294879
b3833,7.888983774
b3834,7.092988422
b0387,7.144585757
b4707,0.061116744
b3835,5.971243193
b3836,9.777832719
b3838,7.877795764
b3839,6.483170032
b4483,5.121551889
b3842,6.000890303
b3843,7.306078296
b3844,8.179494037
b3845,4.347069411
b0388,6.283556422
b3846,3.356265293
b3847,8.005821828
b3848,6.883500426
b3849,6.265005891
b3850,6.708031877
b3851,10.48643058
b3852,5.34948419
b3853,3.998484506
b3854,10.4952581
b3855,0.543443633
b0389,7.696813688
b3856,5.571352189
b3857,6.379423917
b3858,9.938774594
b3859,7.431254482
b3860,8.337788869
b3861,2.903800736
b3862,4.01415621
b3863,7.124156846
b3864,6.113892366
b3865,7.408954019
b0390,6.002625312
b4457,13.06558507
b3866,8.584960286
b3867,6.362603764
b4686,9.181340328
b3868,6.056369657
b3869,6.242230369
b3870,9.48881159
b3871,8.217887867
b3872,5.567362068
b3873,4.4254819
b0391,10.0966548
b3874,3.252275333
b3875,1.166950026
b3876,2.576228643
b3877,2.469532647
b3878,2.322694958
b3879,2.313239099
b3880,3.807497405
b3881,3.370223047
b3882,2.828469082
b3883,4.077571959
b0392,6.154433169
b3884,5.550823697
b3885,7.941611319
b3886,5.997226519
b3887,9.064431938
b3888,7.8309587
b3889,1.398018095
b3890,5.819822172
b3891,7.134966295
b3892,6.217148253
b3893,3.837399007
b0393,6.312444264
b3894,4.797208329
b3895,5.951751092
b3896,1.958245695
b3897,2.086122598
b3898,3.029838835
b3899,2.051819161
b3900,1.911856331
b3901,2.953727357
b3902,1.311090789
b3905,2.566429353
b0394,5.758054549
b3906,3.232112878
b3907,3.063178686
b3908,9.00259721
b3909,3.555249586
b3910,7.229393328
b3911,6.731846217
b3912,7.738870736
b4484,6.909729639
b3915,7.76609156
b3916,10.24844402
b0396,5.555734075
b3917,6.878614669
b3918,3.798504703
b3919,10.02180538
b3920,5.102316341
b3921,5.936307684
b3922,8.336853882
b3923,8.28703847
b3924,6.574207859
b3925,5.610884627
b3926,5.417010587
b0005,7.685455707
b0041,1.371180519
b0397,4.15033082
b3927,5.186374157
b3928,11.27848481
b3929,10.03151671
b3930,5.279082308
b3931,7.320337262
b3932,7.495954607
b3933,7.051041274
b3934,6.487553002
b3935,4.675343228
b3936,11.10630306
b0398,4.711310799
b3937,3.760416892
b3938,6.929562609
b3939,5.764942509
b3940,5.927346718
b3941,5.565631349
b3942,7.700881619
b3943,5.080573941
b3944,2.448265169
b3945,7.549973241
b3946,4.275140523
b0399,4.693697766
b3947,2.080493814
b3949,2.405823072
b3950,3.422528349
b3951,2.918527726
b3952,3.447893165
b3953,4.01756582
b3954,4.488315945
b3955,6.053624987
b3956,9.517548995
b3957,6.508746232
b0400,4.396521367
b3958,5.814408294
b3959,5.445419882
b3960,6.014671252
b4458,2.779326278
b3961,8.128823383
b3962,5.029623193
b3963,0.184907352
b3964,8.680309308
b3965,6.591160245
b3966,6.837813629
b0401,7.471435114
b3967,6.126679897
b3968,11.0381251
b3969,7.191434315
b3970,10.63706661
b3971,1.366090183
b3972,6.676898902
b3973,6.597864965
b3974,6.40697603
b3976,7.746760379
b3977,7.650649913
b0402,6.688325419
b3978,7.904421174
b3979,6.854790644
b3980,10.85035749
b3981,9.929074618
b3982,9.277103134
b3983,9.534781963
b3984,9.745258773
b3985,10.50852166
b3986,11.67068008
b3987,9.527133079
b0403,6.337635004
b3988,9.562647577
b3989,5.141202473
b4691,7.214086468
b3990,8.006929963
b3991,8.220780255
b4407,8.039341903
b3992,7.683218919
b3993,3.350668659
b3994,7.825981699
b3995,7.306598036
b0404,5.208209762
b3996,6.37361602
b3997,6.956611605
b3998,6.235988247
b3999,6.912942079
b4000,12.19652534
b4001,6.103149175
b4002,2.562380698
b4003,3.503893989
b4004,4.203654513
b4005,4.777670916
b0405,5.957566854
b4006,4.382551016
b4007,8.012044257
b4008,6.343695524
b4009,8.883778132
b4010,1.092777926
b4011,3.111704439
b4012,4.433399696
b4013,5.041541819
b4014,11.0453113
b4015,11.50928815
b0406,7.524268222
b4016,8.565180754
b4017,3.440657596
b4018,6.315964621
b4019,7.94572469
b4020,4.559898082
b4021,6.593358122
b4022,7.390314372
b4023,9.103349078
b4024,7.743167187
b4025,8.12485275
b0042,1.66351087
b0407,10.50312256
b4026,8.540686181
b4027,1.583716231
b4028,0.478198382
b4029,2.698565653
b4620,4.320750228
b4030,8.24608866
b4031,4.956123535
b4032,5.755621996
b4033,5.638421016
b4034,8.08702898
b0408,7.794337581
b4035,6.883741023
b4036,6.831104959
b4037,6.422972302
b4038,1.69332214
b4039,6.194135266
b4040,5.928187213
b4041,6.6489439
b4042,6.897728269
b4043,9.775121053
b4044,4.499027267
b0409,8.281144925
b4045,7.616650028
b4046,6.669790464
b4047,1.060168208
b4048,2.826084233
b4049,5.891144742
b4050,6.411653282
b4051,8.160005474
b4052,6.643154631
b4053,6.587880087
b4054,8.460383778
b0410,8.803083091
b4621,1.31095434
b4055,6.224846866
b4056,8.033229393
b4057,8.004502126
b4058,6.582748042
b4059,8.941137985
b4060,6.762246741
b4061,3.863099884
b4062,6.25059661
b4063,4.504197339
b0411,8.065353709
b4459,2.425352149
b4064,4.437427814
b4065,6.590218921
b4066,1.075135796
b4067,3.759743673
b4068,3.330081265
b4069,5.067165073
b4070,2.912088745
b4071,2.800795643
b4072,2.84891641
b0412,5.426313867
b4073,3.070083246
b4074,2.526552771
b4075,2.835208853
b4076,2.435805978
b4077,7.102798374
b4078,6.691689974
b4079,4.877273106
b4080,1.891210103
b4081,2.461883266
b4082,2.924106919
b0413,7.351881446
b4622,1.425617064
b4083,1.237593857
b4084,3.825558734
b4085,3.41589455
b4086,3.201622469
b4087,2.460627825
b4088,3.551881138
b4089,6.494124248
b4090,5.331495873
b4487,6.226028202
b0414,6.851377439
b4092,4.376560334
b4093,4.640370767
b4094,2.129293011
b4095,1.840991751
b4096,3.142990645
b4097,1.60553459
b4098,1.40469788
b4099,1.428985639
b4100,1.582463517
b4101,1.795919039
b0415,8.337096775
b4102,1.686537038
b4583,2.127710098
b4105,1.233225292
b4106,1.213835262
b4107,5.973326079
b4108,5.986158952
b4109,5.902588417
b4110,5.206267967
b4111,8.684708364
b4703,6.303422231
b0416,8.098850867
b4112,5.3644133
b4113,6.494521234
b4114,3.018073921
b4115,3.068656012
b4116,4.326153115
b4117,3.329712257
b4118,5.743641051
b4119,4.233656753
b4120,4.541805475
b4121,5.975456459
b0043,1.831832838
b0417,4.879697227
b4122,3.809990903
b4123,4.483594031
b4124,5.489181188
b4125,4.934269064
b4126,7.766882021
b4127,7.812719277
b4128,3.319729996
b4559,2.592814461
b4129,5.652656551
b4130,3.388130417
b0418,7.842735344
b4131,2.30473865
b4132,1.330893143
b4133,4.221211449
b4654,1.462061719
b4134,3.276083101
b4135,7.10262641
b4136,5.321923957
b4137,6.656167211
b4138,7.950293508
b4139,7.933299195
b0419,7.622184105
b4140,6.861436369
b4141,7.208991995
b4142,9.041232609
b4143,8.449395467
b4144,10.75137891
b4145,5.467616019
b4146,6.166473976
b4147,8.302356551
b4410,5.190777182
b4411,9.257877992
b0420,6.538162143
b4148,7.277933715
b4149,6.730788146
b4150,4.096364131
b4151,7.912170527
b4152,7.264993807
b4153,6.8106576
b4154,7.179440608
b4155,5.10259246
b4156,3.693288765
b4157,3.65132597
b0421,6.89863997
b4158,4.104897692
b4159,4.950366323
b4160,7.441753123
b4161,7.595803425
b4162,7.017204096
b4163,7.729046066
b4164,7.817237981
b4165,6.524449008
b4670,3.48231157
b4166,5.221677655
b0422,7.247237943
b4167,5.760852429
b4168,6.643064311
b4169,6.536675058
b4170,6.085702488
b4171,8.906273229
b4172,10.64242853
b4173,8.519818193
b4174,9.026685189
b4175,8.687491733
b4176,5.133457218
b0423,5.932028051
b4177,11.12476001
b4178,7.97208446
b4179,8.091019694
b4180,7.394661431
b4181,1.383747147
b4182,2.504477795
b4183,1.824473525
b4184,2.17617855
b4185,1.952830705
b4186,2.409294025
b0424,7.263292715
b4187,5.777404635
b4188,6.181016968
b4189,7.05045536
b4190,7.088001398
b4191,5.15761848
b4192,3.322247881
b4193,1.786796032
b4194,2.784247539
b4195,3.387662695
b4196,4.27489469
b0425,6.500801371
b4197,1.295902232
b4198,3.896822395
b4199,6.061310583
b4200,10.19535579
b4201,9.170507687
b4202,9.463698338
b4203,9.926089294
b4204,2.332378557
b4205,3.217272818
b4206,7.125176332
b0426,9.240952623
b4207,8.285327705
b4208,7.87267025
b4209,4.35331255
b4210,3.601525509
b4211,5.072965681
b4212,4.912684269
b4213,5.937767559
b4214,7.933367069
b4215,2.281938807
b4216,5.911531799
b0044,1.382624664
b0427,4.223048608
b4217,8.322786474
b4218,5.59394202
b4219,8.161372504
b4220,5.970169633
b4221,6.571654893
b4222,8.572936055
b4224,6.512569496
b4225,6.288547942
b4226,10.58663228
b4227,5.283698816
b0428,9.249270267
b4485,3.534828859
b4230,3.812399226
b4231,4.315397741
b4232,7.069021291
b4233,7.148238238
b4234,7.713730439
b4235,7.407708463
b4236,7.00827924
b4237,4.873453956
b4238,5.682541503
b0429,8.89287119
b4239,3.501291596
b4240,4.916881676
b4241,4.775265959
b4702,5.194782635
b4242,4.562586059
b4243,9.77212426
b4244,9.825203995
b4245,8.592170214
b4246,5.219836815
b4248,4.980306246
b0430,7.521200292
b4249,3.455413528
b4251,5.138380097
b4252,13.82509081
b4253,5.772491412
b4254,5.956957926
b4255,11.21323149
b4256,8.042424372
b4257,2.087875017
b4258,7.888826306
b4259,6.647381591
b0431,7.366265883
b4260,7.465633019
b4261,0.258354697
b4262,6.981062991
b4263,5.974911305
b4264,5.483363759
b4265,5.155037968
b4266,3.92755782
b4267,3.641784108
b4268,3.195345609
b4269,7.144370398
b0432,7.970292666
b4270,3.698043419
b4271,6.12974191
b4272,6.477681999
b0361,5.191572199
b4575,4.831335666
b4277,3.06465324
b4278,4.686733176
b4279,3.326258602
b4280,4.656049812
b4655,4.157466356
b0433,5.043106044
b4281,5.278743289
b4282,3.899259851
b4623,3.922362537
b0256,4.658823547
b4561,2.725982574
b4286,3.427287282
b4287,4.478933935
b4288,4.253406091
b4289,4.101392085
b4290,5.619084008
b0434,7.505023753
b4291,5.82669283
b4292,7.182555977
b4293,8.327573095
b4576,4.351706676
b4295,6.692384396
b4296,3.873241423
b4297,4.994392018
b4298,4.068504069
b4299,3.88723154
b0435,10.52720275
b4300,3.972678644
b4301,3.685745768
b4302,4.242193639
b4624,4.291443339
b4303,5.674669411
b4304,3.686915781
b4565,3.884183145
b4305,4.5193311
b4656,8.085982568
b4306,3.461384364
b0436,9.507385917
b4307,3.52440726
b4566,7.364744805
b4657,5.302573775
b4308,3.786569265
b4309,3.690602799
b4310,4.855184217
b4311,3.028598602
b4312,8.305289143
b4313,4.532830636
b4314,12.64912188
b0045,1.986302076
b0437,9.525156753
b4315,9.636429953
b4316,8.053493504
b4317,6.673706305
b4318,6.364395586
b4319,6.102398899
b4320,5.872356106
b4321,3.122573849
b4322,4.478530032
b4323,4.492615907
b4324,5.864363771
b0438,9.376449683
b4325,1.514961582
b4326,4.276771519
b4327,4.718442029
b4328,5.211520192
b4329,4.620048882
b4330,2.516367186
b4331,5.328951252
b4332,4.044851072
b4333,4.042413968
b4334,4.385047755
b0439,8.392726154
b4335,5.06254656
b4336,4.908318227
b4337,5.729915307
b4584,5.839017548
b4340,4.51132263
b4341,3.33701767
b4342,5.962155022
b4486,5.247183336
b4345,0.150348048
b4346,3.016659908
b0440,13.13547007
b4347,3.847508724
b4625,3.360345429
b4348,4.129005292
b4349,5.318670706
b4350,4.145870304
b4351,5.51715511
b4352,5.922797286
b4353,5.644036426
b4354,3.895105202
b4355,3.981004827
b0441,8.339061245
b4356,4.075185697
b4357,5.565060225
b4358,2.052328403
b4359,4.695146767
b4360,6.591402113
b4361,6.233648934
b4362,6.0451528
b4363,2.914360828
b4364,4.547713049
b4365,1.851587359
b0442,5.090295116
b4366,6.624809377
b4367,10.11594457
b4567,10.4632895
b4368,8.756497336
b4369,8.682039695
b4370,8.00513839
b4371,5.756192679
b4372,5.352939759
b4373,5.509725905
b4374,5.808597659
b0443,6.322030159
b4375,6.682697207
b4376,9.211531215
b4568,11.06123284
b4377,6.479110651
b4378,6.007951395
b4379,4.091012246
b4380,4.527019637
b4381,7.179928745
b4382,6.22494577
b4383,7.549193216
b0444,7.065836597
b4384,7.675593276
b4385,4.783479938
b4386,5.44468896
b4387,5.98949589
b4388,6.515516904
b4389,6.360294727
b4390,6.178006193
b4391,7.834025929
b4392,6.052980073
b4393,5.310713804
b0445,5.98281583
b4394,6.452022953
b4395,7.057131221
b4396,7.647299319
b4397,6.804254137
b4398,4.088802481
b4399,4.804505977
b4400,4.534042702
b4401,8.497950879
b4402,8.66038333
b4403,5.109984893
b0446,6.394556462
b0046,4.628614345
b0447,5.594514457
b0448,4.959852422
b0449,4.833242019
b0450,4.460688667
b0451,5.212915685
b0452,6.517476957
b0453,7.940079309
b0454,7.186668589
b0455,3.351609573
b0456,6.790237718
b0047,4.943588337
b0457,5.16105371
b0458,6.210095759
b0459,5.865495474
b0460,8.549461634
b0461,7.894823905
b0462,8.233673469
b0463,8.125505504
b0464,6.736007498
b0465,5.95287799
b0466,5.825433818
b0048,6.4227793
b0467,5.800461407
b0468,7.976274241
b0469,7.586105823
b0470,6.994866616
b0471,9.214970259
b0472,7.558405447
b0473,6.424675322
b0474,9.39886205
b0475,4.491661706
b0476,4.007380321
b0049,6.272005405
b0477,6.173404304
b0478,6.30038022
b0479,4.530651904
b0480,7.027704777
b0481,6.437404969
b4585,3.113958501
b0482,5.933205229
b0483,8.505390849
b0484,7.068989565
b0485,6.254723044
b0050,7.287633157
b0486,5.907578749
b0487,7.076102015
b0488,6.530912386
b0489,5.892875401
b0490,5.342101372
b0491,5.040672843
b0492,7.974116534
b0493,6.805075863
b0494,7.506162604
b0495,6.111129905
b0006,6.157658247
b0051,7.216476578
b0496,5.429773816
b0497,4.117201593
b0498,5.817437222
b0499,4.584435283
b0501,2.12634008
b4632,2.69977392
b0502,5.488101007
b0503,3.575727542
b0504,1.919808952
b0505,3.160112161
b0052,2.464227309
b0506,8.469668361
b0507,2.966621803
b0508,1.947774728
b0509,2.933979248
b0511,1.295608956
b0512,2.592382184
b0513,3.314700987
b0514,4.426421426
b0515,6.795638796
b0516,4.958424573
b0053,8.546706446
b0517,2.292956904
b0518,1.64267201
b4572,2.556673601
b0520,2.744264931
b0521,2.875701125
b0522,4.208381029
b0523,4.378046061
b0524,6.136048929
b0525,10.67299986
b0526,6.354941488
b0054,8.179470594
b0527,3.486914029
b0528,6.16627376
b0529,7.422277162
b0530,2.046735968
b0531,2.108332067
b0532,2.809687942
b0533,0.508885947
b0534,2.02383726
b0535,2.155626684
b0536,4.649874259
b0055,6.236092497
b0537,7.236221926
b4633,3.715820537
b0539,3.598258675
b4508,2.371697889
b0542,5.582854105
b0298,5.537475911
b1026,5.277638322
b0543,5.446708297
b0544,1.153656426
b0545,4.842897741
b0056,6.863219221
b0546,6.27353038
b4588,2.645893118
b0547,2.117666314
b0548,1.414258385
b0549,1.831416352
b0550,1.555247606
b4509,2.293829491
b0551,3.990517671
b0553,7.449877657
b0259,3.978340618
b0058,6.067656766
b0554,5.490897983
b0555,5.294110624
b0556,4.474525506
b4510,5.840930991
b0557,6.690715929
b0558,4.028373632
b0559,6.40865251
b4589,5.627211035
b0560,3.917935058
b4634,3.132217155
b0059,5.876739612
b0561,2.964142642
b0562,3.651087373
b0563,2.978138287
b0564,6.332978073
b0565,9.652974189
b0566,3.672491179
b0567,3.027064398
b0568,3.338059678
b0569,3.042353215
b0060,4.268786182
b0570,3.939409109
b0571,5.626192361
b0572,1.750886176
b0573,3.6879224
b0574,2.771526925
b0575,2.888613067
b0576,5.562413492
b0577,6.188847431
b0578,7.642382026
b0579,6.217858054
b0061,1.999911833
b0580,5.252132388
b0581,5.97112961
b4700,3.665482462
b4415,3.420377941
b2394,5.862022923
b0583,6.306225775
b0584,8.570507769
b0585,7.469995941
b4511,8.084019661
b0586,8.424766315
b0007,4.241048165
b0064,5.756003147
b0587,2.659947016
b0588,6.871904879
b0589,6.429263769
b0590,6.460394502
b0591,6.458960917
b0592,7.012803906
b0593,7.102501386
b0594,7.359045035
b0595,8.547252351
b0596,8.096968446
b0065,6.240036897
b0597,8.17765968
b0598,7.983902633
b4512,7.043238853
b0599,4.988559048
b0600,4.061500523
b0601,4.198368177
b0602,2.325243705
b0603,1.867357239
b0604,6.151441678
b0605,11.40206842
b0066,4.324909252
b0606,7.97384746
b0607,9.676674969
b0608,5.668893774
b0610,8.074328215
b0611,6.547347157
b0612,2.477763442
b0613,2.269709755
b0614,2.182802246
b0615,1.542946907
b0616,2.905552391
b0067,3.795993379
b0617,2.405565523
b0618,3.198728164
b0619,4.693367718
b0620,5.063905099
b0621,6.011071786
b0622,5.117017741
b0623,14.04760879
b0624,7.231538793
b4581,6.0606985
b0627,10.42360654
b0068,4.828034753
b0628,7.934969056
b0629,3.467639152
b0630,5.894040545
b0631,9.303068413
b0632,6.939007279
b0633,7.516178637
b0634,7.16877541
b0635,5.918566557
b0636,7.001279972
b0637,8.323119738
b0069,4.05905791
b0638,4.657463865
b0639,6.182546893
b0640,0.607675958
b0641,7.611469746
b0642,7.936309926
b0643,8.914704971
b0644,4.24127645
b0645,0.90685352
b0646,3.257072637
b0647,1.413456331
b4577,2.765188924
b0648,2.512191865
b0649,3.928815745
b0650,2.70078726
b0651,6.263531515
b0652,5.793005739
b0653,5.440242927
b0654,4.820612416
b0655,7.934396759
b0259,4.985643911
b0657,6.598629775
b4662,5.529612785
b0658,8.059382047
b0659,7.753810803
b0660,7.749793821
b0661,6.369101145
b0662,6.234593092
b0664,5.391466052
b0665,5.651089324
b0666,8.043398771
b0668,8.930394464
b0670,9.249717973
b0070,5.532055514
b0672,9.150464019
b0673,9.536807089
b0674,8.133410457
b0675,7.627100115
b0676,6.811976187
b0677,6.523896102
b0678,6.622533383
b0679,6.679795485
b0680,7.608438294
b0681,2.545857561
b0071,11.14561292
b0682,4.126013524
b0683,9.176109046
b4637,8.329998366
b0684,7.544466529
b0685,5.779450419
b0686,5.746357968
b0687,8.624222179
b0688,8.227806217
b0689,4.023138722
b0691,2.930967433
b0008,10.54725688
b0072,11.11790025
b4636,2.642518986
b0692,3.812686701
b0693,2.418885905
b4590,0.612357288
b0694,4.446547102
b0695,4.700196392
b0696,3.933932927
b0697,3.208796961
b0698,2.206590566
b4513,2.391335147
b0073,2.178753001
b0699,11.78248452
b0700,5.279664314
b0702,3.97908119
b0703,3.494007058
b0704,3.693482476
b0705,2.228259104
b0706,2.319406223
b0707,5.485255123
b0708,5.62984132
b0074,11.43434049
b0709,4.348495322
b0710,9.211881517
b0711,8.612098537
b0712,8.210756028
b0713,7.209990941
b0714,5.451590022
b0715,4.550947089
b0716,4.039802332
b0717,2.873618135
b0718,1.739705194
b0075,7.859361075
b0719,1.696536978
b0720,9.554739103
b0721,5.820356445
b0722,1.544249516
b0723,5.104693633
b0724,6.169105939
b0726,7.696406599
b0727,9.220899208
b0728,9.340912826
b0729,9.580174105
b0076,5.074235423
b0730,4.703233506
b0731,2.140258245
b0732,3.990318381
b0733,11.13109943
b0734,10.8507465
b4515,11.44468448
b0735,9.842929127
b0736,7.997632385
b0737,7.31803871
b0738,6.876380399
b0077,8.71372178
b0739,7.609291928
b0740,8.93641977
b0741,10.60515811
b0742,7.635791936
b0743,9.630079399
b0744,8.151403521
b0745,7.569610593
b0746,5.79800522
b0747,5.378006925
b0748,5.288061276
b0078,8.80406634
b0749,3.552609418
b0750,6.228719917
b0751,7.496249679
b0752,6.433370073
b0753,6.582086157
b0754,11.69235734
b0755,11.40895311
b0756,7.422006568
b0757,6.535882379
b0758,5.26243943
b0080,7.753440943
b0759,6.255821331
b0760,7.551523188
b0761,6.379867926
b0762,8.597660949
b0763,4.106362362
b0764,5.821437078
b0765,5.318780347
b0766,5.685381884
b0767,8.578149695
b0768,3.822074794
b0081,9.150216594
b0769,0.671390968
b0770,1.798162149
b0771,3.311844387
b0772,7.011929664
b0773,7.077167916
b0774,3.69290552
b0775,5.134743489
b0776,4.559336326
b0777,4.149769726
b0778,4.683387025
b0082,8.61307886
b0779,6.766413407
b0780,6.055303607
b0781,6.752878745
b0782,8.122598019
b0783,6.979117525
b0784,7.150910191
b0785,7.032537719
b0786,8.380244392
b0787,3.518286233
b0788,4.9887515
b0009,5.696120264
b0083,8.377261189
b0789,5.155998641
b0790,5.589543821
b0791,5.997048874
b0792,4.41909902
b0793,4.69813643
b0794,5.185333256
b0795,5.78441559
b0796,4.954869958
b0797,6.297034464
b0798,4.996010292
b0084,7.480213532
b0799,5.313934584
b0800,7.472551542
b0801,8.981539873
b0802,6.676457183
b0803,5.937884892
b0804,5.151759355
b0805,5.148572081
b0806,6.735445363
b0807,5.582718651
b0808,4.386827702
b0085,7.932323043
b0809,7.975902361
b0810,7.732948757
b0811,9.472079841
b0812,11.56435188
b0813,4.726669803
b0814,11.99993358
b0815,4.839060021
b4705,9.886346987
b0817,6.754831191
b0818,5.079188096
b0086,7.577890327
b0819,8.074117019
b0820,6.749486605
b0821,3.658986054
b0822,4.739626509
b0823,3.177328099
b0824,2.611855932
b0825,5.310551764
b0826,0.283972461
b0827,6.230470952
b0828,9.680860298
b0087,8.240510143
b0829,8.526074209
b0830,9.156209691
b0831,8.357275941
b0832,7.7705119
b0833,4.102652433
b0834,3.564107983
b0835,5.942663008
b0836,11.48600601
b0837,4.965281123
b0838,9.753492315
b0088,7.887142207
b0839,7.305905861
b0840,6.315077382
b0841,5.752926129
b0842,5.648271135
b0843,6.262958806
b0844,7.072538501
b0845,5.754415223
b0846,4.235951853
b4417,3.815003275
b0847,6.329107523
b0089,7.746234221
b0848,6.447173897
b0849,6.66026206
b0850,6.358254869
b0851,6.257925855
b0852,5.746466985
b0853,7.18672633
b0854,5.841202291
b0855,4.114481697
b0856,4.064840267
b0857,5.193989501
b0090,8.380220384
b0858,4.353308073
b0859,4.552887118
b0860,6.706568544
b0861,6.597049201
b0862,6.021040384
b0863,7.071629751
b0864,6.094212257
b0865,6.97609188
b0866,8.664094621
b0867,6.81832003
b0091,8.266227489
b0868,5.765355524
b0869,5.962751192
b0870,7.16402189
b0871,6.494343239
b0872,4.134584662
b0873,2.859269437
b0874,5.693626987
b0875,6.70647848
b0876,5.059801295
b0877,7.262462215
b0092,8.756534754
b0878,7.041569422
b0879,6.317308569
b0880,11.66231389
b0881,9.583970382
b0882,10.38103184
b0883,4.931763904
b0884,10.37508766
b0885,6.524596778
b0886,6.943512428
b0887,6.984756934
b0010,5.585175681
b0093,8.464036262
b0888,7.47955167
b0889,9.939083854
b0890,7.380017974
b0891,8.071117401
b0892,6.994074011
b0893,10.35205566
b0894,4.506129888
b0895,5.115238506
b0896,5.83760527
b0897,7.600460708
b0094,9.009510791
b0898,7.561218945
b0899,3.396485208
b0900,5.393037535
b0901,3.989787239
b0902,7.366861959
b0903,11.31191348
b0904,10.0770485
b0905,6.010276437
b0906,4.731757522
b0907,10.24894697
b0095,10.22128526
b0908,8.326800845
b0909,3.763196193
b0910,8.188091108
b0911,10.23781733
b0912,11.76398356
b0913,4.127673175
b0914,6.228709184
b0915,5.605458447
b0916,4.22238684
b0917,8.630289796
b0096,10.16710366
b0918,7.785557471
b0919,7.034107252
b0920,5.15910061
b0921,7.092121376
b0922,6.510294518
b0923,3.17383702
b0924,6.888563973
b0925,6.696491914
b0926,10.10672474
b0927,9.598296725
b0097,7.346558361
b0928,9.814093278
b0929,11.75906668
b0930,8.893704984
b0931,7.752125874
b0932,7.217116058
b0933,4.25118194
b0934,2.393532435
b0935,2.562226526
b0936,2.085810885
b0937,3.153939825
b0098,7.759585835
b0938,2.684568724
b0939,2.018530828
b0940,3.244052995
b0941,4.651654677
b0942,4.321613728
b0943,4.276753367
b0944,5.191077187
b0945,4.876394844
b0946,8.061535484
b0947,7.410714742
b0099,5.342250268
b0948,5.895825006
b0949,5.811883147
b0950,5.544542829
b0951,5.780408991
b0952,6.306835026
b0953,13.48138015
b0954,9.892093427
b0955,6.408014101
b0956,6.620357627
b0957,12.88074967
b0101,7.340973733
b0958,7.22492333
b0959,6.368704668
b0960,5.352871437
b0961,5.961943233
b0962,6.283007777
b0963,9.314868694
b0964,5.297995759
b0965,9.644025037
b0966,8.383814933
b0967,6.162521395
b0102,6.558664997
b0968,7.131713896
b0969,7.405042817
b0970,10.48944807
b0971,3.571930925
b0972,2.355938014
b0973,2.100275983
b0974,2.777030512
b0975,3.250978153
b0976,2.574612171
b0977,2.664022871
b0103,5.970458121
b0978,3.951579841
b0979,4.249509206
b4592,5.128725192
b0980,4.402202985
b0981,4.543867508
b0982,3.445777194
b0983,3.207529791
b0984,2.927018805
b0985,2.556175629
b0986,2.916817311
