Blattner,WT_5uM PN_Ave
b0001,8.61320939
b0002,9.876858526
b0011,3.437892988
b0104,6.72988691
b0987,5.092696421
b4576,6.441944874
b0989,3.218742108
b0990,7.701210421
b0991,5.679933889
b4517,7.342640431
b0992,3.34616426
b0993,3.143295431
b0994,4.678248079
b0106,2.998050329
b0995,3.799299615
b0996,1.939266502
b0997,2.710277526
b0998,3.683125955
b0999,2.716178722
b1000,7.394429745
b1001,2.540409371
b1002,8.841562013
b1003,9.402074043
b1004,9.148970478
b0107,3.153530209
b4518,5.867671922
b1006,3.762888407
b1007,2.711629674
b1008,2.449612469
b1009,2.248458433
b1010,2.701917528
b1011,0.420464321
b1012,2.073015402
b1013,4.866618648
b1014,4.675782421
b0108,2.359715903
b1015,6.485577532
b4490,6.228059534
b1018,6.076589278
b1019,5.600226312
b1020,4.573919332
b1021,3.961025684
b1022,3.119363512
b1023,2.71365646
b1024,3.251383333
b1025,3.961271412
b0109,6.394260577
b1026,3.023711666
b0298,2.314765015
b1028,1.896335163
b1029,2.467836359
b1032,2.651447134
b1033,6.508948266
b1034,6.641978548
b1035,6.481727477
b1036,7.402645425
b1037,5.223100982
b0110,6.798831571
b1038,4.017925342
b1039,4.581254356
b1040,5.489661437
b1041,2.845215658
b1042,4.29168266
b1043,2.45010729
b1044,3.224190794
b1045,7.018306092
b1046,4.835805971
b1047,3.848961702
b0111,6.774568543
b1048,7.314557472
b1049,6.779377789
b1050,7.035439554
b1051,7.843450342
b1053,3.648266229
b1054,5.661949748
b1055,4.517323781
b1056,5.614750156
b1057,3.632278653
b1058,2.182494263
b0112,8.020635576
b1059,5.968829906
b1060,10.08936002
b1061,6.867301709
b1062,5.313968323
b1063,6.619980007
b1064,7.985114755
b1065,5.755165139
b1066,8.117093535
b1067,7.350354413
b1068,6.495941583
b0113,6.768576569
b1069,4.770111425
b1070,4.586679115
b1071,5.168376182
b1072,3.085388317
b1073,3.514037321
b1074,3.384505869
b1075,3.493849899
b1076,3.643429518
b1077,3.669897397
b1078,3.617767144
b0114,9.752591912
b1079,2.853505094
b1080,2.714818914
b1081,2.698176
b1082,3.004091586
b1083,4.019472461
b1084,7.743894033
b1085,7.310436637
b1086,5.370191465
b1087,6.761663854
b4418,9.419209131
b0013,2.966401869
b0115,9.226230691
b1088,11.5574717
b1089,12.68687856
b1090,7.960412665
b1091,8.108963083
b1092,8.612096719
b1093,10.7672971
b1094,13.49324048
b1095,8.639910405
b1096,5.499977437
b1097,4.929404603
b0116,9.34741676
b1098,5.6811469
b1099,5.05053424
b1100,6.457354601
b1101,10.46943317
b1102,6.793710806
b1103,8.382272182
b1104,7.181137511
b1105,7.271921482
b1106,5.507075636
b1107,7.165739372
b0117,2.916422014
b1108,8.752019685
b1109,9.050652546
b1110,7.751465851
b1111,5.280426179
b1112,5.096908015
b1113,3.429417423
b1114,6.285102095
b1115,2.993306435
b1116,5.847924297
b1117,2.225490149
b0118,8.175462972
b1118,6.87732843
b1119,7.370078167
b1120,7.085942175
b1121,2.602430793
b1122,2.93101237
b1123,7.844772963
b1124,5.89735217
b1125,5.663030835
b1126,6.145639293
b1127,7.699445095
b0119,9.608606943
b1128,7.738417235
b1129,0.160579841
b1130,8.244806609
b1131,6.480069259
b1132,6.401450664
b1133,7.016298489
b1134,5.173321773
b1135,4.171051131
b1136,10.4992932
b1137,3.569709524
b0120,7.314012292
b1138,2.632085025
b1139,3.568429469
b1140,3.058884875
b1141,3.139506858
b1143,8.16084706
b1144,4.934952494
b1145,5.386296792
b1146,2.232860001
b1147,2.569535589
b1148,2.047002676
b0121,7.355848334
b4692,2.143287653
b1149,2.070094037
b1150,0.604717004
b1151,2.243287873
b1152,1.983413633
b1153,2.094912544
b1154,2.419169359
b1155,2.58836621
b1156,2.334682136
b1157,2.386102051
b0122,7.006949827
b1158,2.298424348
b1159,3.999464628
b4519,2.221592626
b1160,2.782579925
b1161,2.420549809
b1162,6.900207457
b1163,4.963642331
b1164,2.094967646
b1165,2.261911409
b1166,2.055035832
b0123,6.15406058
b1167,1.546707197
b1168,2.280359134
b4520,2.928482984
b4491,3.288362989
b1171,5.740889432
b1172,5.21309827
b4593,3.934939249
b4594,2.582831364
b4521,3.484492626
b1174,9.163556472
b0124,5.269728321
b1175,9.302190589
b1176,8.160845251
b1177,6.896502661
b1178,9.620582029
b1179,7.284478199
b1180,7.076682761
b1181,5.823685615
b1182,3.334096053
b1183,0.304484847
b1184,3.117885664
b0014,9.273864003
b0125,7.759578228
b1185,7.056084181
b1186,6.055537765
b1187,8.09025274
b1188,6.999826271
b1189,8.311220707
b1190,6.413762399
b1191,5.493293812
b1192,5.81216134
b1193,5.730041981
b1194,2.396462448
b0126,8.543613921
b1195,7.32505164
b1196,2.975971723
b1197,4.256047919
b1198,9.168251928
b1199,9.374879016
b1200,9.228826075
b1201,3.584968049
b1202,4.60141165
b1203,5.801170403
b1204,4.959788201
b0127,6.939880864
b1205,13.22875839
b1206,5.960005879
b1207,7.785875204
b1208,7.808430758
b1209,6.145768197
b1210,6.094569653
b1211,6.066709901
b1212,5.189910782
b1213,5.515923646
b1214,6.886301357
b0128,7.245408004
b1215,8.038151944
b4419,5.835898405
b4420,5.532813233
b4421,3.71608266
b4422,3.938906209
b4423,5.403985728
b4424,5.321744029
b1216,4.646161819
b1217,6.345198147
b1218,6.418821398
b0129,8.631022121
b1219,9.6682654
b1220,4.667911728
b1221,6.982925734
b1222,4.509974817
b1223,3.919954803
b1224,3.991563114
b1225,4.458686397
b1226,0.476582676
b1227,5.245505359
b4425,2.354871875
b0130,4.251509288
b1229,3.548935974
b1230,4.354091321
b1231,4.977713723
b1232,6.993776058
b1233,7.750296697
b1234,6.770423977
b1235,6.0404063
b1236,8.333651193
b1237,12.92611454
b1238,4.325732705
b0131,9.607951058
b4573,3.708914192
b1241,11.60957018
b1242,4.76594626
b1243,12.05372138
b1244,8.758329923
b1245,9.773381804
b1246,10.03286869
b1247,10.72974381
b1248,7.8661042
b1249,6.94758986
b0132,5.157317877
b4595,6.99573362
b1250,4.9315831
b1251,10.27721573
b1252,8.30425993
b1253,5.498907438
b1254,6.617584895
b1255,6.635860565
b1256,8.720367754
b1257,3.747567348
b1258,2.619612425
b0133,8.342836659
b1259,7.569963528
b1260,2.915102521
b1261,7.125511562
b1262,5.930131085
b1263,4.861573443
b1264,4.425958425
b1265,7.615788819
b1266,6.448648211
b1267,6.726311368
b1268,4.173106341
b0134,8.038718614
b1269,7.350325585
b1270,5.976768847
b1271,6.220732522
b1272,9.100277434
b1273,8.397317876
b1274,7.484736336
b1275,7.007789072
b4522,7.153244893
b4523,6.839317565
b1276,5.768786406
b0015,6.503179175
b0135,2.78121521
b1277,7.707072228
b1278,5.485816131
b1279,7.937375361
b1280,5.808839783
b1281,5.782334803
b1282,5.416725287
b1283,8.478565925
b1284,6.314542888
b4596,7.39961518
b1285,3.64618393
b0136,2.142972225
b4672,2.926008616
b1286,6.927123425
b1287,4.882866743
b1288,8.619954747
b1289,5.726698436
b1290,5.200975817
b1291,6.017923173
b1292,4.775286641
b1293,5.130575431
b1294,5.209216006
b0137,2.478198882
b1295,6.184473135
b1296,3.358861706
b1297,3.335127507
b1298,3.916044741
b1299,4.501157135
b1300,3.162792212
b1301,2.957687885
b1302,3.082555925
b1303,4.426034112
b1304,6.987924292
b0138,2.171950161
b1305,0.295607403
b1306,5.736057011
b1307,5.192905051
b1308,9.615018194
b1309,2.192423079
b1310,1.682511567
b1311,2.116998042
b1312,1.867577246
b1313,2.63124874
b1314,2.294571026
b0139,2.434611412
b1315,2.660695631
b1316,2.505936196
b1317,2.096584298
b1318,1.964185001
b1319,1.814781029
b1320,2.89413486
b1321,5.116556824
b1322,5.12603379
b1323,6.720928552
b1324,10.24826947
b0140,2.078413754
b1325,6.598386471
b1326,7.098547424
b4525,4.977458093
b4673,0.999676445
b1327,3.654718269
b1328,3.855190904
b1329,5.787976522
b1330,3.486273833
b0259,7.047721346
b1332,9.11790181
b0141,1.711947762
b1333,10.30112914
b1334,9.318925928
b1335,5.590283623
b1336,2.629592134
b1337,2.890256194
b1338,2.195491453
b1339,4.115223568
b4426,2.13046558
b1340,5.049264007
b1341,5.216062417
b0142,4.42083617
b1342,5.513407468
b4699,5.093360581
b1343,5.001473842
b1344,6.349345537
b1345,3.79319981
b1346,2.546269534
b1347,2.688529452
b1348,2.25727884
b1349,3.222655201
b1350,2.614383347
b0143,6.529220727
b1351,2.180638116
b4526,0.225770648
b1352,2.077245837
b1353,2.14807223
b4527,2.13779479
b1355,2.354759584
b1356,6.462029333
b1357,3.349542822
b1358,2.731127495
b1359,2.960005773
b0144,3.916630004
b1360,2.907396883
b1361,3.420642712
b1362,2.583859838
b4528,3.646362606
b1363,4.179776691
b1365,2.403249466
b1366,3.010918473
b1368,2.62407857
b4570,2.675953604
b0259,4.151776417
b2394,5.499409128
b0145,10.3719798
b1372,2.61252022
b1373,3.215775426
b1374,3.783252029
b1375,3.886750999
b4638,5.303968153
b1376,8.918669026
b1377,2.475678264
b4427,1.456273409
b1378,5.026362531
b4529,8.525762736
b0146,8.973755687
b1379,7.276866788
b1380,6.694980273
b1381,3.925622928
b1382,5.392871049
b1383,5.241431839
b1384,3.715196148
b1385,4.4551524
b1386,2.656266866
b1387,2.22729705
b1388,2.108500271
b0147,4.537604647
b1389,2.568493366
b1390,2.05415034
b1391,2.651533505
b1392,2.074040495
b1393,1.560740126
b1394,2.266939952
b1395,2.684022558
b1396,0.529901936
b1397,4.345800348
b1398,3.198539137
b0148,4.939768338
b1399,5.043547476
b1400,6.083145114
b4674,2.161012914
b4492,4.320874746
b0361,5.003008453
b4272,6.137495348
b0256,4.026968118
b1406,7.786951737
b1407,2.249016689
b1408,0.175228059
b0149,6.086470012
b1409,1.852100543
b1410,2.584218333
b1411,3.477268895
b1412,5.162000827
b1413,5.663105982
b1414,6.190389063
b1415,7.593877744
b4493,9.011117761
b1418,7.67728484
b4597,6.102914507
b0150,8.251283608
b1419,8.286171013
b4428,8.450701728
b1420,5.993414802
b4429,7.017673622
b1421,2.899058321
b1422,5.628232816
b1423,5.307072075
b1424,5.537444593
b1426,11.03639942
b1427,6.341126565
b0151,7.131587816
b1428,4.905892643
b1429,5.087838718
b1430,7.012581628
b1431,7.089715364
b4578,4.987276728
b1432,5.105895495
b1433,3.17192497
b1434,4.030233115
b1435,4.544709866
b1436,4.433615969
b0152,5.916254109
b4532,4.770181733
b1438,4.3589275
b1439,4.127571854
b1440,6.31002711
b1441,3.761019841
b1442,3.138286046
b1443,3.398663607
b1444,4.789184889
b4598,5.022689477
b1445,4.698361684
b0153,6.531251425
b1446,9.76467758
b1447,6.716394607
b1448,7.449513677
b1449,6.542345046
b1450,3.381326547
b1451,3.609376325
b1452,9.16191599
b1453,3.012706163
b1454,4.13263292
b1455,2.13008639
b0154,7.181462338
b1456,2.744053659
b1457,3.41702938
b1459,2.35821935
b1460,1.862208357
b1461,6.313409121
b1462,6.690166204
b1463,3.49925486
b1464,5.964162721
b1465,3.383435533
b1466,0.504101247
b0018,6.145766177
b0155,5.965670529
b1467,2.813280597
b1468,2.839212886
b1469,2.386502592
b1471,1.617978259
b1472,1.386772963
b1473,3.969699452
b1474,2.734250527
b1475,2.868352354
b1476,3.635809534
b1477,7.30364808
b0156,8.171635897
b1478,7.319881017
b1479,7.127985824
b1480,11.53380197
b1481,4.895914012
b1482,10.05016798
b1483,4.331636484
b1484,2.658717884
b1485,3.432911758
b1486,2.217151635
b1487,2.425136199
b0157,3.88507262
b1488,2.517658714
b1489,3.869829822
b1490,5.01380906
b1491,4.055563374
b1492,7.161167864
b1493,7.318044586
b1494,4.347895669
b1495,4.316582907
b1496,3.606056815
b1497,2.132398463
b0158,4.082247686
b1498,4.33133812
b1499,1.639153544
b1500,1.292690214
b1501,3.047668567
b1502,1.93626546
b1503,1.945836955
b1504,1.741763504
b1505,1.804581555
b1506,1.971623731
b1507,3.336256425
b0159,8.826343567
b1508,4.33208903
b4696,3.901210727
b1511,4.490077756
b1512,6.885262946
b1513,4.732617754
b1514,2.788332547
b1515,2.34590654
b1516,3.08343617
b1517,3.569752299
b1518,4.781521578
b0160,5.248102402
b1519,4.662208334
b1520,3.691109714
b1521,3.669177993
b1522,4.073507554
b1523,0.355981055
b1524,4.625018303
b1525,4.911738916
b1526,3.686656462
b1527,2.042823062
b1528,5.016449027
b0161,5.781360367
b1529,5.872164053
b1530,3.563142952
b1531,3.859866803
b1532,4.377574689
b1533,5.904850261
b1534,4.022791092
b4599,7.047114344
b4698,4.419860957
b1535,4.847625837
b1536,5.78250573
b0162,4.89948358
b1537,3.459962997
b1538,6.322350252
b1539,9.004530114
b1540,5.843881564
b1541,8.727362733
b1542,3.104217559
b1543,2.61163937
b1544,4.008670687
b1545,3.578175939
b1546,2.94931776
b0163,9.902536722
b1547,2.506260965
b1548,2.966143261
b4533,3.141638708
b1549,2.972332957
b1550,6.092522748
b1551,2.155691388
b1552,6.647327912
b1553,1.774343807
b4689,1.459560926
b1554,2.433435245
b0164,3.950598694
b1555,3.148372071
b1556,2.655981058
b1557,9.241894582
b1558,4.753558414
b1559,5.391923004
b1560,2.196097974
b1561,4.368654451
b1562,6.760368499
b1563,8.012466068
b1564,7.873087136
b0018,7.852384737
b0166,9.57747538
b1565,3.780383415
b1566,4.440069213
b1567,2.616117635
b1568,2.458386914
b1569,1.850472658
b1570,8.01665324
b1571,3.077640452
b1572,3.537910782
b1573,4.056803875
b1574,2.086441245
b0167,5.996456532
b1575,1.963149692
b1576,2.125046256
b1577,2.449446186
b0361,4.318735616
b1579,2.918651263
b1580,4.389476033
b1581,2.81310168
b1582,4.469316915
b1583,7.55069062
b1584,6.726305799
b0168,9.153713202
b1585,4.837830938
b1586,6.211189847
b1587,4.576536613
b1588,4.599423321
b1589,4.656304172
b1590,5.748131528
b1591,5.752678055
b1592,3.123508082
b1593,7.528101978
b1594,6.129936677
b4414,11.00829108
b1595,3.472950852
b1596,5.90771053
b1597,12.66262276
b4601,8.709216336
b1598,6.700487215
b1599,3.639710126
b1600,3.960387868
b1601,3.924476403
b1602,8.885122127
b1603,9.154936935
b0169,11.33290957
b1604,7.402836174
b1605,3.707061352
b1606,4.862770708
b1607,5.009010471
b1608,5.749099521
b1609,5.335620664
b1610,4.366041081
b1611,4.0260168
b1612,7.335455295
b1613,6.844062134
b0170,10.84582827
b1614,7.796722032
b1615,2.306870569
b1616,2.206056755
b1617,3.064587109
b1618,7.6121165
b1619,6.026046598
b1620,7.000002346
b1621,4.761670361
b1622,5.837568023
b1623,6.873049433
b0171,7.142784929
b1624,6.746776442
b4409,6.201852161
b1625,3.608150493
b1626,5.286321913
b1627,5.166560701
b1628,5.526919171
b1629,5.367736766
b1630,5.203053509
b1631,5.563925092
b1632,0.308674599
b0172,8.765001956
b1633,5.769413791
b1634,6.670510865
b1635,7.739748757
b1636,6.12910067
b1637,7.951945883
b1638,6.715493542
b1639,5.747588868
b1640,5.992854801
b1641,11.15337581
b1642,10.23868237
b0173,5.884912014
b1643,4.008425822
b1644,0.274168101
b1645,3.544875008
b1646,6.660196752
b1647,8.215451127
b1648,4.792366574
b1649,2.716492756
b1650,5.20612218
b1651,8.346239198
b1652,5.101676954
b0174,7.499870887
b1653,4.797383577
b1654,10.0535739
b1655,4.397907691
b1656,5.591954468
b1657,4.7280875
b4602,6.289465986
b1658,6.692376191
b1659,4.262715443
b1660,5.219865389
b1661,8.233932486
b4413,7.595800316
b0175,6.805884497
b1662,8.312782617
b1663,6.166369268
b1664,7.585731046
b1665,3.74425625
b1666,3.391655355
b1667,10.14044236
b1668,4.66763988
b1669,3.132629394
b1670,3.178583427
b1671,3.23239723
b0176,7.744721632
b1672,3.082504213
b1673,2.300645973
b1674,2.177438918
b1675,7.425872859
b1676,9.303040294
b1677,14.88428314
b1678,7.272395006
b1679,7.916082969
b1680,7.859379293
b1681,7.62969302
b0177,8.57304178
b1682,7.645570851
b1683,7.483143395
b1684,8.395906913
b4430,7.198912056
b1685,8.969890422
b1686,6.861296807
b1687,5.869684452
b1688,6.326330864
b4431,3.337042869
b1689,5.263820276
b0178,10.27812102
b1690,1.827771618
b1691,1.909885922
b1692,3.10915614
b1693,6.124786642
b1694,2.139031682
b1695,2.383226753
b1696,4.307501952
b1697,2.323083378
b1698,2.902346493
b1699,2.52235747
b0179,8.118065297
b1700,2.251821613
b1701,2.643396503
b1702,6.583946356
b1703,6.023949754
b1704,4.692763503
b1705,6.135775187
b1706,6.370991842
b1707,4.578435695
b1708,6.963910619
b1709,0.177874933
b0180,8.627659174
b1710,7.272146647
b1711,4.858265784
b1712,12.20595233
b1713,9.855922182
b1714,8.431985751
b1715,4.860445704
b1716,12.1847053
b1717,11.93568866
b1718,12.49879161
b1719,10.56814522
b0181,8.179846972
b4494,2.115484427
b4535,4.307258975
b1722,4.598693709
b1723,6.657008553
b1724,8.475972314
b1725,8.909875377
b1726,6.57488667
b1727,5.663928277
b1728,2.61455941
b1729,6.22392217
b0182,5.935019869
b1730,1.871054398
b1731,4.423831039
b1732,4.464111411
b1733,4.89578027
b1734,3.960516874
b1735,4.350410271
b1736,5.254145061
b1737,3.558055363
b1738,6.792350872
b1739,9.848770341
b0183,5.488604674
b1740,9.238935381
b1741,4.129679382
b1742,3.12844464
b1743,5.798837324
b1744,2.476077938
b1745,2.576808175
b1746,2.976283051
b1747,2.665200257
b1748,2.948723917
b1749,5.955815462
b0184,6.122773207
b1750,4.929646183
b1751,5.992506115
b1752,5.114104814
b1753,5.107876588
b1754,4.977485533
b1755,4.063345464
b1756,4.052097555
b1757,6.705478837
b1758,4.714231793
b1759,4.740026764
b0019,6.671718495
b0185,7.68848173
b1760,3.855314914
b1761,9.926003992
b1762,4.834340956
b1763,6.114230204
b1764,8.343284801
b1765,8.43296699
b1766,6.151754106
b1767,5.466963093
b1768,6.662612978
b1769,2.637507522
b0186,4.799268828
b1770,5.004901403
b1771,3.263856786
b1772,2.399800773
b1773,2.678911366
b1774,2.603082864
b1775,2.214717753
b1776,3.191024108
b1777,7.625501995
b1778,8.261517587
b1779,12.79955334
b0187,5.687925968
b1780,7.174639175
b1781,6.123795746
b1782,6.648424902
b1783,7.159355533
b1784,5.970449608
b1785,2.36562341
b1786,3.778572944
b1787,7.192238203
b1788,4.116784552
b1789,5.340580062
b0188,4.760194217
b1790,4.091742975
b1791,2.899342753
b1792,8.980840349
b1793,6.482583961
b1794,6.000063302
b4676,7.237612031
b4675,4.340120129
b1795,10.64974632
b1796,3.325446403
b1797,2.547185222
b0189,9.485722082
b1798,5.423316125
b1799,7.224182462
b1800,4.495745518
b1801,2.811451731
b1802,2.136197419
b1803,2.927117785
b1804,5.001924391
b1805,5.928473599
b1806,6.920762404
b1807,5.803988966
b4406,9.920127083
b1808,4.561618592
b1809,8.710532394
b1810,7.149025532
b1811,8.181841231
b1812,4.479596444
b1813,5.233641449
b1814,6.212580543
b1815,2.839341751
b1816,5.275075757
b1817,11.35228521
b0190,6.066099945
b1818,10.85807721
b1819,11.01479145
b1820,5.620837475
b1821,2.419632791
b1822,5.387416623
b1823,13.1522849
b1824,13.62828782
b1825,9.664426375
b1826,8.283034084
b4536,6.255378723
b0191,5.547150808
b1827,6.959433369
b1828,3.113745606
b1829,7.695680441
b1830,8.023532253
b1831,8.176134271
b1832,8.342360648
b1833,4.555115018
b1834,5.228185236
b1835,4.55299703
b1836,10.45584396
b0192,6.548311566
b1837,6.177068269
b1838,4.362831237
b4432,8.397375953
b4433,2.653904359
b1839,8.312797954
b1840,6.693664001
b1841,7.407766186
b1842,6.046940391
b1843,4.872625698
b1844,5.877270642
b0193,3.923131995
b1845,4.966239668
b1846,5.958108501
b1847,8.400704124
b1848,8.610233328
b1849,5.498974258
b1850,8.091803058
b1851,5.714661392
b1852,7.717545506
b1853,6.502748174
b1854,9.210804632
b0020,4.940627907
b0194,7.765672214
b1855,6.164012363
b1856,8.911884078
b1857,11.23300101
b1858,7.452041533
b1859,7.473462531
b1860,5.972118712
b1861,6.35345978
b4677,2.631965483
b1862,2.67086177
b1863,7.349414598
b0195,4.504138778
b1864,8.298516214
b1865,8.244725963
b1866,8.719881582
b1867,5.820958554
b1868,4.031647001
b1869,7.652815164
b1870,5.357652409
b1871,5.529126701
b1872,2.950441049
b1873,1.932686778
b0196,6.234297061
b1874,6.571365174
b1875,6.433506273
b1876,6.459046191
b1877,2.924786024
b1878,2.790614428
b1879,3.27820085
b1880,2.174803644
b1881,4.129218367
b1882,5.025917781
b1883,2.904640852
b0197,8.580599609
b1884,2.250440837
b1885,2.408206825
b1886,2.872590902
b1887,3.610468285
b1888,2.524728903
b1889,2.568136919
b1890,2.015387107
b1891,4.736454868
b1892,4.561013255
b1895,7.809784915
b0198,6.026373279
b1896,5.534905626
b1897,6.211496669
b4460,3.892810688
b1900,3.679043677
b1901,3.564682423
b1902,9.888418715
b4537,6.706127218
b4663,3.231119938
b1904,2.834675482
b1905,5.213337722
b0199,4.289969212
b1906,7.573664017
b1907,3.290677305
b1908,9.977985339
b1909,6.591024277
b1910,6.768708174
b1911,7.169487653
b1912,7.682334686
b1913,6.815480028
b1914,8.143028432
b1915,5.62294249
b0200,7.235805344
b1916,5.015176146
b1917,6.465613939
b1918,6.088994816
b1919,6.800495854
b1920,9.477724469
b1921,3.214501231
b1922,3.3649949
b1923,5.406966635
b1924,2.690209403
b1925,2.01596632
b0201,10.56024391
b1926,2.843001827
b1927,6.186383619
b1928,8.089408267
b1929,7.637226799
b1930,8.505621099
b1931,3.353629565
b1932,3.777770284
b4495,2.001782528
b1936,2.590540052
b1937,3.345448393
b0202,4.740607097
b1938,2.376941879
b1939,2.773626053
b1940,0.620736494
b1941,2.386191509
b1942,2.628190077
b1943,2.656450094
b1944,3.194088765
b1945,2.850090525
b1946,2.770882945
b1947,0.236011439
b0203,3.382867818
b1948,2.439721462
b1949,2.246392241
b1950,2.922855214
b1951,3.821788121
b1952,7.723956101
b1953,7.983754899
b1954,4.786557627
b1955,4.850134192
b1956,4.790444285
b1957,7.627397244
b0003,10.13384178
b4576,4.591797176
b0204,9.578568405
b1958,6.898393756
b1959,3.044225028
b1960,4.340038594
b1961,5.552020243
b1962,5.37920084
b1963,5.595978273
b4603,1.707601236
b4496,3.399150445
b1967,6.16901354
b1968,3.873050392
b0205,2.688411112
b1969,4.614301177
b1970,5.684244682
b1971,4.228090977
b1972,3.901736475
b1973,11.27737809
b1974,4.843822779
b1975,11.68413658
b1976,9.13993658
b1977,6.482105122
b1978,3.523382112
b0206,3.314955248
b4497,2.438769017
b1981,8.347505393
b1982,7.089993739
b1983,7.892014649
b1984,3.326752634
b1985,4.765617393
b1986,3.833006638
b1987,4.384369135
b1988,4.42165699
b1989,3.791149779
b0207,4.80115056
b1990,5.921244242
b1991,5.869999505
b1992,5.65218883
b1993,5.273145967
b4639,2.76543013
b0259,7.352068503
b4640,3.510490472
b4641,3.377077596
b4582,6.130299381
b0361,4.641541151
b0208,4.862794798
b4272,3.100757318
b1999,3.661893097
b4435,3.597807407
b2000,5.857879779
b2001,3.506959659
b2002,4.101636135
b2003,3.619237186
b2004,3.553656985
b2005,2.705232042
b2006,4.011793582
b0209,6.605677809
b4642,3.419816821
b4538,5.170324415
b2007,12.14161879
b2008,4.61053118
b2009,6.566181289
b2010,4.229394605
b2011,6.002630783
b2012,8.524069085
b2013,6.723370859
b2014,5.931832615
b0210,4.256630558
b4678,4.418691573
b2015,5.677081918
b2016,8.653326358
b4539,6.798934782
b2017,7.030382471
b2018,4.818602444
b2019,11.07073808
b2020,10.7816365
b2021,9.971300839
b2022,9.84960191
b0211,7.056007553
b2023,8.803870477
b2024,10.31804159
b2025,10.46971611
b2026,10.81219512
b2027,7.974251581
b2028,4.18514119
b2029,9.40125601
b4571,7.357018947
b0259,5.860026586
b2032,7.064385538
b0212,6.007980754
b2033,7.109037085
b2034,6.88079002
b2035,0.448287721
b2036,8.247729707
b2037,6.749834332
b2038,1.871728425
b2039,8.105089317
b2040,0.46279167
b2041,7.335764356
b2042,9.140817714
b0213,5.63767603
b2043,3.597739757
b2044,3.165927383
b2045,2.84011325
b2046,2.972320345
b2047,2.306604343
b2048,2.492830206
b2049,2.819675705
b2050,2.34764515
b2051,3.026026814
b2052,2.867739261
b0275,4.482686937
b0214,6.552651625
b2053,3.350989894
b2054,2.595791629
b2055,1.947636106
b2056,2.284214342
b2057,2.131735599
b2058,2.27663692
b2059,2.380069902
b2060,2.297079165
b2061,2.035363933
b2062,2.036469817
b0215,5.982741207
b2063,5.621438384
b2064,5.710213626
b2065,7.620120004
b2066,5.567994285
b2067,5.036290197
b2068,5.370505965
b2069,4.974360309
b2070,3.240748844
b2071,3.679693176
b2072,2.210594881
b0216,3.114432782
b2073,3.147768222
b4436,6.365691167
b4437,6.037964263
b2074,0.238775501
b2075,3.310575985
b2076,2.896308567
b2077,2.609888141
b2078,2.944403513
b0217,2.874759094
b2079,6.153965724
b2080,6.31672517
b2081,5.427258468
b4438,5.246310669
b2082,4.973496478
b2083,3.543749821
b2085,3.777417002
b2086,4.907156685
b4498,7.137185644
b0298,4.488711078
b4586,2.322303135
b1026,4.801140587
b2091,11.41965981
b2092,12.1849021
b2093,11.71747432
b2094,12.09539008
b2095,12.52020295
b2096,13.19061485
b2097,6.884221368
b2098,3.421383183
b2099,4.049836481
b0218,1.937022441
b2100,3.924606028
b2101,5.001757282
b2102,4.206630661
b2103,5.81547536
b2104,5.346027854
b2105,4.567634383
b2106,3.197209839
b2107,6.439190342
b2108,2.130462307
b2109,2.299504106
b4503,2.89284802
b2110,1.953962617
b2111,5.230498144
b2112,5.757099085
b2113,8.025743774
b2114,7.244775707
b4499,2.551800673
b2118,2.919170012
b4541,1.498344269
b2119,2.285313488
b2120,2.353042631
b0219,6.691594633
b2121,2.573089421
b2122,2.646363378
b2123,3.066185886
b2124,6.602252106
b2125,6.013206856
b2126,6.039632663
b2127,4.219581047
b4542,3.393665446
b2128,4.517096341
b2129,3.933336145
b0220,9.479692504
b2130,3.545364169
b2131,4.660137442
b2132,5.810644592
b2133,8.348335028
b2134,5.323892406
b2135,6.381903236
b2136,5.539177484
b2137,5.022794656
b2139,2.140635974
b4679,8.046674266
b0221,4.574747025
b2140,4.167785956
b2141,5.536624719
b2142,5.213454004
b2143,7.757378099
b2144,3.769877617
b2145,4.778079911
b2146,3.940999091
b2147,3.506750499
b2148,3.29772889
b2149,4.192897586
b0023,11.27458908
b0222,8.520543077
b2150,7.423741122
b2151,7.46373405
b2152,5.014758255
b2153,8.326922171
b2154,7.996846127
b2155,8.751825512
b2156,7.345954136
b2157,6.630121691
b2158,4.705956295
b2159,6.23491586
b0223,6.560217217
b2160,5.170919147
b2161,2.610488314
b2162,2.130873686
b2163,2.706729127
b2164,2.965591874
b2165,2.883869555
b2166,1.990635516
b2167,9.931163539
b2168,9.446549895
b2169,8.593218958
b0224,7.517464385
b2170,3.408881853
b4502,4.819937797
b2171,6.200798475
b2172,4.349834546
b2173,3.641797942
b2174,3.747003755
b2175,7.956755208
b2176,4.233287515
b2177,4.655387312
b2178,1.704200069
b0225,7.586214405
b2179,4.401426932
b2180,5.383573409
b2181,7.631729861
b2182,6.102042243
b2183,6.510353071
b2184,3.872056636
b2185,11.18344856
b2186,6.454928646
b2187,7.154344098
b2188,6.026599249
b0226,9.430963497
b2189,5.83785721
b2190,4.7674661
b0259,6.924738672
b2193,4.744611724
b2194,5.144449139
b2195,5.302200334
b2196,4.843717393
b2197,6.479419695
b2198,6.375704922
b2199,5.617796066
b0227,2.934384257
b2200,4.107598652
b2201,5.727084342
b2202,5.979650675
b2203,5.396657957
b2204,4.444777104
b2205,4.433763678
b2206,4.519945841
b2207,3.577346349
b2208,3.214278936
b2209,6.731487888
b0228,6.478389659
b2210,4.282309188
b2211,5.156347056
b2212,0.243082649
b2213,4.193058125
b2214,3.528481097
b2215,12.4132806
b4439,3.002688669
b2216,7.156332505
b2217,8.789207806
b2218,5.803552624
b0229,2.751807298
b2219,5.740295629
b2220,3.928637116
b2221,2.464550156
b2222,1.788629691
b2223,2.094403562
b2224,2.694398447
b2225,2.869783783
b2226,2.574851973
b4500,2.519366674
b2229,2.197077781
b0230,3.109686479
b2230,3.209124073
b2231,8.511779399
b2232,7.171241182
b2233,4.214574401
b2234,6.902508263
b2235,7.0829106
b2236,6.621475589
b2237,6.173780829
b2238,2.377664495
b2239,6.065216532
b0231,4.385677192
b2240,5.357013884
b2241,6.301717207
b2242,3.784355163
b2243,3.033551552
b2244,5.75160023
b4543,7.560568058
b2245,3.930142364
b2246,3.036115441
b2247,2.814624902
b2248,3.253620134
b0024,5.115868008
b0232,4.478999356
b2249,6.65208991
b2250,5.2608769
b2251,5.632648365
b2252,2.290442552
b2253,3.940075553
b2254,3.84002898
b2255,4.400482173
b2256,0.290964609
b2257,3.587979329
b4544,0.542882046
b0233,3.245754069
b2258,5.07131541
b2259,6.903513779
b2260,4.995563583
b2261,6.318452181
b2262,6.543958536
b2263,4.760380505
b2264,5.112717059
b2265,4.769061198
b2266,10.80327106
b2267,7.08728739
b0234,2.595045981
b2268,4.624532507
b2269,2.205213369
b2270,2.992632932
b2271,2.173139107
b2272,4.458271207
b2273,2.375925128
b2274,2.636464607
b2275,3.614912924
b2276,7.306707081
b2277,7.057295494
b0235,1.769313899
b2278,7.052740746
b2279,7.026706111
b2280,7.944532252
b2281,7.186220901
b2282,6.93963012
b2283,7.101842522
b2284,7.688534576
b2285,8.390781979
b2286,6.999715644
b2287,7.93002227
b0236,2.511624121
b2288,8.137837365
b2289,8.064196372
b2290,6.332477335
b2291,5.867935853
b2292,6.801128534
b2293,8.68576801
b2294,8.803427597
b2295,7.222964765
b2296,8.900983136
b2297,8.176009708
b0237,8.929651936
b2298,3.539530523
b2299,6.467695501
b2300,7.051723987
b2301,5.492278143
b2302,4.102990172
b2303,7.702288317
b2304,8.588899872
b2305,4.847639577
b2306,4.783411393
b2307,4.642934266
b0238,6.832177641
b2308,5.737009581
b2309,7.627015149
b2310,6.001170636
b2311,4.409061404
b2312,5.59341266
b2313,6.517884801
b2314,7.043715463
b2315,6.874749326
b2316,8.724564648
b2317,6.6307923
b0239,6.481262251
b2318,6.805639615
b2319,6.240361979
b2320,6.59371181
b2321,4.585354442
b2322,3.372563414
b2323,9.366329292
b2324,4.955078379
b2325,7.246994517
b2326,0.535408832
b2327,6.303387126
b0240,9.335491709
b2328,6.088447055
b2329,7.229567425
b2330,7.651931233
b2331,7.475810751
b2332,6.218787803
b2333,2.705953674
b2334,2.120808877
b2335,2.247994162
b2336,2.225820981
b4661,3.107634598
b0241,2.185056499
b2339,1.62639016
b2340,6.108339629
b2341,2.216085433
b2342,6.242261462
b2343,10.88081344
b2344,5.444690907
b2345,2.324239966
b2346,6.910078174
b2347,4.822808459
b2348,2.633148764
b0025,7.952860296
b0242,7.360330489
b2349,2.996241267
b2350,6.138171381
b2351,6.584908979
b2352,5.31017048
b2353,4.828393409
b2354,3.246447091
b2355,2.300100791
b2356,2.352661516
b2357,1.436403679
b2358,1.368595243
b0243,7.384584888
b2359,3.259196221
b2360,2.887874268
b2361,1.879147939
b2362,0.807530497
b2363,3.427333226
b4545,2.535778426
b4501,5.344119341
b4643,4.504880872
b2364,3.451136365
b2365,2.720314878
b0244,7.100627234
b2366,4.157874915
b2367,2.184826767
b2368,2.116658791
b2369,7.174933656
b2370,5.272915369
b2371,2.422276859
b2372,2.570301024
b2373,2.05896445
b2374,2.292744947
b2375,2.588139123
b4626,4.050417786
b2376,4.793602556
b2377,9.01594087
b2378,7.534562168
b4680,5.262967184
b2379,5.726667809
b2380,5.255231635
b2381,5.936023865
b2382,5.138393011
b2383,2.594245513
b2384,1.920047115
b0245,4.345463254
b2385,2.38878237
b2386,2.190385339
b2387,2.403863043
b2388,8.611423804
b2389,4.779652373
b2390,8.979860148
b2392,10.42252521
b2393,6.294251409
b2394,5.711693123
b2395,4.681005692
b0246,4.230497977
b2396,2.641735906
b2397,3.122667242
b2398,8.447936713
b2399,7.726956078
b2400,7.729388006
b2401,4.748782662
b2403,5.010406744
b2404,4.412140096
b2405,4.932129773
b2406,3.275501989
b4504,3.104588949
b2407,2.283986445
b2408,3.200795858
b2409,3.681107166
b2410,6.04404049
b4546,6.319499889
b2411,6.09925348
b2412,8.323602041
b2413,6.511766434
b2414,10.20369122
b2415,11.52895224
b0247,3.216462374
b2416,11.03723204
b2417,12.24812091
b2418,6.677349557
b2419,3.819974703
b2420,4.759468947
b2421,6.861702086
b2422,7.155350643
b2423,3.6605598
b2424,4.698702038
b2425,7.320478678
b0248,5.482755453
b2426,8.589766003
b2427,3.977994805
b2428,6.198072319
b2429,4.550690868
b2430,3.514531731
b2431,7.584051976
b2432,5.10802149
b2433,4.727048749
b2434,5.389460782
b2435,5.114350141
b0249,4.990734637
b2436,4.633911744
b2437,3.745537619
b2438,4.940094096
b2439,4.311881675
b2440,5.072964461
b2441,6.087601561
b2442,5.02299864
b2443,5.080000805
b2444,2.673422061
b2445,2.680783923
b0026,8.461846701
b0250,6.120648785
b2446,3.010618756
b2447,2.97765571
b2448,4.595891726
b2449,5.778751497
b2450,7.660575238
b2451,2.477802203
b2452,2.537704546
b2453,2.355695807
b2454,2.109997945
b2455,2.098381653
b0251,3.970279168
b2456,2.335106274
b2457,4.369939901
b2458,2.897910538
b2459,2.272690625
b2460,2.685976753
b2461,2.76088847
b2462,2.535894329
b2463,7.321015909
b2464,7.160297306
b2465,7.039464904
b4627,3.742815659
b2466,5.149762162
b2467,6.974374027
b2468,3.513237552
b2469,3.930966004
b2470,4.049112155
b4606,11.95174363
b2471,6.65733793
b2472,6.971268951
b4547,7.802020196
b2473,6.919993794
b4628,2.414863854
b2474,4.950848212
b2475,6.887242168
b2476,7.279474871
b2477,8.183109439
b2478,9.699712915
b2479,1.540772263
b2480,7.863606766
b2481,0.221923469
b2482,2.378453051
b2483,2.664404485
b0252,3.194868969
b2484,2.486710024
b2485,2.165847435
b2486,2.749338636
b2487,2.8666711
b2488,3.201335268
b2489,2.92627777
b2490,2.788576345
b2491,2.563839938
b2492,4.153600795
b2493,6.373300007
b0253,4.296675487
b2494,5.953695789
b2495,8.050578729
b2496,5.488927643
b2497,4.304230707
b2498,7.816192812
b2499,6.713058672
b2500,6.496472752
b2501,6.826512336
b2502,6.849447824
b2503,2.876000509
b0254,3.525051003
b2504,7.148100823
b2505,2.6625941
b2506,3.6327526
b2507,7.77157066
b2508,6.731813814
b2509,6.12277169
b2510,6.455971428
b2511,7.307119623
b2512,7.967105331
b2513,8.112482324
b4587,4.648064773
b2514,8.324207569
b2515,8.348756859
b2516,7.947512258
b2517,6.681072376
b2518,5.535163488
b2519,3.860757909
b2520,7.059601115
b2521,8.922388185
b4440,6.172455068
b2522,5.413262177
b0256,4.882829722
b2523,6.21656733
b2524,6.500837564
b2525,6.556422987
b2526,5.804564565
b2527,4.695001164
b2528,7.879675414
b2529,7.887545992
b2530,6.41563529
b2531,6.538508794
b2532,7.779596327
b4690,4.986636651
b2533,5.551506539
b2534,2.430468655
b2535,4.263554819
b2536,4.706264524
b2537,4.891946678
b4706,0.817555759
b2538,3.849741812
b2539,1.338226001
b2540,3.843214905
b2541,3.669263698
b0027,8.072030925
b0258,4.097304204
b2542,3.746834953
b2543,7.069388833
b2544,3.845430849
b2545,3.854526475
b2546,2.79655315
b2547,2.820492597
b2548,2.464901341
b2549,2.438546468
b2550,3.865618843
b2551,10.01030105
b0259,6.693079642
b2552,4.050172251
b2553,8.055036213
b2554,5.12333852
b2555,4.762969733
b2556,4.87204283
b4441,7.433665022
b2557,6.38967821
b2558,2.929546315
b2559,5.204010839
b2560,6.172086864
b0260,3.394472328
b2561,3.656680953
b2562,4.014861094
b4687,6.307124969
b4608,2.042562743
b2563,0.226394233
b2564,8.03867818
b2565,6.127915398
b2566,7.418595831
b2567,7.348749637
b2568,6.951198749
b0261,6.862854144
b2569,7.047926325
b2570,5.811970184
b2571,1.945696502
b2572,8.61072919
b2573,8.154352133
b2574,5.501607203
b2575,4.773087368
b2576,6.060346584
b2577,4.822184997
b2578,4.886640713
b0262,3.391660844
b2579,16.00323432
b2580,6.802745501
b2581,8.71884267
b2582,6.127023368
b2583,3.874599359
b2584,6.584266079
b2585,7.108202172
b2586,6.149230228
b2587,8.544864308
b2588,2.372100528
b0263,3.289401272
b2589,9.159732298
b2590,6.819152348
b2591,9.641050217
b2592,7.754114143
b4609,6.769457482
b2593,6.380912152
b2594,6.559656601
b2595,8.324423032
b2597,14.78986445
b2598,8.177907212
b4576,4.504534032
b2599,9.52929146
b2600,7.413475484
b2601,7.709022816
b2602,5.467262139
b2603,6.190116959
b2604,5.357050229
b2605,6.676623901
b2606,11.94403686
b2607,11.12881112
b2608,10.80972568
b2609,11.07110804
b2610,8.121812634
b2611,5.549705225
b4461,5.70050628
b2614,9.609144447
b2615,6.264972737
b2616,3.8915602
b2617,9.118515687
b2618,4.927379708
b2619,6.16371406
b0256,3.957005377
b2620,7.787018685
b2621,17.76793153
b2622,6.433228421
b2623,4.107970423
b2624,3.185501171
b2625,1.933833259
b2626,2.378497828
b2627,5.100635408
b2628,5.134514149
b2629,3.834666821
b4505,5.13863364
b2630,7.159204427
b2631,7.271823266
b2632,2.881765533
b2633,3.155510698
b2634,2.668690641
b2635,0.2216947
b2636,2.967870014
b2637,3.638983007
b2638,3.32564794
b2641,3.334880232
b0028,6.917856029
b0266,4.389614849
b2642,3.551063024
b4644,2.691426864
b2643,3.020060655
b2644,2.403013867
b4548,2.306916031
b2645,2.332595803
b2646,2.137500193
b4645,4.675754755
b2647,3.620391669
b2648,2.295794779
b0267,2.59916994
b2649,2.449383859
b2652,1.652168114
b4462,2.340501478
b2659,4.076403867
b2660,4.211947663
b2661,5.477565277
b2662,6.210482474
b2663,3.089333184
b2664,5.509263307
b2665,9.781246293
b0268,3.770544053
b2666,6.387670209
b2667,3.979815979
b2668,5.053282421
b2669,5.034443217
b2670,8.74865665
b2671,6.336261816
b2672,10.37828066
b2673,9.656538802
b2674,9.043686503
b2675,7.868783788
b0269,3.709238608
b2676,7.720599791
b2677,5.085178562
b2678,5.358378349
b2679,6.065143909
b2681,2.545417888
b2682,6.177954153
b2683,5.392068752
b2684,6.58746651
b2685,3.921438906
b2686,3.886436773
b0270,2.933588758
b2687,9.443786912
b4442,8.315381029
b2688,7.69115646
b2689,6.756340008
b2690,6.612224388
b2691,3.957472672
b2692,4.7881209
b2693,5.792476938
b2694,7.301374911
b2695,8.634504904
b0271,3.380971576
b2696,11.97372615
b2697,8.832958674
b2698,3.704987727
b2699,9.113571855
b2700,5.959318895
b2701,4.705588587
b2702,6.733716251
b2703,4.283573073
b2704,3.710081153
b2705,4.977756359
b0272,5.504704675
b2706,3.915726844
b2707,7.01449737
b2708,5.705453693
b2709,3.322759216
b2710,2.868357881
b2711,2.439749924
b2712,4.112653189
b2713,4.211099786
b2714,5.069435783
b2715,3.431272165
b0273,8.915552277
b2716,4.075884835
b2717,6.163715522
b2718,4.19541024
b2719,3.352977772
b2720,2.993023515
b2721,3.27246129
b2722,3.597324955
b2723,3.429996131
b2724,3.213099199
b2725,4.314308341
b4688,4.819373223
b2726,5.709383045
b2727,6.054110933
b2728,0.729502864
b2729,5.234240028
b2730,5.436673608
b2731,3.409587326
b2732,3.709233136
b2733,5.233458556
b2734,2.383663299
b2735,5.436497595
b4576,5.093412497
b2736,2.726083884
b2737,3.021428567
b2738,2.773410101
b2739,2.803632518
b2740,3.255487393
b2741,10.68778693
b2742,9.711465907
b2743,7.130119184
b2744,6.256541006
b2745,6.549300469
b0029,6.84649109
b0022,4.400980617
b2746,0.901738149
b2747,5.946361812
b2748,7.330089186
b2749,5.257865113
b2750,0.250621483
b2751,7.364646615
b2752,7.918777555
b2753,4.887448702
b2754,5.199471037
b2755,4.273320404
b0276,5.542359707
b2756,4.372265218
b2757,4.155106795
b2758,3.370838056
b2759,3.312900264
b2760,2.585242268
b2761,4.161724969
b4701,2.451187055
b2762,5.861727997
b2763,2.217367639
b2764,6.478506309
b0277,4.084420767
b2765,4.823804558
b2766,4.795803454
b2767,3.859322667
b2768,3.535696245
b2769,2.934227391
b2770,2.944473281
b2771,2.197470144
b4463,2.31844691
b2774,2.42823533
b2775,2.511499292
b0278,2.970149243
b2776,2.997076317
b2777,5.986388278
b4682,2.33971982
b2778,2.115259526
b2779,11.81348769
b2780,8.856688924
b2781,6.477988565
b2782,0.152899856
b2783,7.214602353
b2784,6.714249027
b0279,2.297455021
b2785,6.555100054
b2786,4.681186492
b2787,3.725268997
b2788,2.520179744
b2789,2.811640624
b2790,8.505183472
b2791,5.154164753
b2792,4.605483955
b4408,16.80204936
b2793,5.897934973
b0280,6.915410584
b2794,5.623856158
b2795,8.744618899
b2796,4.728561251
b2797,3.955143593
b2798,4.233008328
b2799,5.855904958
b2800,5.419633972
b2801,3.8958315
b2802,3.331997335
b2803,3.916787955
b0281,5.025146126
b2804,4.977748736
b2805,5.872454666
b2806,6.071873449
b2807,5.946509228
b2808,5.002886339
b4443,6.857106536
b2809,6.56682962
b2810,5.605577148
b2811,6.60362201
b2812,5.609119927
b2813,5.523453957
b2814,7.258454273
b2815,8.298305292
b2816,5.805664241
b2817,4.712645865
b2818,6.870951194
b2819,5.357408146
b2820,5.23981196
b2821,5.393018892
b2822,5.238330391
b0282,4.16051371
b2823,4.911070013
b2824,3.705828047
b2825,4.233005083
b2826,3.659559322
b2827,7.164609427
b2828,6.653853619
b2829,7.334090268
b2830,8.868189525
b2831,4.432317625
b2832,5.727869329
b0282,3.215441952
b2833,8.466447736
b2834,8.371501695
b2835,5.744998204
b2836,5.590918724
b4444,3.054498888
b4445,3.511684601
b2837,6.263097252
b2838,7.165552873
b2839,3.945276336
b2840,5.93872556
b0030,4.789566658
b0283,3.417905209
b2841,4.012035033
b2842,4.695717209
b2843,3.781480331
b2844,6.501931655
b2845,2.925623373
b2846,3.058746393
b2847,3.246811247
b2848,2.214032635
b4683,1.924485704
b2849,1.990236204
b0284,3.232844833
b2850,2.205075765
b2851,2.331653587
b2852,1.791812509
b2853,2.567473248
b2854,1.736850341
b2855,2.182695255
b2858,2.05444137
b2859,1.556510469
b0361,4.406081638
b4272,6.178163878
b0285,3.029089829
b2862,3.790859291
b2864,3.415514228
b2865,6.237643694
b2866,3.499362203
b2867,2.788242266
b2868,4.156359261
b2869,7.335316422
b2870,2.407291259
b2871,2.8787031
b2872,2.921667195
b0286,2.749954423
b2873,2.701367012
b2874,4.209127223
b2875,5.33573152
b2876,7.426598922
b2877,5.948649041
b2878,2.932894647
b2879,2.263578334
b2880,2.537101992
b2881,3.013937585
b2882,3.605348481
b0287,9.294337483
b2883,3.734277078
b4464,3.634542257
b2886,0.325822684
b2887,2.548713802
b2888,2.585803268
b4684,2.285587436
b2889,4.514557867
b2890,8.701166305
b2891,8.46740275
b2892,6.099725746
b0288,4.811478788
b2893,6.834581347
b2894,6.168843816
b2895,7.287962291
b2896,6.70318218
b2897,8.831814705
b2898,8.010482733
b2899,10.50607628
b2900,6.864328638
b2901,7.448542749
b2902,3.479535619
b0289,4.054984714
b2903,4.2657664
b2904,5.662464495
b2905,5.300146745
b2906,6.794964829
b2907,6.937168246
b2908,7.916931598
b2909,8.149761809
b2910,9.239960299
b2911,11.24935663
b2912,6.614409442
b0290,3.676242584
b4446,5.580612091
b2913,10.53033797
b2914,8.649806469
b2915,3.362506755
b2916,6.903382953
b2917,2.745248053
b2918,2.521915364
b2919,2.345065497
b2920,2.696129106
b0291,2.730984013
b2921,4.403225824
b2922,7.560792336
b2923,5.573087541
b2924,8.295117537
b2925,11.05639754
b2926,10.1055471
b2927,8.448688742
b2928,4.706790023
b2929,5.620155323
b2930,2.651904194
b0292,2.478673518
b4465,2.610707766
b2933,2.592593607
b2934,2.495930426
b2935,8.532434141
b2936,7.132981733
b2937,6.61510618
b2938,8.075423255
b2939,7.119254511
b2940,7.854868751
b2942,5.314266866
b0004,9.484731884
b0031,8.305315119
b0293,5.634364173
b2943,6.258450525
b2944,3.812800157
b2945,2.771429332
b2946,6.275388768
b2947,7.280247759
b2948,7.530532395
b2949,6.364037742
b2950,3.257688612
b2951,5.467617383
b2952,6.318432731
b0294,2.449671799
b2953,5.962227763
b2954,5.882834908
b2955,5.174783078
b2956,2.854959265
b2957,4.392799419
b2958,6.09380951
b2959,9.085994248
b2960,6.753575129
b2961,6.30462926
b2962,8.082038746
b0295,5.458390978
b2963,4.918260694
b2964,7.321069427
b2965,5.704289693
b2966,5.16286603
b2967,3.891539078
b2968,3.589681494
b2969,5.527952494
b2970,2.191794378
b2971,2.139008336
b2972,2.751345393
b4506,5.933842348
b4466,3.424446998
b2975,3.543000223
b2976,5.407295596
b2977,6.187733363
b4467,4.833987785
b4468,0.213020009
b2979,4.130988477
b2980,6.831129136
b2981,2.965276501
b0259,7.076048411
b0296,9.941160172
b2983,2.946242713
b2984,2.187064805
b2985,2.185437389
b2986,1.835289889
b2987,2.478566501
b2988,7.045119578
b2989,8.196378303
b2990,5.106836143
b2991,4.410159588
b2992,4.764368118
b4671,3.568637685
b2993,2.044479888
b2994,5.174569586
b2995,4.464350591
b2996,5.194855458
b2997,6.238909085
b2998,2.695733073
b4658,4.175903854
b3001,8.608389219
b3002,7.09065765
b3003,4.06650816
b4630,3.093645848
b3005,9.533488552
b3006,10.00492739
b3008,6.368090863
b3009,7.153545847
b3010,3.952586765
b3011,8.702552461
b3012,7.642663565
b3013,2.96100982
b3014,3.755523599
b4469,6.069225743
b0297,2.075733944
b3017,6.242387651
b3018,5.613771976
b3019,6.303208646
b3020,4.921805289
b3021,6.414819461
b3022,7.012541295
b3023,4.119760095
b3024,8.870236647
b3025,4.517610887
b3026,3.586958971
b0298,5.073612694
b3027,2.555909313
b3028,5.940416947
b3029,11.14298149
b3030,6.831022609
b3031,0.913714374
b3032,8.974002687
b3033,8.657845103
b3034,6.801297396
b3035,7.835936632
b3037,8.553220973
b1026,4.013065723
b3038,6.633244718
b3039,5.428465277
b3040,7.494839718
b3041,8.334983639
b3042,10.47769981
b3043,3.111642996
b3046,2.732470306
b4272,5.890399128
b0361,4.263972312
b3047,2.869777147
b0032,6.603454396
b0300,3.479150165
b3048,3.4321334
b3049,8.899784934
b3050,3.309045829
b3051,3.217156992
b4447,7.094147911
b4611,8.01890593
b3052,6.752292358
b3053,6.340717261
b4631,3.163073291
b3054,5.889431938
b3055,5.62361172
b3056,6.953758353
b3057,6.091092947
b3058,5.015159934
b3059,5.565353564
b3060,5.396330232
b3061,2.170496593
b3062,2.458278705
b3063,2.77543959
b0301,3.027724865
b3064,5.906300763
b3065,11.11358117
b3066,5.692960604
b3067,8.404980182
b3068,7.16247422
b3069,4.072075513
b3070,6.138890981
b3071,6.297975196
b3072,3.393210314
b3073,6.261493669
b0303,2.16467506
b3074,4.443912881
b3075,5.052016845
b3076,2.460376545
b3077,2.504161311
b3078,2.048249736
b3079,2.272687105
b3080,2.698070966
b3081,4.972429202
b3082,5.019924151
b3083,3.449429456
b0304,3.7189844
b3084,4.748039734
b3085,4.034462405
b3086,2.636307143
b3087,8.262562767
b3088,3.394359858
b3089,10.07139991
b3090,4.347456087
b3091,4.527086925
b3092,5.135712474
b3093,4.06108096
b0305,2.582743067
b3094,8.264402653
b3095,6.80769242
b3096,6.738245201
b3097,8.803418272
b3098,9.71060742
b3099,9.208795931
b3100,8.630142407
b3101,3.872351384
b3102,4.858718118
b3103,8.061888023
b0306,3.957745501
b3104,3.310718679
b3105,6.421706309
b3106,4.020296147
b3107,8.847170712
b4470,4.572092824
b3110,4.164317816
b4471,3.383871804
b3113,3.514829107
b3114,2.879179554
b3115,2.736622752
b0307,4.061355389
b3116,3.451093808
b3117,3.131939621
b3118,5.996307191
b3119,2.232978765
b3120,2.554968443
b3121,2.112028842
b3123,15.48430142
b3124,4.094272588
b3125,3.986052979
b3126,2.937258401
b0308,4.113793837
b3127,2.873547777
b3128,4.709395079
b3129,1.829811249
b3130,7.055342146
b3131,6.48074592
b3132,2.65517799
b3133,2.923730481
b3134,3.056915871
b3135,3.513003667
b3136,2.619194619
b0310,1.719652893
b3137,2.271280049
b3138,1.895476093
b3139,2.03192921
b3140,2.548905809
b3141,2.251874988
b3142,3.528149723
b3143,2.590238778
b3144,3.813630202
b3145,4.081276732
b3146,5.027518194
b0033,6.819155937
b0311,3.728251376
b3147,6.64219975
b3148,6.564266216
b3149,6.896997524
b3150,6.981330073
b3151,5.565787622
b3152,5.484255316
b3153,4.168272132
b3154,4.192701933
b3155,5.947961121
b3156,8.837693737
b0312,4.454037278
b3157,10.2106889
b3158,4.292939365
b3159,4.284480546
b3160,4.503054196
b3161,4.781323783
b3162,9.637154226
b4685,7.856656712
b3163,9.063353276
b3164,9.873528773
b4449,6.57055638
b0313,4.543263679
b3165,11.37866821
b3166,6.869443752
b3167,8.32704461
b3168,9.558303613
b3169,9.057972088
b3170,8.56620342
b3171,5.988062521
b3172,8.925626947
b3173,3.339762502
b3174,6.776260202
b0314,4.325665499
b3175,9.79101087
b3176,8.731832267
b3177,7.323313349
b3178,9.067238657
b3179,8.768137926
b3180,9.169936929
b3181,8.125140024
b3182,4.339340692
b3183,8.340837391
b3184,6.887381752
b0315,3.454407795
b3185,11.86634569
b3186,12.07618374
b3187,7.377303528
b3188,5.95346194
b3189,7.665258945
b3190,7.42791772
b3191,3.188888934
b3192,7.899479069
b3193,7.630722973
b3194,6.791609091
b0316,4.570988414
b3195,6.704242568
b3196,5.2130286
b3197,6.365642745
b3198,7.035606145
b3199,6.875636648
b3200,7.745849054
b3201,7.406646991
b3202,7.955424864
b3203,8.899977149
b3204,7.883014447
b0317,3.371143112
b3205,7.488323861
b3206,6.698768175
b3207,8.327506083
b3208,5.110880248
b3209,7.347520419
b4450,6.395927075
b3210,6.744635097
b3211,3.65566316
b3212,9.183195088
b3213,9.793147871
b0318,4.239576236
b3214,4.786734123
b3215,2.565632564
b3216,3.069507314
b4569,2.965396643
b0259,1.233127115
b3219,0
b3220,0.006830985
b3221,4.540333413
b3222,0.891631919
b3223,4.255301431
b0319,2.44227375
b3224,4.247627889
b3225,5.51679705
b3226,6.390051937
b3227,2.79464011
b3228,8.044580717
b3229,8.632439937
b3230,11.26818604
b3231,10.37958421
b3232,5.36783133
b3233,10.92387477
b0320,1.99377717
b3234,5.627865974
b3235,5.509578426
b3236,9.40580109
b3237,8.349899434
b3238,6.028269596
b3239,6.513359615
b3240,2.847605955
b3241,3.660317932
b3242,5.032789318
b3243,5.674090517
b0034,7.014337864
b0321,2.475197737
b3244,7.464947549
b4472,4.968036288
b3247,5.959818085
b3248,6.325739892
b3249,0.625698273
b3250,6.248697677
b3251,8.419124169
b3252,5.385072963
b3253,6.68195838
b4697,4.998877892
b0323,2.540336392
b4646,3.753804351
b3255,7.586926526
b3256,7.530084396
b3257,3.973609557
b3258,4.180361698
b3259,5.850274211
b3260,8.262272028
b3261,9.215656459
b3262,2.804151928
b3263,2.58484801
b0324,4.473138188
b3264,2.039631744
b3265,2.366996381
b3266,3.183246983
b3267,6.369758104
b3268,4.926636884
b3269,2.835913059
b3270,2.914843713
b3271,3.859323636
b3272,2.272199694
b3273,2.256429586
b0325,6.866390499
b3274,2.765680119
b3275,9.212324096
b3276,3.518077757
b3277,4.711335195
b3278,9.483179078
b3279,8.306958472
b3280,7.579896436
b3281,7.180996072
b3282,7.174511316
b3283,8.447627807
b0326,1.518140045
b3284,9.978172479
b4473,7.39310602
b3287,9.074383868
b3288,7.540779146
b3289,6.755279234
b3290,6.333854206
b3291,10.06252884
b4550,5.256130697
b3292,6.42131349
b3293,6.583334987
b0327,4.997147574
b3294,11.5343729
b3295,11.39389025
b3296,11.88162321
b3297,11.31545226
b3298,11.78334193
b3299,12.05927413
b3300,11.78192752
b3301,12.65426142
b3302,11.56809842
b3303,12.08936411
b0328,6.478829177
b3304,11.53966271
b3305,11.66350576
b3306,11.70618886
b3307,11.80439103
b3308,11.54782893
b3309,12.14511785
b3310,12.56415391
b3311,11.7875339
b3312,11.19071266
b3313,11.8158124
b0329,10.15397976
b3314,11.55544688
b3315,11.79666469
b3316,11.3474864
b3317,11.38912499
b3318,11.88469824
b3319,11.39322053
b3320,11.70126395
b3321,11.0626043
b3322,4.197707991
b3323,3.217098535
b0330,3.155589687
b3324,2.847484054
b3325,3.523628725
b3326,2.652033695
b3327,3.063540346
b3328,2.657628148
b3329,2.408704278
b3330,2.28498224
b3331,3.210683942
b3332,3.05877924
b3333,3.529363663
b0331,2.559662213
b3334,1.158407659
b3335,4.453336202
b3336,7.435486699
b3337,8.921559176
b3338,3.877836471
b3339,12.77172045
b3340,11.34644457
b3341,10.71459346
b3342,11.01617206
b3343,5.446598885
b0035,3.231694146
b0333,2.148224544
b3344,5.648949911
b3345,5.058238614
b3346,6.293862532
b3347,8.784208649
b3348,6.73285143
b3349,11.09137388
b4551,7.601408899
b3350,5.429906494
b3351,5.340673277
b3352,5.635125248
b0334,2.528242212
b3353,4.868822716
b3354,6.059117341
b3355,6.487491763
b3356,9.541247902
b3357,9.657526837
b3358,5.494125789
b3359,6.986683864
b3360,4.220446538
b3361,6.41849586
b3362,6.815432218
b0335,2.701781059
b3363,6.437051475
b3364,4.047900932
b3365,6.453847328
b3366,7.381895362
b3367,6.315511018
b3368,6.253133006
b3369,4.190940012
b3370,2.390193289
b3371,2.99117219
b4474,3.17153265
b0336,4.823924093
b3374,3.697662978
b3375,5.623150726
b3376,3.492621147
b3377,2.885504885
b3378,3.183613239
b3379,2.909029263
b3380,2.6044337
b3381,2.029931913
b3382,3.902709334
b3383,4.878760296
b0337,5.866328258
b3384,7.775497615
b3385,7.054648054
b3386,7.4744307
b3387,6.715848479
b3388,7.982671698
b3389,8.460176625
b3390,8.410565973
b3391,3.203029452
b3392,2.941681074
b3393,2.772504506
b0338,3.091557597
b3394,0.652968978
b3395,3.906876688
b3396,4.922243122
b3397,5.492581872
b3398,5.356575521
b3399,6.101010667
b3400,6.646561171
b3401,6.52245775
b3402,4.267774614
b3403,9.315259091
b0339,3.437646909
b3404,5.666847824
b3405,7.596107262
b3406,5.376274228
b3407,5.970661355
b3408,11.34142169
b3409,10.70701621
b3410,10.67069766
b3411,3.983859084
b3412,5.396458474
b3413,5.76197363
b0340,3.115130903
b3414,7.015986755
b3415,4.722190319
b3416,6.147120576
b3417,6.619408748
b3418,8.096374214
b4475,4.932121537
b3421,4.090965449
b3422,3.317632062
b3423,5.657877012
b3424,5.682820612
b0341,3.041102105
b3425,5.283043706
b3426,6.976774146
b3427,5.110749404
b3428,8.253582647
b3429,0.789991143
b3430,8.625134038
b3431,7.803581011
b3432,8.002636746
b3433,10.59227578
b3434,5.378231589
b0342,2.406727456
b4476,3.720745342
b3437,3.369155468
b3438,5.98363694
b3439,7.173721507
b3440,7.749578358
b4451,4.924168
b3441,5.830417642
b3442,2.233720831
b3443,2.278194442
b3293,3.712690214
b0036,2.404927761
b0343,2.665078574
b4576,3.75430005
b3446,4.000435191
b3447,5.417803156
b3448,7.172866609
b3449,5.467437391
b3450,4.939549258
b3451,2.973674817
b3452,2.655191857
b3453,4.263921178
b3454,8.273561002
b0344,2.315489895
b3455,7.969716729
b3456,8.357233286
b3457,8.005321403
b3458,9.009619468
b3459,5.320241958
b3460,10.62941769
b3461,7.835836302
b3462,6.77613178
b3463,7.324814214
b3464,6.843423204
b0345,5.114988726
b3465,6.08353221
b3466,5.861115904
b3467,5.272628496
b3468,6.072144336
b3469,3.607296682
b3470,6.224539568
b3471,4.127984761
b3472,9.456447312
b3473,5.409299134
b3474,4.730568922
b0346,5.322716318
b3475,5.792662438
b3476,2.528131538
b3477,2.61551001
b3478,1.216537416
b3479,3.024389142
b3480,3.088918685
b3481,5.701967201
b3482,3.190870901
b3483,2.941821365
b4552,3.304488814
b0347,2.21470937
b3484,2.395709884
b3485,3.908611563
b3486,3.603419923
b3487,5.575366319
b3488,2.554715352
b4660,2.504234512
b3491,3.00505097
b3492,5.242556547
b3493,7.037749097
b3494,7.517884925
b0348,1.980723715
b3495,11.84968618
b3496,4.685267438
b3497,5.30358308
b3498,6.655064917
b3499,6.068947831
b3500,7.538585053
b4613,6.406231125
b4712,4.562103101
b4713,2.800167647
b3501,3.488568559
b0349,4.211728398
b3502,3.015926092
b3503,4.453473907
b3504,2.284009629
b0259,1.777421359
b3506,7.440635542
b3507,3.321663399
b3508,3.6149244
b3509,9.449239549
b3510,11.22270518
b3511,8.286401557
b0350,5.012362453
b4704,6.625290146
b3512,5.136175177
b3513,3.155632783
b3514,3.969689835
b3515,6.047576617
b4452,6.02828483
b3516,6.197838612
b3517,5.969728991
b3518,4.196103192
b3519,4.825361823
b0351,4.549318932
b3520,4.462510951
b3521,3.308964326
b3522,4.619521619
b3523,7.890672193
b3524,4.766643549
b3525,2.712175632
b3526,5.570660882
b3527,5.012068086
b3528,8.29311098
b3529,4.824798734
b0352,5.238008957
b3530,3.987622439
b3531,3.440544268
b3532,3.649322785
b3533,3.108385224
b3534,4.748624529
b3535,7.325994035
b3536,7.604052481
b3537,6.378592229
b3538,6.202420122
b4453,5.492400034
b0037,3.722504369
b0353,4.457586078
b4454,4.820184235
b3539,4.959184061
b3540,7.296705638
b3541,7.130103904
b3542,6.611389749
b3543,6.078031708
b3544,10.20425291
b3545,3.729341075
b3546,5.271268059
b3547,3.665937178
b0354,7.365758553
b3548,5.574138908
b3549,6.683404523
b3550,5.861293698
b3551,5.988316172
b3552,4.319226662
b3553,7.330868019
b3554,8.457813421
b3555,8.653233404
b3556,14.89347266
b4647,0.905293028
b0355,4.221052136
b4455,2.704569691
b3557,3.117935387
b3558,2.753097457
b4614,3.769919813
b3559,8.692312853
b3560,8.337235123
b4553,3.989753155
b3561,3.57044432
b3562,3.908717509
b3563,2.912330851
b0356,4.925777432
b3564,4.053048681
b3565,4.104045035
b3566,3.719024699
b3567,3.63432188
b3568,3.27262576
b3569,3.937411208
b3570,6.122057173
b3571,4.466205252
b3572,7.11302064
b3573,6.812326224
b0357,5.456307735
b3574,5.201901825
b3575,2.54802247
b3576,1.843236602
b3577,1.876389399
b3578,2.556887017
b3579,2.299879639
b3580,2.734021139
b3581,2.952621354
b3582,2.665419144
b3583,3.329170435
b0358,2.830966469
b4648,2.210995595
b4649,2.566277778
b3584,2.843702538
b3585,4.264601938
b3586,2.586687822
b3587,2.249928269
b3588,5.325164441
b3589,2.372569299
b3590,6.752156793
b3591,7.058251526
b4579,1.73171955
b3592,5.780138959
b3593,3.342689819
b3594,3.631672246
b3595,3.937254692
b3596,2.460142812
b4650,2.634003386
b4651,2.324662651
b4615,2.173674618
b4652,2.313961992
b3597,3.881866754
b4272,6.126500339
b3598,5.158683946
b3599,6.818983807
b3600,6.802608448
b3601,7.128241333
b4554,8.931189437
b3602,7.968887062
b3603,3.629052075
b3604,3.709221028
b3605,4.300493295
b3606,4.888049701
b0361,4.91532741
b3607,6.448063314
b3608,0.084243513
b3609,9.615040504
b3610,8.797543424
b3611,8.145468911
b3612,9.500522958
b3613,5.542515487
b3614,4.357515577
b3615,2.91426344
b3616,6.036846775
b0363,2.422448799
b3617,6.287812375
b3618,5.278417383
b3619,8.174242001
b3620,7.194560833
b3621,5.908182702
b3622,5.719975073
b3623,5.623493743
b3624,5.205029059
b3625,5.568407973
b3626,6.25624056
b0038,3.235065233
b0364,1.848648036
b3627,6.41635735
b3628,6.183167663
b3629,6.173756423
b3630,6.112746792
b3631,6.633399267
b3632,6.66122751
b3633,5.143369905
b3634,5.51286997
b3635,4.646615546
b3636,11.18204461
b0365,2.89829097
b3637,11.60279978
b3638,6.572429535
b3639,6.255527366
b3640,7.1180949
b3641,5.864715654
b3642,4.261656918
b3643,6.010870417
b3644,7.816421845
b3645,4.864583946
b3646,3.140336285
b0366,3.04700948
b3647,3.962191237
b3648,8.177990216
b3649,10.45760586
b3650,7.247333444
b3651,5.758966373
b3652,5.048173461
b3653,5.832272585
b3654,5.486570328
b3655,6.041729861
b3656,3.507203433
b0367,3.006928845
b3657,2.969006134
b3658,3.249526799
b4653,2.743899824
b3659,2.289496058
b3660,5.456119683
b3661,7.555816021
b4555,4.140641366
b3662,4.334572372
b3663,5.486500257
b3664,2.824269422
b0368,3.452753228
b3665,4.644450639
b3666,3.118138948
b3667,3.436561571
b3668,0.090351991
b3669,6.684291011
b3670,7.743422112
b3671,7.576761676
b3672,9.538373899
b4616,3.091364455
b4618,8.481146681
b0369,7.562678703
b3673,3.078269196
b3674,7.432739968
b3675,4.668198595
b3676,5.509206198
b3677,5.418879866
b3678,2.839156098
b3679,2.49627021
b3680,3.341866483
b3681,0.462601948
b3682,2.425630328
b4580,2.816247809
b3684,2.931735483
b3685,6.590156503
b3686,4.890029088
b3687,6.185983668
b3688,8.708658444
b3689,5.981233489
b3690,2.272921983
b3691,2.745549516
b4478,3.175124942
b4477,3.161149127
b1026,4.000999776
b3693,3.343528376
b4479,4.488710377
b3696,4.274442667
b3697,7.348895284
b3698,4.710071659
b3699,8.016263112
b3700,0.187600778
b3701,6.54002394
b3702,6.890049609
b3703,10.9138269
b0298,4.595877453
b3704,7.722102658
b4557,6.690138225
b3705,7.717814354
b3706,5.479038783
b3707,5.398887372
b3708,4.974711812
b3709,3.355913687
b3710,3.219060639
b3711,4.492900531
b3712,6.402594027
b0375,2.503790525
b3713,7.19002948
b3714,6.655461375
b3715,4.667022846
b3716,4.638199056
b3717,5.511872658
b3718,3.632557179
b3719,2.7254816
b3720,2.351938499
b3721,2.561561142
b3722,3.573737357
b0039,3.504485694
b0376,4.925452082
b3723,2.011296033
b3724,6.163968164
b3725,5.738366505
b3726,3.160466638
b3727,4.246643154
b3728,4.247094229
b3729,8.243570114
b3730,7.914162907
b3731,10.35975723
b3732,10.45563884
b0377,5.540462801
b3733,9.687311405
b3734,9.822469794
b3735,10.07179945
b3736,10.38468042
b3737,11.0213971
b3738,9.240690049
b3739,7.446969105
b3740,5.861922022
b3741,6.834875403
b3742,6.831110992
b0378,5.69225799
b3743,4.666086126
b3744,8.990037812
b3745,5.296434825
b3746,6.296805773
b3747,5.0930905
b3748,10.41600172
b3749,6.842464241
b3750,7.284942003
b3751,8.706889695
b3752,6.931135957
b0379,6.873887154
b3753,4.535410852
b3754,4.780393101
b3755,7.688251012
b3756,10.07826382
b3757,4.216514079
b3758,10.82790583
b3759,2.772193172
b3760,4.874356757
b3761,5.104118971
b4480,6.391574997
b0380,8.022516239
b3764,9.228112612
b3765,3.792139614
b3766,10.46344647
b4669,11.45518271
b4488,10.1785325
b3769,7.510276857
b3770,8.930657164
b3771,7.824488877
b3772,7.389842917
b3773,4.952778623
b0381,7.363227638
b3774,9.757720459
b3775,8.186044223
b3777,5.693568233
b3778,5.364002068
b3779,7.114642734
b3780,8.379707592
b3781,10.90687167
b3783,9.104695615
b3784,6.685892482
b3785,6.886705419
b0382,8.743664166
b3786,5.939552493
b3787,6.419401785
b3788,6.236624429
b3789,6.490955871
b3790,5.677759572
b3791,6.462270787
b3792,5.444445288
b4481,5.314655683
b3793,4.681465372
b3794,5.458884664
b0383,5.439014407
b3795,5.589250543
b3796,7.547711962
b3797,7.148845214
b3798,7.487425977
b3799,3.349449041
b3800,3.160617239
b3801,3.143478961
b4456,7.734718353
b3802,7.446357043
b3803,6.674839867
b0384,6.157726514
b3804,6.637329714
b3805,7.705532086
b3806,7.780110737
b3807,6.591951814
b4558,8.384434298
b3809,7.736319457
b3810,6.974519152
b3811,6.605373998
b3812,5.56470058
b3813,6.96070551
b0385,2.963031443
b4482,3.154099833
b3816,6.338645957
b3817,3.559252733
b3818,2.463115492
b3819,4.273433636
b3820,4.850423879
b3821,5.208777442
b3822,4.767089218
b3823,7.671362373
b3824,7.542072167
b0040,2.397403164
b0386,6.160102399
b3825,5.868205579
b3826,5.886512518
b3827,4.200874906
b3828,3.917330055
b3829,8.950941172
b3830,6.559569563
b3831,10.08355307
b3832,5.649215065
b3833,7.747604541
b3834,7.066514043
b0387,6.983568824
b4707,0.058022867
b3835,5.727673588
b3836,10.51661004
b3838,7.986940368
b3839,6.210558961
b4483,4.858482915
b3842,5.038246374
b3843,7.519750115
b3844,8.061879299
b3845,3.451815301
b0388,6.345542803
b3846,4.096610763
b3847,8.364615464
b3848,7.144097804
b3849,5.953008903
b3850,6.592958375
b3851,10.97112526
b3852,4.722363333
b3853,3.365057177
b3854,10.35752988
b3855,1.761560022
b0389,7.096275628
b3856,4.801574596
b3857,5.347219862
b3858,8.691538351
b3859,6.374787646
b3860,7.846404293
b3861,3.186329156
b3862,3.609802959
b3863,6.982827379
b3864,5.688130273
b3865,7.713015009
b0390,5.123598422
b4457,11.44583839
b3866,7.592767746
b3867,5.81424947
b4686,8.98310676
b3868,6.998174647
b3869,6.8255956
b3870,10.2231457
b3871,8.739325905
b3872,5.351192161
b3873,3.921152866
b0391,10.15267207
b3874,2.902609971
b3875,2.71767088
b3876,2.606655167
b3877,2.671156899
b3878,2.488376935
b3879,2.101473756
b3880,3.26786072
b3881,3.115351019
b3882,2.951601534
b3883,4.113847414
b0392,4.848492304
b3884,5.724528366
b3885,7.809556004
b3886,5.71920646
b3887,8.093293687
b3888,6.586368917
b3889,2.078444655
b3890,5.552030694
b3891,6.567826685
b3892,5.894463878
b3893,4.144855547
b0393,6.001662522
b3894,5.423363185
b3895,5.741029841
b3896,2.879875772
b3897,2.796039356
b3898,3.388252981
b3899,2.460008836
b3900,2.403000199
b3901,2.87916103
b3902,2.288818756
b3905,2.848112744
b0394,5.928814313
b3906,4.038781009
b3907,3.359319315
b3908,9.433225743
b3909,3.97196006
b3910,6.689294484
b3911,6.189339669
b3912,7.301093759
b4484,6.210961407
b3915,7.253315346
b3916,10.15331368
b0396,4.982874279
b3917,4.992380246
b3918,3.301092804
b3919,10.26385045
b3920,4.454332278
b3921,5.383324654
b3922,8.304255323
b3923,8.178574912
b3924,6.530726367
b3925,5.655196118
b3926,6.47600274
b0005,6.554153354
b0041,2.399758137
b0397,4.109503719
b3927,8.396224887
b3928,11.72378202
b3929,10.43104077
b3930,4.89208439
b3931,7.500778739
b3932,7.484569691
b3933,6.460859876
b3934,5.805717086
b3935,4.642277687
b3936,12.71608161
b0398,4.508376867
b3937,3.591633891
b3938,7.032410084
b3939,5.164858116
b3940,5.764779207
b3941,4.286176047
b3942,7.495529719
b3943,4.631272242
b3944,2.630922128
b3945,8.630334212
b3946,4.477935391
b0399,4.411794215
b3947,2.654136164
b3949,2.843977092
b3950,3.724835652
b3951,2.941136028
b3952,3.02116615
b3953,3.774811081
b3954,3.673964355
b3955,5.809600838
b3956,9.255905549
b3957,6.698036121
b0400,3.606344052
b3958,7.166897922
b3959,7.919795221
b3960,7.777366876
b4458,2.993044907
b3961,8.273517817
b3962,6.00411872
b3963,7.51278438
b3964,8.273327761
b3965,6.045185994
b3966,6.919440659
b0401,7.041214194
b3967,6.754099652
b3968,11.54673632
b3969,6.702084031
b3970,10.31224467
b3971,2.745584199
b3972,6.260096414
b3973,6.589381262
b3974,5.859439446
b3976,7.206944558
b3977,7.367807071
b0402,6.305657571
b3978,8.670035096
b3979,7.367941408
b3980,11.78310638
b3981,9.178668162
b3982,8.844897985
b3983,10.72290833
b3984,10.97897222
b3985,11.05895346
b3986,12.2851281
b3987,9.732156687
b0403,5.161641543
b3988,9.748010987
b3989,4.898854188
b4691,5.13824912
b3990,5.600290318
b3991,5.915108521
b4407,5.798691027
b3992,5.545669248
b3993,1.773832687
b3994,5.511188901
b3995,7.220641786
b0404,4.412002822
b3996,5.911430246
b3997,7.00838245
b3998,6.011764176
b3999,6.535263714
b4000,11.78795861
b4001,5.568404752
b4002,2.846604528
b4003,4.218058779
b4004,4.361000842
b4005,6.008317935
b0405,5.367234882
b4006,5.684052242
b4007,8.364214226
b4008,5.545575322
b4009,8.716781847
b4010,2.528087541
b4011,2.871069557
b4012,4.347461275
b4013,4.162835317
b4014,9.345218835
b4015,10.33249283
b0406,6.9078403
b4016,7.556338136
b4017,3.494164257
b4018,6.560291701
b4019,7.944917028
b4020,4.275800754
b4021,7.249502762
b4022,6.442733191
b4023,9.900761372
b4024,8.533257024
b4025,8.530081249
b0042,2.461502639
b0407,9.702694991
b4026,6.280147732
b4027,2.289886711
b4028,0.690011314
b4029,2.769073526
b4620,4.501508239
b4030,6.070124537
b4031,3.790084427
b4032,5.26871916
b4033,5.089793746
b4034,8.75627869
b0408,7.22864787
b4035,7.60810636
b4036,7.211655431
b4037,6.398558429
b4038,2.256906901
b4039,6.69006581
b4040,5.989318021
b4041,6.450644717
b4042,5.908652778
b4043,9.733147473
b4044,4.670693452
b0409,8.016714889
b4045,6.607170135
b4046,7.270533558
b4047,2.562232788
b4048,2.999031236
b4049,5.589451478
b4050,5.382834162
b4051,7.544031006
b4052,6.497190778
b4053,6.850196653
b4054,7.856672514
b0410,8.006310847
b4621,2.088239573
b4055,6.38232062
b4056,7.502690486
b4057,7.478688178
b4058,6.703932164
b4059,9.045341555
b4060,5.861933085
b4061,3.845063934
b4062,7.208068686
b4063,4.686572766
b0411,8.334133809
b4459,2.763523892
b4064,5.321268905
b4065,5.982986969
b4066,1.972143557
b4067,3.194720833
b4068,2.733620989
b4069,5.00983104
b4070,2.715073003
b4071,2.943460096
b4072,2.935346006
b0412,5.138431752
b4073,3.062215266
b4074,2.657573351
b4075,2.917136105
b4076,2.400404671
b4077,6.534452909
b4078,6.756358881
b4079,5.122547342
b4080,2.316895436
b4081,1.940594237
b4082,3.413926117
b0413,7.860272644
b4622,2.153679079
b4083,1.964176994
b4084,3.676248261
b4085,3.338282409
b4086,3.583668352
b4087,2.619860469
b4088,3.651263281
b4089,6.820208175
b4090,4.428245048
b4487,5.410540854
b0414,7.129103123
b4092,3.535440699
b4093,3.702475854
b4094,0.78666551
b4095,2.625388573
b4096,3.579515896
b4097,2.594016207
b4098,2.40724636
b4099,2.48477499
b4100,2.478741715
b4101,2.418441171
b0415,8.068788934
b4102,2.50258221
b4583,2.86630109
b4105,2.373917444
b4106,2.111016972
b4107,4.398281842
b4108,6.261860602
b4109,4.942701468
b4110,4.192056117
b4111,8.183444604
b4703,5.800252783
b0416,7.95321683
b4112,4.949678191
b4113,6.70367178
b4114,2.897286951
b4115,3.437239863
b4116,4.929489478
b4117,3.147510576
b4118,7.352020318
b4119,3.867422881
b4120,4.223828934
b4121,4.556176076
b0043,2.184802971
b0417,5.263320753
b4122,4.875987601
b4123,6.455117502
b4124,5.95188581
b4125,5.129939639
b4126,7.409916502
b4127,7.085008643
b4128,2.986936535
b4559,2.873966264
b4129,5.608579312
b4130,3.523820178
b0418,7.686377988
b4131,2.431333998
b4132,2.208472307
b4133,4.728300371
b4654,1.632221244
b4134,3.729781487
b4135,7.13450678
b4136,5.282024744
b4137,6.455654048
b4138,8.115613452
b4139,9.436016466
b0419,7.848128807
b4140,6.368534079
b4141,5.745757831
b4142,8.723906758
b4143,8.904363405
b4144,10.56166309
b4145,4.598527132
b4146,5.330677531
b4147,8.675868624
b4410,4.700960032
b4411,8.003572288
b0420,6.103852226
b4148,6.547593239
b4149,6.009342332
b4150,4.004239249
b4151,9.339815214
b4152,8.737547811
b4153,8.501282996
b4154,9.216106617
b4155,5.121692481
b4156,3.121834125
b4157,3.299095412
b0421,6.332597768
b4158,4.010791488
b4159,5.015546485
b4160,7.454870447
b4161,7.347210092
b4162,7.103598118
b4163,6.721995873
b4164,6.512088688
b4165,5.542767432
b4670,3.127296351
b4166,5.275334509
b0422,7.021472679
b4167,5.500221966
b4168,5.691730846
b4169,5.925229999
b4170,5.756117227
b4171,8.866083148
b4172,10.80265663
b4173,7.855310231
b4174,8.480306497
b4175,8.551153359
b4176,4.468167798
b0423,6.172882649
b4177,11.17499387
b4178,7.690135152
b4179,8.452231716
b4180,7.254825101
b4181,2.172586227
b4182,2.912893446
b4183,2.403532407
b4184,2.136755525
b4185,2.13860943
b4186,2.275751812
b0424,6.978947898
b4187,5.200311007
b4188,8.959831366
b4189,9.877817171
b4190,5.569898146
b4191,4.998024649
b4192,3.78169129
b4193,2.537741267
b4194,3.141747435
b4195,3.231518071
b4196,3.522699803
b0425,6.734661598
b4197,0.166217913
b4198,3.89074402
b4199,5.405312744
b4200,10.74355596
b4201,9.844128792
b4202,10.10656775
b4203,10.75006996
b4204,2.713252698
b4205,3.436041538
b4206,7.381549936
b0426,9.464333411
b4207,8.022563014
b4208,8.206786187
b4209,4.033177371
b4210,3.640202747
b4211,4.874841646
b4212,4.398831283
b4213,5.350335415
b4214,7.468189349
b4215,2.75107529
b4216,6.347538463
b0044,2.030751261
b0427,3.785826726
b4217,8.324772156
b4218,4.721084757
b4219,7.65792129
b4220,5.314035792
b4221,6.022119127
b4222,7.462121082
b4224,7.073716295
b4225,6.433857628
b4226,10.80109631
b4227,6.299934452
b0428,8.682337068
b4485,3.603875388
b4230,3.3822039
b4231,4.022888096
b4232,7.043074748
b4233,7.380056282
b4234,7.914878421
b4235,7.378097237
b4236,6.951565808
b4237,4.242381863
b4238,5.403737314
b0429,8.638374949
b4239,3.181848831
b4240,4.538718979
b4241,4.837126065
b4702,5.344022899
b4242,4.812065999
b4243,9.861097693
b4244,8.820396238
b4245,7.695474007
b4246,4.995499037
b4248,4.125234534
b0430,7.510224028
b4249,3.299475005
b4251,4.950420698
b4252,13.58535197
b4253,5.223831668
b4254,7.433722492
b4255,11.81722551
b4256,6.453620826
b4257,2.399616774
b4258,7.68747083
b4259,6.128698258
b0431,7.868693583
b4260,7.353814906
b4261,0.199834307
b4262,6.748926745
b4263,5.497800405
b4264,4.558500848
b4265,4.232055265
b4266,3.309207845
b4267,3.44935752
b4268,3.480506918
b4269,6.064917086
b0432,8.591396164
b4270,3.580706133
b4271,6.275022067
b4272,6.136287961
b0361,4.662233194
b4575,4.782371257
b4277,2.642657859
b4278,4.324389676
b4279,3.867448156
b4280,5.170495268
b4655,2.974508188
b0433,4.55988408
b4281,3.704628173
b4282,3.173471158
b4623,3.182966938
b0256,4.009498403
b4561,2.670240391
b4286,3.034354223
b4287,5.353844854
b4288,5.17993045
b4289,5.267797126
b4290,6.81885734
b0434,6.406228826
b4291,6.567658109
b4292,7.445513477
b4293,8.803626456
b4576,4.29411589
b4295,6.855589168
b4296,3.034032083
b4297,4.373206351
b4298,3.533852977
b4299,4.044084271
b0435,10.51442684
b4300,4.082645983
b4301,3.525743843
b4302,3.854004287
b4624,4.008442259
b4303,4.993557247
b4304,3.266176495
b4565,3.935034909
b4305,4.870373377
b4656,7.019254211
b4306,4.021835232
b0436,10.48413112
b4307,4.071502945
b4566,6.149126265
b4657,4.526467532
b4308,3.131970322
b4309,2.783486352
b4310,3.702611836
b4311,2.659932429
b4312,6.984719893
b4313,3.906520372
b4314,10.90399593
b0045,2.225322721
b0437,9.490131249
b4315,7.210907668
b4316,4.999438219
b4317,4.535474229
b4318,5.013051356
b4319,4.93254791
b4320,4.63727565
b4321,2.988344668
b4322,4.402467164
b4323,4.364230154
b4324,5.860160113
b0438,9.284437776
b4325,1.961425081
b4326,3.551255743
b4327,4.315489088
b4328,5.459385847
b4329,4.684010081
b4330,2.630921401
b4331,5.097482585
b4332,3.502238703
b4333,3.478331543
b4334,3.478253185
b0439,8.12526712
b4335,4.855116557
b4336,4.074209899
b4337,4.411675816
b4584,5.506924639
b4340,3.380780693
b4341,2.737269068
b4342,5.479196068
b4486,3.90188166
b4345,0.251785008
b4346,3.795283174
b0440,13.59274634
b4347,3.683875225
b4625,2.880859952
b4348,4.143149751
b4349,4.784225029
b4350,5.057807623
b4351,5.723626465
b4352,5.894663045
b4353,5.518546526
b4354,8.309329253
b4355,3.726182781
b0441,7.918385913
b4356,4.082640415
b4357,7.388998682
b4358,2.621593672
b4359,4.731658136
b4360,5.603302903
b4361,5.386184883
b4362,5.15103152
b4363,3.516740366
b4364,4.180484539
b4365,2.4145548
b0442,5.398323814
b4366,6.365236147
b4367,9.795600361
b4567,12.08847593
b4368,10.03113194
b4369,9.614314353
b4370,8.951300193
b4371,5.424334296
b4372,4.865332433
b4373,4.583114221
b4374,4.956284854
b0443,4.510623453
b4375,6.485170623
b4376,6.803357857
b4568,8.436014891
b4377,5.523728449
b4378,5.01788716
b4379,4.966416488
b4380,6.035436758
b4381,7.987804027
b4382,6.037996098
b4383,7.834667505
b0444,6.704057761
b4384,8.101861591
b4385,4.397503704
b4386,5.461747585
b4387,5.278052588
b4388,5.661251663
b4389,6.092633487
b4390,6.276261026
b4391,7.435464205
b4392,5.877872235
b4393,5.619841273
b0445,7.015157985
b4394,5.939778693
b4395,6.657310773
b4396,8.39216348
b4397,6.077899906
b4398,1.751036497
b4399,4.167379439
b4400,3.5529828
b4401,8.817484556
b4402,9.079910558
b4403,4.995121269
b0446,5.827528715
b0046,3.998617116
b0447,4.819328811
b0448,4.236080332
b0449,4.44867965
b0450,6.369579794
b0451,5.92625684
b0452,6.26984508
b0453,6.484680956
b0454,6.648620483
b0455,4.629916009
b0456,4.980934993
b0047,4.539356571
b0457,4.705913011
b0458,5.354439292
b0459,4.518953243
b0460,7.428247967
b0461,7.326126645
b0462,7.718038035
b0463,7.279528858
b0464,5.752596018
b0465,5.874865613
b0466,5.361193227
b0048,5.942198624
b0467,5.464554438
b0468,7.468433998
b0469,7.06476791
b0470,6.834649583
b0471,9.422134913
b0472,7.558363218
b0473,7.250719794
b0474,8.955539706
b0475,3.979630488
b0476,4.332416274
b0049,5.630263774
b0477,5.47619438
b0478,5.922330905
b0479,4.425247016
b0480,7.214243992
b0481,5.674389475
b4585,2.764759465
b0482,5.438110478
b0483,7.716981056
b0484,7.617252949
b0485,4.447806632
b0050,6.817803601
b0486,4.252368653
b0487,6.726985661
b0488,6.754649513
b0489,6.341453442
b0490,5.221139692
b0491,4.922982467
b0492,7.310178714
b0493,5.961894359
b0494,6.470592848
b0495,5.02639107
b0006,5.625412489
b0051,6.810740265
b0496,4.700906159
b0497,3.698186752
b0498,5.722942668
b0499,4.548783384
b0501,2.405579537
b4632,2.354467408
b0502,4.734548559
b0503,3.513292661
b0504,3.243137405
b0505,2.847675557
b0052,1.632357078
b0506,7.808936118
b0507,2.687828186
b0508,1.929888744
b0509,2.593560919
b0511,2.219504273
b0512,2.497302926
b0513,2.897879761
b0514,3.763455002
b0515,5.066408823
b0516,3.961595899
b0053,8.290689868
b0517,2.50324151
b0518,2.028936669
b4572,2.618156449
b0520,2.57634576
b0521,3.025590308
b0522,5.887677083
b0523,6.248417924
b0524,5.705185488
b0525,10.41936813
b0526,6.293522151
b0054,7.775458417
b0527,3.022231323
b0528,7.148345893
b0529,7.648566908
b0530,2.352191763
b0531,2.004380313
b0532,2.304452165
b0533,1.966243226
b0534,2.257419716
b0535,1.924033178
b0536,3.119986718
b0055,6.353133748
b0537,6.726044192
b4633,3.375521437
b0539,3.143236533
b4508,2.468862554
b0542,4.297234287
b0298,5.054517667
b1026,4.61059296
b0543,4.941973109
b0544,1.780165801
b0545,4.529094846
b0056,7.172125193
b0546,5.46716532
b4588,2.487721506
b0547,2.460770078
b0548,1.853959192
b0549,2.140907959
b0550,2.129038513
b4509,2.568490122
b0551,3.772246984
b0553,7.650386454
b0259,4.032263915
b0058,5.947093043
b0554,4.046342779
b0555,3.865945411
b0556,3.46018956
b4510,5.051626533
b0557,6.320911047
b0558,2.481949639
b0559,4.968062643
b4589,4.388252657
b0560,3.104295821
b4634,2.626536626
b0059,5.477109471
b0561,3.101541193
b0562,3.19406003
b0563,3.007451411
b0564,5.50659263
b0565,10.36610994
b0566,2.745687549
b0567,2.55188478
b0568,3.048149159
b0569,2.557218444
b0060,4.138230438
b0570,3.443789087
b0571,4.364404423
b0572,1.565429108
b0573,2.488316795
b0574,2.24172923
b0575,2.477738106
b0576,4.763754716
b0577,5.477405966
b0578,7.514180508
b0579,5.834286118
b0061,2.601247022
b0580,4.689044507
b0581,5.390594163
b4700,3.273343814
b4415,3.031793417
b2394,5.439857085
b0583,6.670726728
b0584,9.247891431
b0585,7.361918815
b4511,8.337187547
b0586,8.545169566
b0007,4.498063003
b0064,5.552245406
b0587,2.864991221
b0588,6.794635521
b0589,6.328162013
b0590,6.256346423
b0591,5.895604289
b0592,6.330797091
b0593,7.377340266
b0594,8.181923171
b0595,9.560462621
b0596,8.873543272
b0065,4.938764699
b0597,8.607637241
b0598,8.050038029
b4512,7.193887761
b0599,4.859617839
b0600,3.355195849
b0601,3.743945961
b0602,2.386563147
b0603,2.33822053
b0604,5.403192324
b0605,10.87631822
b0066,4.03463195
b0606,7.646024498
b0607,10.37201548
b0608,4.336814671
b0610,7.355270422
b0611,6.318545991
b0612,2.612902692
b0613,1.864588679
b0614,2.368445439
b0615,1.99539586
b0616,2.381472513
b0067,3.581501555
b0617,2.299562963
b0618,2.760010364
b0619,4.034681337
b0620,4.969966828
b0621,7.618151597
b0622,4.137288585
b0623,13.54254985
b0624,6.423045804
b4581,4.731860015
b0627,10.09801433
b0068,4.255700047
b0628,7.997820582
b0629,3.369532425
b0630,5.172327375
b0631,8.283695963
b0632,6.23807642
b0633,6.844355296
b0634,6.778972412
b0635,5.25964416
b0636,5.859595264
b0637,7.309420858
b0069,4.571841449
b0638,4.070496196
b0639,5.333391975
b0640,0.246684579
b0641,7.328420025
b0642,7.870371431
b0643,10.3840238
b0644,4.67001033
b0645,1.51032422
b0646,2.482791162
b0647,1.571175338
b4577,2.58252296
b0648,2.296614265
b0649,3.13654214
b0650,2.64576358
b0651,6.490487991
b0652,6.336110457
b0653,5.729098314
b0654,5.175081923
b0655,8.245042608
b0259,5.204617726
b0657,5.787179343
b4662,5.041987428
b0658,7.424495354
b0659,7.585996313
b0660,7.491411304
b0661,6.289858252
b0662,6.196912195
b0664,7.028069444
b0665,7.046710889
b0666,6.858783125
b0668,8.550475678
b0670,8.423539581
b0070,4.683257171
b0672,8.623237788
b0673,8.082477615
b0674,7.784207363
b0675,7.078296221
b0676,6.535106382
b0677,6.442396944
b0678,6.879314883
b0679,7.556983659
b0680,7.805959038
b0681,3.14578978
b0071,9.733555973
b0682,4.099416033
b0683,9.074231434
b4637,8.105495102
b0684,7.219212278
b0685,5.128401568
b0686,5.180750681
b0687,8.177040293
b0688,7.94904052
b0689,3.618828142
b0691,2.287328336
b0008,10.63660159
b0072,9.343591866
b4636,1.981096099
b0692,2.973573306
b0693,2.20360882
b4590,1.544133888
b0694,3.839129984
b0695,4.192402963
b0696,3.497830431
b0697,2.418205492
b0698,2.229335736
b4513,1.76954339
b0073,1.075011804
b0699,11.6361629
b0700,4.407481325
b0702,3.934103049
b0703,3.343834217
b0704,3.692473143
b0705,2.858341205
b0706,2.75987901
b0707,4.569243441
b0708,5.031773198
b0074,9.004142102
b0709,4.832731752
b0710,8.529617149
b0711,7.859618899
b0712,7.476016234
b0713,6.337032629
b0714,4.820923385
b0715,5.200742972
b0716,3.026684476
b0717,2.251379586
b0718,2.21447439
b0075,5.529321999
b0719,1.996338745
b0720,8.261178545
b0721,6.290571251
b0722,1.331564911
b0723,5.329551318
b0724,5.880454264
b0726,6.574884363
b0727,7.965316493
b0728,5.315007704
b0729,8.248207732
b0076,4.658977061
b0730,5.051978886
b0731,2.071149282
b0732,3.622941659
b0733,10.91009207
b0734,10.97675884
b4515,12.05012321
b0735,9.920647549
b0736,6.652215019
b0737,6.255092644
b0738,6.610765321
b0077,8.905186044
b0739,7.471773162
b0740,8.896930159
b0741,10.94009518
b0742,7.524388875
b0743,9.173991091
b0744,7.73275936
b0745,7.07549461
b0746,5.444053599
b0747,4.767757582
b0748,4.699982688
b0078,9.066297696
b0749,3.423643588
b0750,6.272608001
b0751,7.152551378
b0752,5.852521276
b0753,5.031218311
b0754,10.72013087
b0755,12.77359537
b0756,7.087912763
b0757,6.665654643
b0758,5.65697898
b0080,7.412914621
b0759,6.928054134
b0760,5.755441555
b0761,5.824116577
b0762,8.02143191
b0763,5.665719497
b0764,4.95687475
b0765,4.617009526
b0766,4.754905597
b0767,7.476150378
b0768,2.984115776
b0081,8.75145997
b0769,1.567797754
b0770,1.922287119
b0771,2.648296232
b0772,5.860815156
b0773,6.094080121
b0774,2.844901797
b0775,2.701759749
b0776,2.547382115
b0777,2.439923136
b0778,2.663999743
b0082,8.352776366
b0779,6.880185036
b0780,5.152992594
b0781,5.928318518
b0782,7.747456735
b0783,6.409879613
b0784,6.652825349
b0785,6.525636444
b0786,8.701006512
b0787,3.238780852
b0788,3.612324904
b0009,6.010685842
b0083,8.12972908
b0789,4.248830423
b0790,4.481223279
b0791,6.682590913
b0792,4.086658474
b0793,4.249456756
b0794,4.634378568
b0795,5.64507498
b0796,4.933655887
b0797,6.125630762
b0798,6.005495734
b0084,6.497967835
b0799,5.329373194
b0800,7.428967158
b0801,8.154562094
b0802,5.681929043
b0803,5.914626865
b0804,5.521146247
b0805,5.137053459
b0806,5.834759231
b0807,4.743285582
b0808,3.551468568
b0085,7.131046531
b0809,8.587062763
b0810,8.122217816
b0811,10.38877426
b0812,10.62453943
b0813,4.480195151
b0814,12.32011926
b0815,4.132620984
b4705,10.78014618
b0817,6.470919713
b0818,4.376944653
b0086,6.993968301
b0819,7.596295615
b0820,6.7859387
b0821,4.076770771
b0822,4.453766318
b0823,3.322608773
b0824,2.613725144
b0825,4.593855092
b0826,0.304620573
b0827,6.75467336
b0828,7.72651426
b0087,7.621219424
b0829,6.236814086
b0830,6.424831391
b0831,5.426101803
b0832,4.8370122
b0833,2.737788355
b0834,2.886589694
b0835,5.319350884
b0836,11.98070914
b0837,4.213927778
b0838,8.780050891
b0088,7.425052138
b0839,6.639623855
b0840,5.615250605
b0841,5.115150546
b0842,4.803477184
b0843,5.47621066
b0844,6.195727092
b0845,4.755974028
b0846,4.863793798
b4417,4.381765564
b0847,5.917725012
b0089,6.989635971
b0848,5.83896738
b0849,6.335520136
b0850,5.674729827
b0851,5.437637625
b0852,5.268045781
b0853,7.631054426
b0854,5.438316213
b0855,4.1601127
b0856,3.732639547
b0857,4.223949372
b0090,7.797298355
b0858,3.875200734
b0859,4.661640787
b0860,8.73533963
b0861,6.512801842
b0862,6.132310228
b0863,7.715282133
b0864,5.980851806
b0865,6.272603781
b0866,8.392846364
b0867,6.466589431
b0091,7.649979582
b0868,5.307313082
b0869,5.649777632
b0870,6.980141213
b0871,5.872168899
b0872,4.511816315
b0873,3.540489308
b0874,5.152645597
b0875,5.262592205
b0876,5.885920599
b0877,5.955280491
b0092,8.237119255
b0878,6.227430588
b0879,5.447022183
b0880,12.26405072
b0881,9.472907808
b0882,10.17712822
b0883,4.140290376
b0884,10.858571
b0885,5.916841947
b0886,6.673546782
b0887,5.951519852
b0010,4.787586644
b0093,7.717099214
b0888,7.288195025
b0889,9.663785271
b0890,7.28295941
b0891,8.116838139
b0892,6.612260162
b0893,9.718499295
b0894,5.412503228
b0895,6.083897061
b0896,6.81009783
b0897,6.235095303
b0094,8.446143854
b0898,5.043549135
b0899,2.965810493
b0900,3.45417126
b0901,3.547874832
b0902,7.179629398
b0903,12.34911444
b0904,9.716432876
b0905,6.202665801
b0906,4.253400186
b0907,9.856649498
b0095,9.748262001
b0908,8.165014356
b0909,3.356761952
b0910,7.803236471
b0911,10.75784897
b0912,11.08618679
b0913,3.966118368
b0914,6.259800621
b0915,5.575431633
b0916,3.853258406
b0917,8.358540976
b0096,10.09082329
b0918,7.490308448
b0919,7.952770833
b0920,5.236941728
b0921,6.741366074
b0922,6.009361882
b0923,2.80532775
b0924,6.863677641
b0925,6.736754572
b0926,8.407354597
b0927,8.244952524
b0097,6.970048307
b0928,9.222709408
b0929,12.33574523
b0930,8.192905272
b0931,7.282839884
b0932,7.416486393
b0933,4.455026733
b0934,2.368005085
b0935,2.574228433
b0936,2.547792742
b0937,2.951722245
b0098,8.125543909
b0938,3.071290388
b0939,2.266953779
b0940,2.749593729
b0941,3.95031879
b0942,3.297492483
b0943,3.592815139
b0944,4.163601583
b0945,5.046980829
b0946,7.023576481
b0947,6.811807691
b0099,5.216856796
b0948,5.701231182
b0949,5.910095862
b0950,4.924712507
b0951,5.224032709
b0952,5.987619102
b0953,11.77857127
b0954,10.05708303
b0955,6.650305383
b0956,6.946737041
b0957,13.56839244
b0101,7.181678694
b0958,6.830156391
b0959,5.4059979
b0960,4.837851029
b0961,5.500411333
b0962,6.284208699
b0963,9.845874166
b0964,3.924221447
b0965,9.528526122
b0966,9.019686504
b0967,6.02763094
b0102,6.119364294
b0968,6.77702063
b0969,6.77036282
b0970,9.078558204
b0971,4.371151432
b0972,2.793667934
b0973,2.438956153
b0974,2.933906468
b0975,3.391939334
b0976,2.749981459
b0977,2.703460468
b0103,5.242025668
b0978,3.946671347
b0979,4.3004978
b4592,5.0749936
b0980,3.804679836
b0981,3.901167175
b0982,2.977260458
b0983,2.626643985
b0984,2.477450547
b0985,2.110063606
b0986,2.409767029
