Blattner,Log2FC(pdxBJ/WT_20nM PN)
b1211,-0.11317541
b0238,-0.780676581
b2649,0.97316249
b4660,1.004471537
b0469,-0.617488424
b2042,-0.307379928
b0526,-0.880152595
b3504,1.405113283
b1210,0.145563461
b3659,1.993634167
b3078,0.9660497
b3442,0.883566376
b0185,-0.529248079
b1471,3.140105555
b4497,1.208344906
b2109,0.761517629
b3730,-1.038787382
b0807,-0.259610596
b2287,-1.229378969
b1288,-0.726838593
b1691,1.313128488
b0632,-0.154637239
b3679,0.635982809
b3079,0.737230796
b3578,0.903424034
b3877,1.015698688
b3875,0.843850158
b2852,0.668175617
b0104,-0.705303056
b3784,-0.449999567
b0297,1.6608096
b2372,1.389119183
b2122,0.874179062
b0194,-0.920084
b1310,1.359571638
b2549,0.939430368
b3682,1.110590958
b1029,1.998956173
b2081,-0.729581251
b3579,0.418341665
b1615,1.266741787
b4462,0.81050446
b1152,2.217931936
b2517,-0.783848256
b0125,-0.410327675
b1540,0.113442571
b2585,-0.357045942
b3488,0.778305661
b0267,1.01176335
b3120,0.654049847
b3423,-0.655892596
b3816,-0.275942476
b4583,1.063698218
b2730,-0.898681404
b4027,1.169605471
b2288,-1.129640745
b3181,-0.665647502
b4491,1.459724089
b4651,1.357411699
b2014,-1.33154803
b0441,-0.370408893
b0533,1.238305302
b3326,0.28353799
b3902,1.473710646
b0770,1.808352469
b0835,-0.509680995
b0928,-0.133409525
b0661,-0.949475028
b1309,-0.261244406
b4185,1.578805125
b0936,0.876391696
b1435,-0.69737176
b0511,0.51896551
b4391,-0.386772547
b4494,1.280299863
b1311,0.997115529
b2060,1.319824665
b1424,0.040740814
b1393,1.816481082
b2056,2.629465529
b0243,0.424197314
b3596,1.869530244
b2371,1.246909985
b4012,0.811191882
b1059,0.643153886
b2633,0.021427639
b1974,1.187498461
b1001,-0.099997609
b0242,0.414743103
b2108,0.889137654
b3720,1.048304161
b0279,0.605001178
b2320,-9.506358395
b1149,1.681527141
b0612,0.885296251
b4098,0.809718057
b3137,0.723719885
b0718,0.661994655
b0393,-0.627865976
b2120,1.211580867
b3644,-1.138354217
b1502,1.608954877
b2858,1.567068202
b4081,1.131833029
b2986,0.84106828
b4132,1.137376695
b3701,-0.215235073
b2644,1.553678605
b3121,-0.215577102
b3251,-0.78254366
b0452,-0.650489559
b4325,1.581991204
b2368,1.522707465
b3370,0.230532216
b4105,0.9642485
b3580,0.433845008
b0347,0.549002764
b1203,-0.661318039
b3047,0.454990488
b0675,-0.235836202
b2995,-1.536189967
b2956,1.333230598
b0474,-0.433032228
b4047,0.764745841
b1978,0.654403461
b4365,1.162028832
b1961,-0.308253579
b3187,-0.018407569
b4650,1.993438025
b3323,0.336871154
b3858,0.184596719
b3424,-0.27802365
b2855,0.475421775
b1459,1.675610657
b0133,-0.570456496
b2448,0.159666433
b0499,0.336637796
b1232,-0.271590729
b1366,1.428614193
b3833,-0.489662362
b3891,-0.099265398
b0344,1.856622946
b2492,0.500421299
b0535,2.100281083
b0771,1.396714719
b2806,0.34912089
b3721,0.235375605
b3878,0.924323763
b0940,1.294951385
b1151,2.034103842
b3899,0.981979584
b0768,1.484572849
b4147,-1.233612828
b1087,0.080839626
b3576,0.720629297
b2477,0.001423187
b0532,1.829395532
b2891,-0.470934052
b1929,-1.598541212
b2917,0.669000546
b0698,1.3518916
b3953,1.034792838
b3035,-0.583710678
b3826,0.009916701
b3859,0.372186637
b1505,1.080381972
b3084,-0.793783336
b0603,1.346885467
b0686,-0.168373041
b0738,-0.557744441
b2061,1.357161919
b0407,0.047031073
b2046,1.302365034
b2957,-1.036306023
b4083,1.09350987
b1048,-0.627614563
b1035,0.342868411
b2636,1.498062556
b2367,0.923284025
b0731,1.243599238
b3982,-0.299561518
b0040,0.912657233
b0291,1.024217274
b1527,1.199563908
b1694,1.511632347
b2634,0.885280872
b3038,-0.187906396
b2729,-0.975039813
b4066,0.330035676
b0997,0.620804509
b4028,0.867781692
b4183,0.751011693
b0769,0.572550036
b4108,-1.242533482
b0693,1.024015236
b3484,0.801951253
b0334,0.611146896
b4552,0.837706058
b1387,0.786673925
b4257,1.084984648
b1785,1.273370915
b3189,-0.820933424
b0348,0.784594942
b2873,0.956919578
b0847,-0.269709647
b4029,0.790337094
b0310,1.607515217
b2888,0.130482852
b3017,-0.541768712
b3240,1.628676138
b1069,-0.030228107
b4174,-0.190299228
b4374,0.001121999
b3143,0.928170769
b0684,-0.32638694
b4388,-0.025811402
b2451,0.634057985
b3553,-0.020889526
b3119,1.40268044
b1905,-0.645625393
b2193,-0.012209406
b2330,-0.910160299
b3919,-1.259612471
b2740,1.033289781
b2269,0.062932034
b3718,0.845887757
b2452,1.239965471
b2339,1.547630221
b2211,-0.332937762
b4358,0.82829515
b1157,1.394276628
b0864,-1.14448434
b0947,-0.100998243
b0984,0.949798221
b0518,1.058744313
b3641,-0.481676611
b4100,0.728989165
b1456,0.642130044
b1854,-0.826024299
b2400,-0.758527625
b2271,0.667207516
b2630,0.102422868
b0733,-0.604295312
b0102,-0.299854805
b3562,0.428648876
b3925,-1.054145797
b0628,-0.925748241
b3666,0.720355854
b1411,1.260186333
b1455,2.421829577
b3770,1.318652498
b3590,-1.461141753
b3381,1.560071069
b1158,1.252182936
b4233,-0.91954089
b4038,0.331732445
b3876,0.96972071
b2358,2.828106193
b0674,-0.756199005
b0754,0.108982941
b1876,-0.867653872
b4495,0.406641935
b2062,1.112995733
b4465,0.931175922
b2273,0.985541253
b0783,-0.305745185
b3900,1.085166043
b0341,0.836145267
b1464,-0.038569754
b1409,1.3215012
b3266,0.822091967
b0913,0.395803788
b3867,-0.184907802
b4572,0.915862371
b2699,-1.026022626
b3080,0.792153049
b0139,0.991399978
b4313,1.247563852
b4099,0.493581223
b2952,-0.411428031
b4586,-0.352025217
b0888,-0.60426041
b2484,-0.018478527
b3642,-0.648103904
b1604,-0.44940447
b2233,0.886219289
b3577,1.478869411
b3684,0.134055096
b0343,0.97931131
b1319,1.140461271
b2854,1.420154912
b2418,-0.298914744
b1133,-1.076791487
b3347,-0.068972609
b2851,0.395669781
b2647,0.928511703
b3443,0.797272152
b2386,0.97091683
b1623,-0.268271054
b0772,0.296790194
b3384,-0.467024445
b2848,1.698135933
b0648,1.2365832
b3244,0.155793462
b1690,1.281869504
b2481,0.510822439
b2576,-0.957466698
b2933,0.86829958
b0914,-0.911366978
b1215,-0.631561467
b2221,0.38172716
b2047,1.927219612
b0045,1.103901412
b4644,0.770575964
b2771,0.917233085
b0292,0.887593527
b3584,1.060439328
b1802,0.97019086
b3324,0.716780371
b2922,-0.121692483
b3393,0.722919879
b0229,1.002553332
b1153,1.007004592
b1503,1.311497951
b3640,-0.66138423
b3881,0.844617664
b1866,-0.834746156
b2849,1.47707152
b0136,0.928826122
b4500,1.013706504
b2121,0.59238576
b2569,-0.212308808
b3526,-0.397334304
b0197,0.444853951
b3643,-1.279175788
b0135,0.635378427
b3483,1.179136663
b3738,-0.915503335
b0930,-0.040349658
b2871,0.513511182
b3843,-0.807075866
b3062,0.696455715
b2453,0.92134557
b3907,0.576054664
b1372,0.806171347
b0335,0.691947888
b1851,-0.655522217
b3115,-0.027683255
b3702,0.153585205
b2309,-1.463066323
b4101,1.261001346
b3741,-0.847351919
b3709,0.152484345
b2357,1.794946793
b2483,-0.40914381
b2595,0.037897158
b3507,1.375503031
b2887,0.798184392
b3086,0.504589902
b4049,-0.43463642
b3962,-1.699289566
b1337,0.829284351
b2970,1.159885061
b3691,0.716651696
b0996,0.926899978
b3376,0.555819046
b3586,0.680676171
b3965,-0.184303521
b1637,-0.268128424
b3380,1.321988573
b0501,0.935621267
b4308,1.283530612
b2850,0.186860874
b2171,-0.23107053
b0116,-0.536692632
b1166,4.831874583
b3999,-0.27691209
b0276,-0.421427396
b3265,1.149095518
b2635,1.732909342
b3150,-0.099630626
b2161,0.745019648
b1621,0.051662288
b2478,0.001129577
b1749,-0.721843299
b1116,-0.308118888
b4102,0.947219093
b2355,1.021544024
b4106,0.557798574
b2335,0.9115913
b4130,0.168284807
b1850,-0.4589698
b4097,0.082439222
b4208,-0.974637388
b1101,-0.451525249
b0295,0.474859465
b1388,0.333814368
b4657,1.339845059
b2385,0.846877826
b3334,0.62971114
b3657,0.37328236
b4401,-1.043304288
b0547,0.790602402
b2971,2.282329032
b4120,0.529979493
b1460,1.701942475
b0386,-0.434835706
b2223,0.555934048
b2234,-1.152766041
b3228,-1.124004662
b3482,0.104392323
b3215,1.152616009
b2050,2.152764988
b0784,-0.290737803
b2486,0.854048012
b2226,1.117396882
b0561,0.627559124
b1212,-0.031222852
b2222,0.823536336
b4052,-0.593877492
b0333,0.631941256
b3680,0.896266303
b3072,0.476009303
b1115,1.366658097
b4506,1.367155773
b1154,0.44252002
b0645,0.710652883
b2984,1.191949417
b4184,1.286131474
b0531,1.23598526
b0112,-0.534180672
b3178,-0.141164455
b1338,0.512540621
b1757,-1.688758386
b3149,-0.089819183
b0681,-0.103253654
b4131,0.700436865
b3076,0.30501616
b4186,0.990781679
b1767,-0.474655827
b3897,-0.057946984
b3942,-0.764244473
b1075,-0.286588282
b0432,-1.519818723
b3719,0.495557484
b0549,1.433344354
b0986,1.62553209
b4622,1.068651867
b1662,-0.104681738
b2296,-1.008602107
b2930,1.179452995
b2846,1.220341448
b4615,0.428042081
b4335,-1.019270317
b3778,-0.762708239
b3061,0.636152778
b3634,-0.947514081
b0193,0.335101715
b0618,1.007597131
b2859,1.539704883
b0141,1.068665291
b4661,1.043680924
b0287,0.298459097
b1264,-0.035913473
b2710,0.663647697
b4021,-1.576801421
b2778,0.28784219
b2286,-1.084207027
b3888,0.585895614
b2072,1.40811413
b2985,0.878192086
b3997,-0.711810373
b1815,0.62443398
b1816,-0.132743801
b0314,0.814573604
b3818,0.675084613
b2294,0.864541306
b0296,1.620799845
b0230,0.334023686
b0820,-0.856277376
b0985,1.472770497
b2270,0.691589801
b4316,2.075231148
b3441,0.553407136
b3697,-0.256536964
b2356,0.803988663
b3613,-0.056991731
b0301,0.626160527
b3368,0.424010095
b2199,-1.73915331
b2879,-0.053511938
b3158,-1.260782751
b0688,-0.424389042
b0042,0.140021328
b1889,1.391427766
b3392,0.610210546
b3374,0.419932102
b2241,-3.732860971
b0477,-0.094495891
b2361,1.099718368
b2953,-0.211394918
b0319,0.041485635
b0544,0.355290851
b3649,-0.817020749
b0649,1.386798508
b4160,-0.67203677
b1952,-0.245927276
b2758,0.733973151
b0166,0.531865027
b2581,-1.39709001
b3591,-1.626991655
b0617,1.256497539
b3331,0.651473949
b2383,0.661897001
b3686,-0.525791594
b2700,-0.730928124
b3030,-0.293894679
b1121,0.377054095
b3195,-0.009671032
b0108,0.457316253
b1028,1.492406396
b4232,-0.812704228
b2110,-0.009028354
b2447,0.754999807
b3422,0.069659274
b0614,0.972710935
b1351,1.447641317
b2065,-0.392519035
b4041,-0.516470782
b2489,0.578380098
b3066,-0.03579771
b0028,0.61611155
b2066,-0.46417218
b1026,0.970184458
b4080,0.761587837
b1160,-0.40764693
b3190,-0.364974393
b2027,0.20171379
b0939,0.739453592
b2139,0.612896443
b1350,0.881258803
b2115,1.115195305
b2914,-0.992165105
b2118,0.950408619
b3745,-0.650669029
b3847,-1.057182991
b0929,-1.358497247
b2224,0.958839508
b3478,-0.566953927
b2073,0.705137208
b1704,0.429594966
b2950,0.876772401
b3426,-2.495409045
b2491,0.610570882
b3949,0.071495076
b2248,0.594526733
b0463,0.159387613
b2547,0.772333858
b3944,0.462068036
b3253,-0.31525838
b0054,-0.267489766
b2316,-0.421642674
b2701,-0.164724275
b4207,-0.509178315
b2114,-0.522617173
b4395,-0.25360399
b1457,1.356988348
b2029,-0.171926721
b3544,-0.699706293
b3935,-0.689464743
b2077,1.214013234
b2454,0.552676356
b0277,0.615805936
b0227,1.070405562
b0140,1.181317056
b0161,0.487580943
b0041,-0.47602375
b4309,1.607779867
b0967,-0.583568817
b0154,-0.827657526
b0647,1.945657041
b2277,-0.075774372
b1560,0.570351228
b0697,1.518304309
b3216,1.330307608
b0705,-0.291594027
b2947,-0.515850055
b2935,-1.389527239
b0887,0.438469695
b2498,-1.118499542
b3927,-2.614822011
b4311,1.015432135
b3002,-1.056508852
b3227,0.372918412
b3388,-0.786492557
b0029,0.376398043
b0896,-1.917834036
b3135,0.701363191
b0013,1.14532872
b1606,0.470720365
b3405,-0.615042726
b0138,1.286475599
b4334,-0.051427907
b0181,-0.18461412
b3950,0.290711024
b4238,-0.772697487
b2870,0.363340191
b3147,-0.632690125
b0931,-0.34386077
b1832,0.455256093
b0369,-0.999758245
b0922,-0.136022035
b3391,0.420037956
b0321,0.27819652
b0320,-0.035082787
b3389,-0.548759351
b1860,0.569397093
b2057,1.757930962
b3325,0.276394089
b1810,-0.060033931
b3198,0.207261055
b0961,-0.386388601
b1576,2.260283929
b2229,1.288368451
b1386,0.96169311
b1864,-0.642830555
b3104,0.517688438
b0434,0.115854124
b4074,0.667531529
b3543,0.533709925
b3678,0.604645499
b0222,-0.688002319
b1766,-0.166033643
b4508,0.961818021
b2119,0.192645451
b1161,0.556340161
b1023,0.159777689
b1486,0.783202966
b1390,0.933256669
b4471,0.411823644
b3961,-0.794626102
b4048,0.683972684
b0613,1.558809617
b2059,1.312736615
b0512,0.612166128
b0416,-0.523409478
b0575,1.060824949
b0655,-1.049116876
b1363,0.571959487
b1744,1.860683961
b1751,-1.743605232
b4161,-0.437522787
b0874,-0.409102483
b1254,-0.069152028
b4579,1.810949908
b3589,0.739157054
b4095,0.070238868
b3114,0.123019418
b1410,1.249146767
b4328,-0.965909662
b3593,0.510099795
b0948,-0.70351365
b2004,1.116172845
b3464,-0.515419952
b2113,-0.648672212
b0381,-0.718035947
b3951,0.176462558
b0323,0.671224109
b0550,1.055290665
b3013,0.749727863
b0732,0.433180622
b1185,-0.096642926
b1999,0.723798138
b2996,-1.791021794
b0127,0.109967155
b0405,-0.301145924
b2760,0.889789875
b0478,-0.251732929
b2845,0.42534278
b2554,0.029416335
b2268,-0.429347208
b3705,-1.019921201
b1830,-0.222527147
b4556,0.831236984
b0934,0.790693303
b3639,-0.580468977
b1873,1.019161703
b2770,0.615188224
b0508,0.95750196
b2232,-0.282681798
b0270,0.595058028
b1383,0.819102127
b1147,1.73611272
b0497,0.511857418
b4482,0.428131048
b0402,-0.494400285
b2648,1.804606783
b3675,0.134328097
b1657,0.451428344
b2898,-0.630345592
b4182,0.172372515
b1407,1.006194929
b0358,1.319942104
b0954,-0.89533238
b1867,0.081608917
b1074,-0.164145742
b0421,-0.086415201
b2918,0.7576832
b3075,-0.793295795
b3611,-0.922835705
b1835,-0.700354537
b3865,-0.996203192
b1497,-0.287182595
b2737,1.229087466
b1913,-0.307024736
b3744,-2.20416458
b1108,-1.207929216
b2810,-0.079519237
b4152,-2.513571689
b0703,0.388364667
b2954,-0.052643871
b4192,-0.297619077
b1196,1.220988437
b3477,-0.6791375
b2566,-0.649865355
b4087,0.496737881
b3041,-0.293963966
b2534,0.931424792
b1880,0.915266985
b1539,-0.612804862
b1693,1.093161274
b2393,-0.771246723
b3869,-1.281480894
b1412,0.83992312
b1010,0.335692915
b1862,0.807818191
b2319,-2.29065433
b0576,-0.149734875
b1022,-0.564802917
b3615,0.170961216
b3947,-0.224649467
b2727,-1.78807612
b4094,0.921415622
b3612,-1.636139931
b2300,-0.541614143
b0737,0.132963705
b1831,-0.143623216
b1324,0.412959302
b4682,0.320258838
b2563,0.230112316
b1128,-0.699669872
b1391,0.865547123
b4602,0.573151484
b0107,0.460937964
b4082,0.026131307
b1453,0.911987305
b0406,-0.103101344
b1861,0.228851168
b2132,-0.148685919
b1804,-0.090166636
b0011,0.313329379
b0509,1.076425436
b2458,0.655962303
b0970,0.725376488
b3046,0.588232313
b3235,-0.111667983
b0787,0.74106045
b0339,0.505196431
b3201,-0.193789907
b2564,-8.117027637
b1506,0.518743816
b0439,-0.355132046
b2456,0.458362859
b0034,-0.707151483
b1554,1.403475166
b3882,0.806086096
b3141,1.335005728
b0767,0.44213179
b4279,-0.398928565
b2455,0.656583789
b1395,0.977346239
b0782,-0.439548503
b1499,1.685674976
b4509,1.256381553
b1207,-0.781023271
b1752,-0.992397809
b0602,0.563098489
b2482,0.568671753
b4345,-0.433447602
b0326,1.228147985
b0943,1.053567166
b3476,-0.071266284
b1973,1.973796241
b3849,-0.230898944
b0143,-0.955578471
b0217,-0.243893281
b2002,0.563102078
b2987,0.350209933
b2225,0.80587937
b1360,0.581813298
b1034,0.369856913
b4180,-0.454468872
b1365,1.764035913
b2516,-0.276109454
b0824,0.665693305
b3377,0.917799795
b0145,-0.574899118
b1782,0.055518675
b3139,0.366626613
b0097,-0.231918695
b0159,-1.075828129
b3769,1.704893471
b1588,-1.40863159
b4696,1.011142148
b2997,-2.300143139
b4496,1.457130678
b0895,-2.053676427
b4036,-1.391027676
b3581,-0.221161302
b0525,-0.478786074
b1184,1.231072979
b0616,1.39153053
b0977,0.336001149
b0415,-0.386672602
b0289,0.535471085
b0680,-0.927916679
b2329,0.271856497
b1852,0.012524393
b0179,0.150119675
b1127,-0.817617342
b0539,1.075692891
b2643,0.313732713
b1078,-0.796008209
b0877,0.519931634
b3357,-0.730244386
b0106,0.467760063
b1579,0.957850131
b2754,0.774751334
b3931,-0.870540232
b4277,1.211975523
b0534,0.540646924
b2881,0.419171661
b3367,0.246352385
b3583,0.049313463
b3879,1.193229882
b2443,-0.427434663
b0149,-0.477759965
b2862,0.79464205
b4231,0.575332828
b4260,-0.582976381
b2048,1.692090103
b3214,-1.277142134
b0521,0.332429741
b1200,-0.509882482
b4359,-0.905005158
b2905,-0.684951733
b0470,-0.426177777
b3834,-0.556346212
b1682,-0.059583817
b2890,-0.75220359
b3229,-1.029779932
b4054,-0.042160327
b3160,-0.115399568
b3609,-0.926762508
b4153,-2.742480284
b0507,0.62209137
b4042,0.199579266
b1875,-0.28719277
b3725,0.090653393
b0563,0.84427937
b1489,1.036743788
b4620,0.353375447
b3998,-0.41554247
b3861,0.137391327
b4284,0.713027162
b0646,1.504659576
b1710,0.271476808
b2010,0.699625082
b1796,0.638053012
b3328,0.013856772
b0863,-1.791222801
b1730,2.025254906
b1616,0.431108361
b3288,-0.648008753
b1543,1.485102773
b0131,0.12929569
b2915,1.172326709
b2553,-0.076821031
b3144,0.548157805
b2162,0.328655402
b0588,-0.510626219
b3461,-0.517763481
b3932,-0.671018166
b4379,-1.877656071
b3091,0.272126217
b3052,-0.122792797
b1103,0.231338655
b0284,1.298128029
b0951,0.022907737
b3908,-1.200672755
b1095,-0.791111602
b3146,0.034228524
b3563,1.175288472
b4017,0.354629115
b1663,0.37951744
b0080,-0.400215466
b1656,-0.430364061
b1313,0.497028909
b3690,1.05036634
b3271,0.428508205
b3064,-0.238148869
b1165,3.39394435
b2626,1.316637735
b2420,2.162549581
b3194,0.124189734
b2049,1.950147543
b2346,-0.4113748
b1504,1.544205373
b2690,-0.427545598
b3558,0.702805
b3981,0.119459476
b2813,0.252342575
b4202,-1.389571541
b1316,0.829945011
b4200,-1.285965535
b1769,0.937059737
b2836,-0.269912088
b3706,-0.77343794
b0492,0.021787921
b2794,-0.180118984
b1168,0.994228845
b2495,0.676026803
b3329,0.157332663
b3182,0.204090975
b0254,0.581760807
b0827,-1.157500889
b3156,-2.055559097
b4304,0.683814877
b1575,1.50686185
b2334,1.316732545
b4198,0.20387127
b1884,1.000579027
b1392,1.22338191
b2994,-0.737889946
b3811,0.172977522
b2301,0.281702638
b2913,-0.368093947
b3648,-0.256061886
b2526,-0.301955241
b0043,0.357819619
b0927,0.802899695
b1214,-0.23477229
b3136,0.548676823
b1404,0.647569448
b3498,-0.312226754
b2276,-0.46598079
b1235,0.607002665
b0562,1.03431637
b2948,0.296530978
b3027,0.588150611
b3699,-1.061047461
b2096,-0.484951966
b3587,0.621230017
b2684,-0.096543265
b3633,-0.204027491
b1073,0.071646638
b0196,0.062920903
b2469,0.187090456
b2344,-2.467738203
b2183,0.174820017
b4151,-2.4005142
b2472,-0.155258829
b1348,0.852184145
b4234,-0.829247774
b4469,-1.095657257
b0121,-1.17002171
b1888,0.939470497
b3172,-2.823877088
b2945,0.341641902
b1723,0.494283626
b1068,0.178151808
b4630,-0.989180623
b0061,-0.040280266
b0657,0.175310219
b0607,-1.495065007
b0982,0.909904588
b0025,0.187689859
b4157,1.019715789
b1680,0.251278999
b1797,1.152395146
b0340,0.769939886
b3192,-0.095425628
b2407,0.775899545
b2789,0.148472848
b3418,-0.677808363
b3416,0.511760921
b2408,0.304762317
b1104,0.207257248
b2728,-1.317678293
b4478,0.555482412
b3479,-0.274656711
b3722,0.606686306
b0567,1.09306907
b1352,-0.10466811
b2262,-0.83491428
b0945,-1.111597591
b0572,1.222532305
b3542,0.127357728
b3327,0.611528609
b0223,0.03523862
b4201,-1.42335532
b4215,0.086646735
b1192,0.003794723
b0893,-0.076133997
b4419,-0.210516953
b2460,0.664259894
b3295,-1.168670656
b3572,0.068216081
b3783,-0.413524847
b3937,0.51272625
b3186,-1.596602156
b0096,-0.533074711
b3365,0.709399393
b3371,-0.187854014
b0263,0.298375308
b0937,0.702405941
b0401,-0.308339485
b0740,-0.592645715
b2016,-0.374615536
b2946,-0.377517874
b4243,-0.746640664
b3896,-0.575685827
b4341,1.831012182
b1418,-0.206986275
b2384,0.187754113
b1368,1.372249771
b2878,0.220203829
b4000,-0.266286025
b3151,-1.239128658
b2467,-0.45663173
b2376,0.063202126
b2567,-0.200807027
b0444,-0.231405866
b1204,-0.153930959
b0117,1.071549931
b4700,1.566572585
b0654,-1.006856899
b3955,-0.451042707
b2207,-0.487817585
b3898,-0.057501356
b1681,0.021354985
b2919,0.988822107
b0260,0.759262868
b3394,0.51453066
b2373,0.907542746
b4031,1.466833563
b2687,-0.223059898
b1136,0.017813444
b0168,-1.162290323
b1837,0.971969792
b4621,0.629874795
b3433,0.064107649
b2734,0.102143557
b0385,0.123583374
b3366,0.727990678
b2488,0.174324852
b0044,0.515039515
b2776,0.535331361
b4333,1.017923782
b3234,-0.125507609
b0548,1.293197093
b2431,-0.859873456
b4594,1.738208817
b4541,0.89711727
b2198,-2.103527313
b4463,0.577185892
b3664,0.108151624
b2765,0.39914707
b1225,1.764116955
b4363,-0.300587346
b3520,0.872024244
b3860,-0.149359384
b3180,-0.06330193
b2359,0.489370547
b0218,0.028517337
b3341,-1.175745285
b3765,0.162948547
b4058,-0.724895296
b2045,1.227237514
b2070,-0.11845253
b1673,0.843245653
b2872,0.042504672
b3646,0.611576276
b3138,0.45459547
b3200,-0.123679195
b0074,1.583079876
b4349,-0.13656406
b3980,-1.634350345
b0195,0.208418273
b3236,-0.411307229
b3823,0.373498498
b0241,0.431422316
b3713,-0.217033237
b1775,0.26541125
b3493,-1.047796934
b4347,0.411965536
b0551,0.622564678
b1479,-0.599587717
b0006,-0.039781408
b0919,-2.032435545
b0809,-1.467910294
b0290,0.562718519
b1559,-0.284260666
b0059,-0.635520889
b3063,0.170869267
b0620,-0.699816172
b0520,0.755841515
b0134,-1.100622756
b2939,-1.042069185
b1937,1.59308083
b3401,-0.74114706
b0842,0.221944451
b4526,0.666099539
b0247,0.902242315
b3296,-1.124733689
b3530,0.451590158
b4213,-0.009575808
b0262,0.205667332
b4084,0.252523438
b0815,-0.079900191
b0819,-0.150456052
b3491,0.82406936
b1824,-0.171609679
b2480,0.371484236
b2934,0.619031942
b4010,-0.618769108
b0853,-1.021865514
b3237,-0.935098452
b3964,-0.298057865
b0355,-0.037985836
b0840,0.06830362
b3871,-1.323553439
b1286,-0.040065804
b1679,0.295713275
b1312,0.531903264
b1874,0.010046288
b1928,-0.136190619
b1872,0.744765621
b0763,-0.37121786
b3966,-0.678991874
b2076,0.835972827
b0172,-0.289972737
b2054,1.892044465
b0278,0.267039517
b4286,0.822976136
b0317,-0.366384933
b2204,-0.135401387
b1790,0.890573971
b2078,1.073096218
b0801,0.230144977
b1389,0.31598487
b3560,-0.526407944
b3952,0.69886246
b3822,-0.437206012
b2107,0.744288975
b4197,0.402510563
b1378,-0.527984668
b4143,-1.128589592
b1468,1.288045674
b2708,-1.100972635
b1638,-0.151658466
b1126,-1.033565326
b1187,-0.731088097
b2406,0.438803892
b2208,0.150670193
b0785,-0.133572752
b1702,-0.16421525
b2788,1.192268284
b2246,0.65847869
b2902,0.806383695
b0691,1.51407264
b3037,-0.489094152
b3673,0.151553887
b4501,0.32056921
b1603,-0.206140273
b2834,-0.30098239
b3270,0.307778198
b0486,1.781893399
b1699,0.868179741
b1706,0.808471336
b3729,-1.26235262
b2551,-1.145234147
b4380,-2.570379101
b4158,0.283063279
b4300,0.179293417
b4699,0.826324182
b2345,-0.314575941
b4652,1.42124545
b4034,-1.561049937
b4181,-0.214000061
b1791,1.035261553
b2203,-0.805112965
b2336,0.618699952
b3281,0.109540518
b2882,0.637114335
b0935,0.340041947
b4175,-0.495202418
b3985,-1.192767732
b1516,0.876290378
b2064,0.008566725
b0910,-0.282916291
b4628,0.431213896
b2998,0.918921282
b1547,1.247708795
b0364,0.066060819
b1809,-0.048318203
b3870,-1.770205071
b3525,0.905329779
b3185,-1.74567029
b3257,-0.019722873
b0156,-0.291486961
b1801,-0.142349969
b3126,0.126862258
b2968,-0.039358526
b2247,0.151206613
b3737,-0.845952098
b4671,1.076981608
b4548,1.042870774
b3554,-0.148944499
b1353,0.574559788
b3363,0.040088427
b1408,1.474990024
b2278,0.022602686
b0423,-1.081811971
b0560,1.360249661
b0902,-0.453679934
b1948,0.313421784
b4371,-0.331684857
b2197,-2.023413628
b0151,-0.710283309
b1761,-0.342386668
b0918,-0.21195157
b3973,-0.550630761
b2983,0.4409282
b4155,-0.754212807
b3378,1.113013554
b4649,0.516209297
b0709,-1.298601747
b1684,-0.328923358
b2703,-1.007814096
b2190,0.720092722
b2961,-0.446595529
b4616,0.121375738
b2494,0.488998975
b3978,-1.556461591
b3821,-0.303791864
b1577,0.738573906
b3880,0.633144908
b2206,-0.214188112
b3780,-0.21233218
b0235,1.298709545
b1178,0.701260803
b3901,0.735656836
b2230,0.057901151
b2574,-0.34524655
b4206,-0.888865155
b3226,-0.227479442
b1269,-1.525556188
b1931,-0.121213493
b1728,0.29429195
b3979,-1.283461425
b1885,1.212510069
b0137,0.552781044
b0174,-0.228352301
b1209,0.09974286
b2034,-0.293240762
b1683,-0.178593295
b0312,1.37838734
b3805,-0.63169145
b1284,0.771497066
b1472,1.195974186
b0637,0.369353851
b0756,-0.205253055
b0608,1.301805146
b3100,0.212486176
b0716,1.420695791
b1529,0.146110958
b2274,1.657521299
b1436,0.449309178
b3164,-0.683180544
b4555,0.842426764
b2503,0.384050495
b0109,-0.231811245
b1335,0.285769518
b3145,0.182192529
b3750,-1.298327409
b3781,-0.100939873
b0294,0.711272281
b1281,-0.470634801
b4514,-0.104722023
b1787,-0.175415002
b2444,0.86385205
b2265,-0.112629855
b1132,-1.092978535
b1856,1.038250237
b3332,0.586890501
b1295,0.754711306
b2688,-0.59207546
b0822,-0.392716034
b0231,-0.384205736
b3533,0.333992273
b2201,-1.19773144
b1490,1.244310902
b0303,1.346856507
b0437,-0.578770718
b2977,0.124882946
b4226,-0.980897095
b4442,-0.949088062
b0180,-0.204360221
b2938,-0.968217096
b1385,0.003998374
b2332,-0.039242584
b2321,0.053540674
b3342,-1.146990616
b3974,-0.13185794
b2784,-0.25091779
b3176,-0.956305709
b4677,1.592328499
b2299,-0.095165358
b0283,1.191482511
b1495,-0.739099496
b4193,-0.388072719
b3322,0.519616097
b0271,0.136492601
b0408,-0.070067856
b0920,-0.93036728
b1568,0.830989013
b2769,0.75207941
b2411,-0.370342291
b4394,-0.06838001
b0417,-1.111446056
b2518,-0.553464142
b3573,-1.521585939
b1148,1.106589682
b0354,-0.271053457
b2133,-0.496415922
b4162,-0.69471892
b0766,0.3018498
b1701,0.906376937
b0615,-0.080799477
b2874,0.054463126
b3269,0.701645753
b1774,-0.416690295
b0741,-0.975271023
b1759,0.547503289
b2479,0.481629825
b1323,-0.413040806
b2883,0.304370818
b0068,-0.094704228
b2205,-0.04137372
b2721,-0.649039252
b3574,0.330721187
b1817,-0.828661925
b0629,0.294963072
b1670,1.158300504
b2937,-1.01660397
b1318,-0.063722828
b4253,-0.090903527
b1900,0.947691239
b4043,-0.497159559
b2202,-1.044322126
b1454,0.962376737
b1467,1.382440274
b2343,-1.795830717
b3667,0.690191818
b4653,0.197459067
b0234,0.83033354
b4173,0.134505648
b4713,-0.154611429
b2412,-0.388877323
b1838,1.118219209
b2641,1.284180523
b3472,-1.258537496
b4678,-0.070464393
b0933,-0.174672082
b4623,0.959662799
b3747,-0.712691658
b1538,0.065635208
b4634,1.121765838
b0717,1.304265843
b3438,-0.123666662
b4608,2.570408848
b1883,0.705957041
b0823,-0.137302613
b0696,0.671041649
b2726,-1.823412113
b4415,1.092626443
b1008,0.546106369
b4307,-1.271330942
b3400,-0.842556762
b2620,-0.727016873
b1695,1.601551781
b0926,1.072133153
b3531,0.405614486
b4502,-0.179096003
b4684,0.923437571
b3984,-1.966030663
b1227,0.625780202
b3529,-0.129038344
b4177,-0.843093709
b1274,-0.140329228
b1742,0.67227576
b0414,-0.877079971
b0727,0.288499612
b1570,0.264892316
b1985,1.15444135
b2209,0.080893253
b2611,0.01456069
b0175,0.049370021
G0-10738,1.175891769
b3771,1.497577768
b0834,0.877755083
b2231,-1.880732859
b3523,0.212847379
b2972,1.647706822
b0619,0.657595661
b1156,1.1663529
b1226,1.250328757
b3379,0.868859136
b2435,-0.088373106
b3971,-1.002058423
b0438,-0.455027369
b0237,-0.692710002
b3157,-2.040551381
b1561,0.504496959
b4295,-0.703846394
b0571,0.486561771
b0781,0.164721996
b2522,-0.272960766
b1006,0.355751481
b0719,0.347980353
b3541,-0.20653283
b0839,0.091210425
b2920,0.379710265
b3786,-0.484992109
b0788,1.551327953
b1857,1.108262836
b4296,1.139266467
b4014,1.136439144
b1754,-0.250602576
b0383,-0.004332312
b0642,-0.555999871
b3077,-0.415210926
b4265,0.917329402
b3726,0.197737962
b1041,1.528666222
b0660,-0.332222112
b4332,0.611387102
b3395,-0.180390979
b4329,-0.770131528
b1043,1.104669508
b1771,0.447326869
b1624,0.069379697
b1377,1.150414781
b0345,0.231143082
b4701,2.461489383
b2711,0.541159295
b0941,0.876766149
b1222,0.249287694
b0513,0.620852865
b2892,0.127360307
b0410,0.021129678
b3273,-1.703284605
b3309,-1.289293333
b0862,-1.007029883
b2365,0.534453532
b4481,-0.112041689
b3463,-0.629396393
b2092,-1.473767055
b1336,0.427254283
b1487,0.287442063
b3159,-0.697195199
b2512,-0.358107647
b3582,-0.044891209
b4601,-3.121972492
b0568,0.308640384
b3417,0.246445539
b3916,-0.880546058
b0246,0.098957171
b2940,-0.768111336
b1125,-1.201785084
b3575,-0.285590584
b3934,-0.066166249
b4199,0.785473409
b4580,1.389750326
b1093,-0.527425024
b2780,-0.059262736
b3279,0.085364829
b0553,-0.896064281
b1753,-0.130920194
b2761,-0.121071057
b2293,0.602097001
b2131,0.663992475
b2157,-1.274312015
b1376,-0.87309138
b2632,0.576556597
b1346,0.087453925
b1617,-0.050841263
b2897,-0.789327031
b3346,0.357711787
b2906,-1.043250663
b2796,-0.364596348
b0008,-0.706678495
b0178,-0.247164417
b0545,0.294006041
b4122,-2.082383249
b2981,-0.410022862
b3540,-0.631368695
b0524,-0.256091912
b2960,-0.563331462
b1870,-0.103353981
b1466,0.974000006
b3850,-0.440632356
b1344,-0.422601888
b1593,-0.750629295
b1807,-1.037846266
b2186,-0.472657585
b1951,2.493659949
b2375,0.960391387
b1823,-0.208169167
b2445,0.711249688
b0792,0.313940328
b3211,-0.844789336
b4570,0.872974235
b1014,-0.252814011
b3958,-2.469643706
b2283,-0.360847356
b4079,-1.121948634
b2001,0.229374914
b4475,0.235437142
b1828,-0.374927268
b3048,0.471643267
b3140,0.33955909
b2908,-1.162798128
b3023,0.642228235
b1193,0.314384701
b4492,0.845634725
b1930,-1.505522842
b2297,-1.450523341
b3199,0.130847983
b4375,-0.713206363
b1789,-0.050317611
b2490,0.583230481
b2951,-0.061798881
b4086,-0.236785126
b4294,0.182880218
b3340,-1.232166635
b4459,0.056227097
b3972,-0.17924931
b3173,-0.301481516
b0205,1.09408505
b1794,0.176107016
b3803,-0.308648614
b4204,-0.164994981
b3262,-0.01262394
b1224,1.856219934
b4503,0.19908998
b4146,0.250154813
b3359,-2.190374199
b3647,-0.180099051
b2410,-0.556861277
b4477,0.20122147
b2623,-0.428637127
b1645,0.513768144
b2033,-0.048626049
b4356,0.04088466
b1747,0.131747096
b4576,0.10723967
b2459,0.846918065
b3732,-1.099283986
b4423,-0.127841526
b4392,-0.367691784
b3241,0.742997574
b3028,-0.102014929
b3734,-1.176597741
b4484,-0.086262469
b4019,-0.620108105
b3825,-0.031984252
b1105,0.207757368
b3559,-0.964134849
b1846,-0.566129315
b1871,-0.392098524
b2759,0.500724275
b4461,-0.33214742
b3658,0.220222304
b3724,0.160740608
b2603,0.426291048
b3020,-1.267659092
b0224,0.753046204
b3019,-0.858819527
b4648,0.426412456
b3338,0.434761852
b2965,-1.213476653
b3989,0.308042448
b2988,-0.826980783
b3451,0.157010863
b0365,1.676758132
b3310,-1.338688056
b1949,0.637554457
b4075,0.439391026
b0530,0.240249243
b1886,0.95723709
b2959,-0.519864799
b3499,-0.704100314
b1058,1.60667046
b0118,-1.006689874
b3092,0.07712984
b3098,0.305881256
b0621,-2.551568434
b0128,-0.144589777
b1255,-0.051545457
b0651,-0.879250281
b2044,1.266534553
b2257,0.479228225
b3099,0.207867171
b2966,-1.43660619
b3983,-1.905882556
b4033,-0.331511629
b3410,-1.217414978
b2625,1.847330282
b4224,-0.578254694
b3339,-1.333705773
b3447,0.264421209
b0963,-1.066436943
b2791,-0.119081983
b3170,-0.449668647
b3018,0.163720928
b2689,-0.155683949
b1317,0.644389144
b2949,0.488616116
b2279,0.194551687
b0189,-0.806164787
b1097,0.722684942
b3127,-1.397068997
b1267,-0.907387808
b2487,0.295214331
b3785,-0.615949671
b2515,-0.457262306
b0353,1.489477622
b3605,0.644968042
b3446,-0.299405546
b0367,1.424479923
b1826,0.412296105
b0101,-0.467960635
b1622,-0.570422781
b3905,0.115900976
b0091,0.071878632
b0797,-0.655784357
b0574,1.068738701
b1107,-0.524854238
b3026,0.587165918
b2577,-0.030968586
b2663,2.055747252
b2828,-0.149532852
b3636,-1.690771398
b0889,-0.293147439
b4037,-0.711977864
b2156,-2.147988187
b0436,-1.677139322
b2291,0.147265396
b3752,-1.119282135
b4674,0
b1296,0.540070391
b3349,-1.019018582
b1892,0.286970107
b2652,1.60413761
b1175,-0.841713983
b2709,0.19157083
b4136,-0.456968798
b0481,0.151237271
b4567,-1.308561592
b3549,0.115155679
b2360,0.298916852
b2362,1.371347205
b3330,0.664819267
b4144,-0.359004448
b1535,0.293918756
b3274,-1.368743213
b3736,-0.966719112
b3097,-0.309235558
b3386,-0.567183223
b1150,1.053825118
b1672,1.057286875
b3169,-0.812652633
b4636,1.71359049
b0811,-1.894967963
b1484,0.711854078
b1015,-0.22609428
b3193,-0.036616301
b3650,-0.605224467
b4077,-0.080455197
b1818,-0.981679875
b0760,1.213491981
b0923,-0.103346457
b0517,0.271814994
b2324,-0.03968279
b3733,-1.156857978
b1122,0.100616918
b4460,1.01114128
b3656,0.252835872
b1236,0.028235894
b0998,0.732318275
b1634,-1.425298091
b1277,-0.85955376
b0990,0.735537153
b2083,0.460596945
b4409,0.413321544
b2509,0.653091837
b3404,-0.348687325
b0833,1.670656945
b2629,0.846635681
b0983,0.836196259
b1485,0.463057089
b1613,-0.6706534
b3653,-0.549318929
b0424,-0.305969634
b4352,-0.563468561
b4486,1.413957041
b0188,0.202385503
b2733,-0.757425299
b0493,0.285907169
b4692,1.696781655
b1263,0.064000688
b1567,1.027030115
b1698,0.654375798
b2807,0.413224248
b3723,-0.609119266
b4059,-0.605447851
b0170,-1.670511083
b3282,0.527196447
b2093,-1.09782984
b3514,0.021076784
b2422,3.776657328
b4331,0.189921944
b1844,0.620815915
b0342,1.187974866
b4368,-1.004363023
b1587,-1.02351946
b0357,-0.342722841
b3051,-0.27016284
b3298,-0.906341846
b2446,0.7292308
b0759,-1.222147269
b3219,8.65072795
b2008,0.370314917
b2159,-0.645198341
b3801,0.448018206
b0433,-0.021205664
b2818,-2.121033747
b4314,1.017423654
b4169,0.122190485
b1581,0.670310534
b0942,1.179468599
b1343,-0.433564981
b3089,-0.80472439
b3532,0.013043343
b1703,-0.117682481
b2097,0.74111975
b1076,-0.278725529
b2437,0.311237722
b2506,0.437682894
b1641,-0.461908694
b3132,0.100469912
b0039,0.226975844
b3779,0.027914941
b2893,0.213688011
b3912,-0.13506148
b2200,-1.005359445
b0120,-1.028580307
b0515,1.137563944
b0734,-0.7772888
b0726,0.396132808
b2493,-0.068849812
b4312,0.595692378
b1009,-0.098898526
b1176,-0.268407042
b2485,0.123440219
b1242,0.613987446
b3050,-0.69495661
b3256,-0.888868103
b2263,-0.365149868
b3564,0.245260841
b1256,-1.241898447
b4361,0.257302573
b4603,0.919607646
b2240,-1.264041741
b3124,0.199415799
b2637,0.773068842
b0403,0.711574822
b0400,0.874687997
b0765,0.138210219
b2284,-0.63146687
b2463,-0.193268301
b0728,0.520653051
b0838,0.436214322
b2237,-0.107221735
b2533,-0.134863181
b4340,1.363217541
b0169,-1.577196319
b2395,-0.709953328
b2646,1.052826428
b2069,-0.737441475
b0206,1.606238642
b3933,0.011588255
b1714,-0.590185079
b1117,-0.893091137
b0776,3.029622396
b2610,-0.95380155
b4633,0.467871145
b4297,0.541883432
b4476,0.144331147
b0636,0.525246355
b3795,-0.389414191
b4154,-2.90630717
b1233,-0.092151416
b3232,-0.113620606
b3812,0.16330845
b3481,0.80554961
b0026,0.278034169
b2058,1.368127354
b4565,0.120456061
b1308,-1.299472417
b0472,-0.587139558
b2808,0.287990195
b3449,-0.363143979
b4631,0.906096234
b1654,-0.553567252
b0860,-2.97150947
b2588,-0.197085747
b1038,0.022423974
b0592,-0.121822304
b4646,0.387755949
b4427,1.961802793
b2594,0.001177716
b0236,0.96077343
b3057,0.504703891
b3308,-1.352990572
b1825,0.064219527
b2280,0.123419312
b4550,0.270786557
b4022,0.421400596
b3637,-1.630830108
b3502,0.171723816
b2532,-1.210411781
b0909,0.573644405
b2511,-0.563552522
b2188,-0.431665011
b0529,-0.805083707
b3123,-0.896281517
b3807,-0.040707647
b0907,-0.254090906
b2095,-0.659194109
b2645,0.754969139
b3375,-0.587654031
b3134,-0.024175132
b4266,0.68888245
b0611,-0.283316019
b2976,0.227236016
b3802,-0.728034063
b3731,-1.035984339
b2720,0.347146886
b0729,0.302641954
b1746,0.614416437
b3452,0.105842312
b3480,0.124430068
b4449,-0.526394873
b0396,0.508004074
b3524,0.889291355
b0119,-2.464433118
b1658,-0.692458753
b2377,-0.652010301
b3259,-0.201980904
b0306,-0.272338265
b3385,-0.442778026
b1960,-0.252821463
b0305,-0.079041026
b1907,0.495227562
b3407,-0.53259596
b1671,0.748154263
b1268,0.376942391
b2916,0.478419935
b1063,-0.336857731
b2051,1.777586164
b3297,-0.884562276
b3508,1.224835551
b3595,0.262844075
b1748,-0.498234362
b3337,0.77714129
b1067,-0.206094798
b4588,0.901632022
b1578,0.47187046
b2751,3.544837886
b3264,0.220545404
b2886,0.366776678
b1936,1.501611526
b0683,-0.453405105
b2153,0.235335361
b2747,-0.506367564
b0095,0.000142009
b1171,1.577187034
b2904,-0.122460593
b3764,-0.656705609
b2738,0.755046692
b1660,-0.250621
b0031,-1.040715993
b3735,-1.081739662
b4420,-0.02108313
b4441,0.728437796
b2587,-1.019263292
b0411,-0.912819205
b1186,-0.583048263
b2134,0.277382368
b2323,0.442818319
b2992,-0.088556336
b1981,0.076967754
b2750,4.299957654
b2546,0.815022407
b0826,-1.082441433
b1500,1.033697982
b3390,-0.136078205
b0610,0.026878755
b4117,0.288555377
b2249,-0.265713859
b0048,-0.24313614
b2702,-2.202277058
b3049,-0.142146548
b1764,-1.132546464
b1968,0.14358513
b4624,0.5033764
b3604,0.376050889
b3996,-0.08682027
b1441,0.459019695
b3067,-0.277107225
b0073,1.399781817
b4685,0.536243849
b0803,0.063124491
b4138,-0.735582955
b2149,-1.946331944
b0870,-0.38598594
b3307,-1.331142343
b1650,-0.159537358
b0633,0.194973484
b1633,-0.410796094
b4337,0.648904619
b2544,0.618773018
b3746,-1.249888073
b2387,0.143055975
b0808,0.837170425
b1249,0.248321
b3231,-1.294071088
b2390,-0.315326503
b2801,-1.666551099
b1778,-1.331306401
b1259,0.95869513
b4705,-0.674779481
b0911,-1.133623712
b1597,-5.583228129
b0960,-0.106749313
b2005,0.926728776
b3813,-0.307512072
b1033,0.059221698
b4414,-1.480224746
b0552,-0.744654173
b1700,1.033403568
b0077,-0.746925394
b1276,-0.107211989
b2003,0.88826401
b4438,-0.767296604
b3345,0.57192134
b0455,-0.667702671
b0372,0.607907287
b3469,-0.790545642
b0722,-0.880998241
b2374,0.580603815
b4123,-2.944689468
b1708,0.059366812
b3751,-1.393556625
b3929,-0.98733628
b4360,0.447765081
b2774,0.12705253
b3986,-1.166292599
b3708,-1.634452208
b4389,-0.366652899
b2550,0.288325394
b2349,0.506661768
b1806,0.270286026
b3101,0.269502091
b0366,1.129277046
b4065,0.068985522
b2755,0.858038548
b3856,0.76687159
b1599,0.263670606
b1927,0.245526096
b4466,0.544041453
b0912,0.207043329
b1473,-0.207765234
b1331,-0.736456202
b0426,-0.807884504
b2055,1.928380167
b0356,-0.131254959
b1307,1.815973157
b1674,-0.930653289
b0591,-0.224574237
b4533,0.325724569
b4088,-0.687665964
b1737,0.780855702
b4639,0.962637288
b1430,-0.182682171
b4683,1.494434602
b0606,-0.334209146
b0750,-0.574268093
b0905,-1.013670179
b2955,-0.075219936
b4558,-0.208225699
b3809,-0.034790089
b1514,0.64336597
b2292,-1.487887005
b2847,0.721824333
b4406,-0.807963529
b0398,-0.351141363
b2762,4.334018474
b2106,0.562440477
b1515,0.939104195
b4219,-0.048444655
b3874,0.454043081
b0994,-0.6494345
b2580,-0.679501954
b0810,-1.251022338
b1003,0.017512874
b4062,-1.924417829
b0825,0.152792526
b1891,-0.168128614
b2982,-0.726281335
b1548,0.99128118
b2285,-0.719761974
b1221,0.130026986
b4400,1.054878255
b3070,-0.957404236
b4520,-0.072785668
b0379,-0.632992047
b1501,0.883641815
b2333,0.709026801
b1086,0.246110325
b1722,0.571654655
b3162,-0.538742811
b0865,0.091914026
b0981,0.544951086
b3054,0.296395559
b2697,-0.986978706
b3895,-0.288608848
b0898,1.256038215
b2328,0.29440555
b3551,-0.575017135
b1788,0.174374451
b0300,0.797895197
b1004,-0.083320714
b2043,1.177457797
b0969,0.083754461
b3500,-0.9452496
b0854,-0.356331831
b1373,0.566355107
b1282,-0.711409268
b2264,-0.761706349
b3923,-0.459367013
b3957,-0.824590057
b4258,-0.416163046
b3819,-0.347156049
b1982,-0.092609327
b0259,-0.778153422
b4488,1.024351324
b4076,0.350217818
b2812,0.122831655
b3287,-0.577931537
b0413,-1.002077976
b0071,0.832806261
b3617,-0.746518611
b4373,0.303306951
b2746,-0.715392493
b2261,-0.902331387
b2827,-0.440729596
b1223,1.704269781
b2514,-0.295039585
b3938,-0.769917389
b0363,1.137972353
b0720,0.734094298
b4299,0.096008669
b4637,-0.337847556
b2382,0.336332528
b0656,-0.846721967
b2388,-0.240463585
b0557,-0.466918068
b0004,0.772097088
b3272,-1.680815853
b3031,-0.509525991
b1819,-1.069939187
b1779,-1.300922257
b2041,-0.204709273
b0465,-0.550764914
b1969,0.774656699
b4669,0.98455016
b1847,0.282491224
b0650,0.230770199
b2749,3.088784184
b0111,-0.60632921
b2817,0.23826991
b2911,-0.493057961
b0882,-0.328752899
b3772,1.335555256
b4372,-0.110940442
b0599,-0.001418716
b0035,0.396209865
b0892,-0.104026697
b1275,-0.421742629
b3645,-0.621981296
b4235,-0.524598254
b2565,-1.020210741
b3011,-4.452628625
b1555,1.123205999
b1234,0.303664303
b0130,0.653524312
b4096,-0.464379853
b1301,1.473726305
b3434,-1.032918952
b3191,-0.242577757
b0752,0.029424505
b1521,-0.238313164
b2555,0.252433474
b0420,-0.204554096
b1315,1.031335672
b1859,0.897518654
b0115,-0.341629386
b1164,1.852025328
b4112,-0.102932484
b4261,-0.094589072
b4069,-0.729062853
b0252,0.111561161
b2548,0.945787108
b4355,0.302381493
b3022,-0.182605282
b1325,0.044997551
b0908,-0.469286685
b4032,-0.18085512
b3922,-0.542000206
b0894,-1.759343112
b2924,1.571441853
b3945,-1.871293123
b2166,0.528147315
b4362,0.385467629
b0971,-0.558795134
b3056,-0.362983949
b1496,-1.005519841
b1719,-0.792678141
b3220,10.05985571
b3988,-0.705333042
b3883,-0.10572191
b1027,0.67307371
b1172,1.55796704
b3546,0.075463217
b3791,-0.986196734
b3800,-0.475523011
b1878,1.162946996
b0989,0.87249752
b0569,0.656078478
b2599,-0.123105573
b4262,-0.2801329
b0053,-0.331462716
b0431,-1.176193632
b1463,1.661605851
b2124,-0.347613444
b1619,1.668202675
b2821,0.287159353
b0844,0.338264135
b4085,0.125627875
b4001,0.068451528
b0872,-1.100277957
b0382,0.04696028
b3029,-0.417077109
b1890,0.971217176
b3585,-0.627375511
b0269,-0.545324494
b1777,-1.199798639
b2217,-0.846105174
b1865,-0.570541118
b3352,0.03434588
b2251,0.000738091
b2363,1.472018852
b3940,-0.371962573
b0639,0.36562158
b2009,0.066826479
b4510,-0.771252143
b3889,-0.042844768
b4680,0.462042584
b0072,1.121870403
b4702,0.126874124
b3040,0.290358968
b2022,-0.490459496
b3209,-1.004487042
b4383,-0.816943533
b3963,-0.349465371
b4412,-1.707918673
b1402,0.324356502
b2310,-1.402785291
b4015,0.589397494
b1924,0.992277507
b0706,-0.446229543
b4402,-0.945667927
b1163,0.149074344
b1394,0.641992296
b2392,-0.668399545
b3197,0.023651785
b4303,0.599925738
b0214,0.149160674
b1596,-0.343382462
b4225,-0.190632694
b0129,-1.366204681
b2867,0.645764727
b3597,0.327399873
b1208,-0.842958622
b0160,0.141466078
b0506,0.158640757
b3567,0.633342115
b2829,-0.182648409
b1304,1.261581206
b2787,0.366814048
b0757,-0.625174775
b0076,-0.121943937
b1664,-0.236485779
b0735,-0.603195124
b0627,-0.23818927
b3655,1.202358307
b4203,-1.41512765
b0327,-0.285361709
b2568,-0.011747946
b4063,-0.202453451
b2308,-1.231891382
b4242,-0.852843758
b2642,-0.289295637
b1190,0.038547642
b1333,-1.181307397
b1972,1.063858979
b2079,0.048744709
b3687,0.646909463
b2763,3.529042809
b3600,-0.596402331
b2523,-0.059144318
b1218,1.212943559
b4134,-0.072245808
b3094,-0.637418366
b3565,-0.199813562
b3824,0.027655368
b2098,0.090649154
b4479,-0.416562265
b0164,0.486424036
b1361,0.673563391
b4050,0.267824989
b1829,0.033313359
b4244,0.17946885
b0331,-0.302684637
b2513,-0.249170846
b3102,0.118325714
b0653,-0.831451294
b0658,0.131582013
b1183,0.943024915
b4055,-0.801525753
b0635,0.015732125
b0955,-0.812583519
b2530,-0.764995102
b0113,-0.061368597
b1569,0.702498069
b0578,-0.440391714
b1120,-0.632624295
b1356,0.839687805
b1522,0.62291375
b2624,0.765219564
b2543,0.270118625
b1740,0.268585129
b3055,0.817822536
b1077,-0.575020117
b4109,0.358588696
b1137,0.208459933
b4115,-0.377743508
b0183,0.674943628
b1138,0.291621767
b2507,-1.122018118
b2571,1.086660638
b4315,1.808280065
b3739,-0.057172435
b2631,0.341464974
b1046,0.366227916
b2423,3.531331548
b3909,-0.272291
b2353,0.637176991
b2172,-0.561707709
b1811,-0.193878574
b2975,0.889025923
b2756,0.700644011
b0800,-0.472611728
b1450,1.254058561
b1635,-0.082729814
b0799,-0.495409727
b0351,1.300359047
b4632,0.80857071
b3700,0.269091784
b3614,-0.11104928
b1098,0.439898387
b2170,0.056234788
b3255,-0.211128969
b0541,0.544098544
b2609,-1.441545998
b3660,0.299369868
b1280,0.117083742
b4129,-0.541512684
b2101,-0.001561132
b2825,-0.126378113
b1556,1.11889927
b1302,1.660929311
b1520,0.704706914
b0850,0.207231678
b0692,0.930685031
b1349,0.797812267
b3717,-0.0994678
b1197,0.358460119
b4230,0.534610169
b4585,0.760898672
b1359,0.804145534
b2962,-0.884133117
b2685,0.262031065
b1329,-0.270393024
b2538,1.347816428
b1007,0.171258577
b1959,0.161087556
b0710,0.171210569
b2176,0.747899516
b0471,-0.802744818
b2926,-0.442703566
b2146,-1.544781138
b3074,-0.758471689
b4011,0.503134524
b0682,0.017411501
b4598,1.307426637
b1480,0.442128982
b2678,-0.268822601
b4251,-0.332799345
b0689,0.37352146
b1448,1.131567757
b1512,-0.202087188
b3250,-0.343899667
b0286,1.031710643
b0921,-0.167273501
b4485,-0.018848663
b0631,0.478486787
b1261,-0.268282054
b3740,-0.060117429
b2348,0.703082962
b0428,-0.031704691
b0308,0.35508876
b2298,-1.033523614
b2570,1.20652885
b1595,0.738220449
b1334,-0.483098228
b1773,-0.113327686
b3252,0.041589262
b1991,1.001747281
b1821,-0.194666874
b4366,0.280268681
b0761,0.112460488
b3131,0.465027178
b2461,0.534735516
b0953,1.616345936
b0152,-0.392309506
b0457,0.318860179
b1237,-0.294028341
b4397,0.234186035
b0742,-0.389985706
b0285,0.860081643
b3060,-1.569812885
b1858,0.6218992
b2505,0.044300416
b0084,0.519611544
b3175,-0.319031375
b4704,0.842965582
b0777,2.363837402
b4654,0.627504418
b0036,0.952621422
b0514,0.689325028
b1262,0.253656373
b1780,-1.749185459
b1092,-0.776658489
b3409,-1.429930512
b0132,0.090965797
b0841,0.119810202
b0556,0.251448892
b4004,-0.349289136
b4245,0.171930794
b0253,0.277583682
b2805,-0.899196997
b4205,-0.374767952
b0027,0.433816119
b3025,0.500094547
b1669,0.864925016
b3492,-0.836960169
b4590,-0.984096951
b4445,0.722776347
b2921,-0.319581129
b4044,-0.672078584
b2837,-0.284497243
b0190,-0.437337975
b2094,-0.718854926
b3594,0.639364512
b2909,-1.014477467
b3663,-0.390031431
b1983,-1.099551219
b3632,-0.044816196
b4172,-0.659565685
b1786,0.174253811
b0762,0.570955361
b2562,0.347597759
b2989,-0.551385535
b1993,0.964947974
b1447,1.070859907
b4346,-0.862179605
b4432,0.314345688
b2196,-1.699978612
b0204,-1.118856459
b2089,0.276845715
b4398,0.360830775
b1580,0.567235996
b0361,0.367011204
b0676,-0.309031144
b3212,-0.326050415
b1124,-0.971312958
b2195,-2.183910664
b2023,-0.453122944
b0273,-2.68584926
b2141,-0.65934389
b4421,0.619876442
b3440,-0.508737968
b2832,-0.168659869
b1863,-0.344686747
b1869,-0.253578951
b0387,-0.319112795
b2012,1.690546388
b4009,-0.983803965
b3005,-0.927516162
b1332,-0.226351857
b1709,0.344949767
b2619,-0.261799588
b3758,-0.93419443
b1943,0.263132421
b3161,-0.369251857
b1271,0.078469794
b1727,-0.077574043
b3085,-0.088623119
b2993,0.018164891
b3335,0.14825197
b1414,-0.204364506
b4410,-0.101509944
b3521,0.277745004
b4643,0.742222627
b3260,-0.906901972
b3485,1.079554014
b3970,-0.861712392
b3854,-0.977528799
b1134,-0.111789849
b4149,0.246293731
b4218,0.340826629
b0376,0.588611794
b4324,-0.43651737
b0973,-0.373764726
b1644,0.584306393
b3956,-0.326217634
b2757,1.186624505
b1542,0.576012098
b0110,-0.449919617
b1083,0.454359003
b0915,-0.574017223
b2572,1.178983888
b4658,2.320100077
b2281,0.168503864
b3527,0.371610064
b0730,-0.825300484
b2719,0.073905084
b3592,0.66873629
b0775,3.429779434
b3275,-1.069794599
b4024,-1.522867347
b1607,0.676550472
b4553,1.404752535
b3188,-0.471834764
b1062,-0.234577119
b2589,-1.057899812
b3638,-0.633505654
b0264,0.397149981
b2608,-1.531903972
b3915,0.078518826
b0975,-0.16860677
b1950,-0.262676942
b1238,0.17103524
b3619,-1.280187152
b2415,-0.264455737
b4264,0.834022879
b4212,0.566398692
b0425,-0.749452921
b1339,-0.422568151
b1032,0.852441287
b0490,-0.342717657
b0082,-0.192772657
b2429,-0.359913327
b0577,0.211437977
b0780,0.452749058
b2715,0.95198383
b0184,-0.030525046
b2896,-0.596727493
b0212,0.372637502
b1498,-1.006657686
b1772,-0.536826917
b1994,-0.641339999
b3239,0.400590463
b3906,-0.701090842
b1689,-1.537978178
b3820,-0.736422415
b3399,-0.557577579
b4521,1.033349788
b0311,1.6154413
b1648,0.46372336
b0244,-0.126315185
b2840,0.762022314
b1711,-0.169690821
b4166,-0.550104349
b2364,-0.017804528
b1745,1.112941923
b1879,1.486406087
b2140,0.266979106
b2302,0.609322949
b4302,0.36490059
b3458,-2.063184915
b2615,0.271463178
b3093,0.351528452
b1292,0.2698811
b4464,0.37261337
b1094,-0.433239167
b1000,-0.500461832
b1513,-1.706818006
b1963,0.480374097
b4321,0.186473215
b2462,-0.103255671
b1589,-1.527012966
b0976,-0.099676869
b3676,-0.00587845
b2111,-1.875530188
b2614,-0.809017805
b4655,1.519170121
b2502,-0.544457934
b2901,-0.750207697
b3494,-0.366869131
b4513,1.287516073
b0843,0.320209062
b1475,-0.077549708
b4676,-0.329514271
b2380,-0.407037549
b3344,0.612609637
b1546,0.392250468
b2843,0.202286315
b0723,-0.938279705
b3071,-1.00221551
b4282,0.992632626
b3213,-0.647891288
b1199,-0.369213803
b1731,0.324138226
b1159,1.605399684
b0051,-0.102608299
b3354,0.359405504
b1300,1.482890507
b1688,0.236466844
b1630,0.046906976
b3715,0.269039518
b3306,-1.337024041
b4156,0.592996683
b0349,1.445261449
b1191,0.089793612
b1494,-0.749640903
b0665,-1.74547539
b3412,-0.369342818
b4599,0.345561239
b1379,-0.006581111
b2638,1.020162145
b3184,-0.549437595
b1877,1.257947426
b1602,-0.07225666
b1508,0.245036236
b1921,1.365287006
b0239,-1.048281655
b4606,-2.277788376
b4119,0.278510528
b4176,0.609224757
b1141,1.807608538
b1803,0.614104012
b4544,0.22903628
b1914,0.327803465
b4263,0.058003102
b0906,0.419988949
b4554,-0.271668738
b2282,-0.055792084
b1947,-0.19706021
b2164,0.864801974
b4061,-0.133169442
b4179,-0.86895381
b0146,-0.797966148
b0177,-0.293634366
b1912,0.189544627
b1155,0.260932035
b3977,-0.334795359
b2598,0.220695317
b3755,-1.035542448
b4133,-0.669759469
b2826,-0.428807329
b0593,-0.967737686
b1717,-0.759967627
b4002,-0.307051301
b4114,0.292700339
b1598,-0.138491343
b2471,-0.417003938
b3930,-0.154687448
b0537,0.299890109
b0019,0.294199891
b0944,0.902955569
b3289,-0.710259082
b1140,0.923014798
b2123,0.475307086
b3868,-1.494066262
b1915,-0.247479089
b2681,0.530936947
b2510,-0.043566886
b2021,-0.680712767
b3152,-0.266694099
b3177,-0.734383509
b3670,-0.316623359
b2497,0.04911622
b0813,-0.246077743
b0098,-0.911985057
b3397,0.470776469
b0085,0.327549775
b4384,-0.914781775
b3242,0.487224327
b3396,-0.271534576
b4170,-0.094123151
b2944,0.181540453
b1922,0.412331959
b0473,-1.349380112
b3775,-1.059636305
b3848,-0.72713902
b1676,-1.329086682
b2350,0.18190086
b2561,-0.27527814
b2575,0.002375046
b2991,0.003546696
b0542,1.40371787
b4369,-0.964218112
b0685,0.110690561
b3787,-0.687190944
b1340,-0.136329624
b2389,0.67266744
b3129,-0.744999336
b0598,-0.686105104
b1217,0.706260726
b2775,0.360842244
b0852,0.03373281
b0687,-0.027792865
b1195,0.078091595
b3911,0.054661178
b1438,0.482224895
b1705,0.727267118
b3118,-2.923194117
b4458,-0.090681029
b2524,-0.382897033
b3350,-0.577689477
b0712,0.277757149
b1066,-0.222311501
b3566,-0.860023217
b2253,0.824903235
b2102,0.307744286
b4386,-0.451196667
b2894,0.223739342
b2215,-1.47934067
b0589,-0.392706424
b0249,0.187126699
b2739,0.485983776
b2925,-1.279319323
b4269,0.589255726
b3348,-0.711629246
b3355,0.19648963
b3844,-0.31177821
b3994,1.407393091
b3202,0.065327618
b1194,0.824392074
b3677,-0.154498223
b2252,0.603498291
b3470,0.095225429
b1827,-0.700414278
b2745,-0.432109858
b3238,-1.263997738
b0375,0.216245584
b1552,0.799334824
b3475,-0.041552786
b2258,-0.029597179
b1358,0.242645518
b2417,-0.885026728
b4141,1.048817055
b1565,1.076516084
b0554,1.443176343
b1571,0.617838416
b2075,0.416376398
b4252,-0.364655526
b2706,0.13578362
b1362,1.117234435
b2875,-1.239891458
b2907,-0.748972747
b1167,1.523759109
b4237,0.112482756
b1322,0.119158479
b0504,-1.480334225
b2519,-0.139031934
b3280,-0.010689351
b0055,-0.577926378
b3894,-1.197561484
b3292,0.266799434
b1088,-1.685529963
b3711,-0.173630353
b0851,0.352389897
b2413,-0.805990511
b4447,-0.398388918
b1491,-0.051646368
b1713,-0.755650756
b2305,-0.301500144
b2370,-0.2243166
b1452,0.074405253
b1469,1.475138235
b3230,-1.414544768
b4577,0.357671363
b3830,0.761360002
b0644,-0.553147227
b1113,0.465257605
b0999,-0.531935675
b0938,-0.359278995
b1651,-0.200590826
b2744,-0.161906429
b1524,0.365736406
b1843,0.553431769
b2593,-0.024291173
b1557,0.703110732
b1756,-0.179571122
b1697,0.708911015
b0564,0.2736712
b0630,0.255212808
b1451,-0.289696692
b1583,-0.17919376
b2432,0.797185735
b4517,0.246761379
b3293,0.324057723
b1180,0.510493192
b4575,-0.035179824
b4165,0.305763985
b2369,0.817003926
b0957,-1.185610738
b0867,-0.112498908
b3810,0.142609445
b2741,0.018455592
b0527,0.421301305
b4194,-0.348270178
b3936,-2.14011659
b1090,-0.742050103
b2235,-0.961218973
b3033,-1.278860113
b1054,-0.551321305
b1793,0.557472603
b0228,-0.624449196
b3312,-1.736282378
b2184,-0.063455365
b2782,0.127612852
b3862,0.374247656
b1064,-0.16241727
b1904,0.531443118
b3321,-1.320599043
b0600,0.693982993
b4376,1.938584731
b0032,-1.806519649
b2573,1.53145064
b3568,0.282150185
b2473,-1.049846917
b1990,0.287238766
b3838,-0.549703875
b1049,-0.573675245
b1631,-0.522869116
b3313,-1.831686011
b1519,0.258191961
b0274,0.201806074
b2194,-1.72156953
b2127,0.90619347
b0502,0.618748702
b2716,0.372548872
b4090,0.834154363
b0664,-2.127132022
b2158,-0.64501961
b2525,-0.354123937
b1808,0.266268305
b3753,-0.449712219
b4248,0.820067689
b1421,0.843962413
b1986,1.17237036
b2006,0.362873303
b3058,-0.256039658
b2416,-0.711552288
b1853,0.012004321
b0721,-1.083754716
b3857,0.614401937
b0299,0.411274711
b0023,-0.870726513
b0002,1.56002703
b1314,0.411329007
b3065,-0.671488785
b3538,-0.187266995
b0704,-0.042828655
b3153,1.520950432
b3712,-0.731581437
b0458,0.334537288
b1655,0.086969967
b4587,0.488002353
b3689,-0.460443266
b2272,-0.14746765
b1189,-0.553822128
b2705,-0.710114833
b0806,0.742152854
b4035,-1.451938353
b1792,-0.569906332
b1374,1.519592804
b1763,-0.80161184
b1887,1.122299435
b0804,-0.406164828
b2579,-1.154352421
b3471,-0.082282687
b4121,0.940450653
b2175,0.679464456
b4301,0.03971672
b4592,-0.007666918
b4436,-0.702704769
b3174,-0.651632807
b2779,-0.861374501
b1347,0.032388356
b3835,-0.223658947
b0219,-0.362213204
b2254,0.791648141
b3610,-0.778990162
b2091,-1.38311227
b1573,0.429206074
b2173,0.327342955
b0030,-1.116292424
b1925,0.529868684
b2736,1.010933494
b1289,-0.379488074
b2182,0.102009591
b1834,-0.028783582
b1345,0.171140573
b1618,-1.157078017
b3866,0.546482604
b1564,0.106101466
b4211,-0.285562373
b2303,-0.292577099
b0330,-0.377505212
b2531,0.035875561
b3761,1.033478777
b0758,-0.907597828
b3845,0.989706134
b0724,-0.29032985
b0959,0.839238188
b1220,0.561567027
b3314,-1.86112072
b3387,-0.417858691
b2185,-1.668222892
b1305,0.911694249
b1582,0.777808416
b2424,2.782127784
b2793,0.722923564
b1977,-1.006355123
b0258,0.610941335
b3358,-0.325897268
b1813,0.053568651
b3457,-1.617840399
b3294,-1.356701636
b4209,0.156124325
b3486,0.317984176
b1213,0.261242587
b1294,-0.110806634
b1298,0.276375538
b3630,-0.352584071
b1258,0.932133579
b3154,1.11141238
b0070,0.794556873
b2752,2.958905332
b0328,-1.287189245
b3671,-0.15610205
b3887,0.549536446
b2880,0.412255408
b2013,1.692516746
b4413,-2.114971931
b3320,-1.589140506
b1303,-0.541484271
b2868,0.13577933
b4195,0.063492901
b3319,-1.699977432
b2895,-0.586689313
b1957,0.389065832
b2409,0.260707319
b0505,0.414580636
b0849,0.148587959
b4679,0.909607746
b0991,0.315369317
b0018,-4.164524615
b1065,0.490087252
b1833,0.483207522
b4189,-2.894500707
b1118,-0.351128026
b2662,1.034297079
b4310,1.053607828
b4067,0.583784788
b3468,-0.093331761
b0268,-0.878539105
b0715,-1.161500377
b3831,-0.886552439
b3083,0.367378626
b1433,0.526413242
b3333,0.785050252
b3704,-0.311600824
b0103,0.221770739
b4444,0.733902601
b3459,0.407937043
b2676,-1.086891325
b3110,0.533258625
b4305,-0.421859273
b3806,-0.328026208
b1270,0.304534067
b2436,0.142738238
b1060,-1.306435507
b1970,0.474950656
b1089,-1.866915568
b3225,-1.610945614
b0773,0.538505429
b4424,0.895627249
b2063,-0.318765572
b2811,-0.128599726
b4254,-2.535936168
b3311,-1.67840486
b4708,0.2949889
b1084,-0.711820611
b1442,1.208200739
b1551,2.418688065
b1253,0.55153172
b3432,0.0146635
b1231,0.918210185
b4057,0.081575097
b3968,-1.418530689
b3090,-0.05009357
b0451,-1.546213027
b2239,0.311246613
b3133,-0.029123563
b0114,-0.864929573
b1327,0.527572074
b1940,0.659716245
b2830,-0.144309858
b2923,-1.302264045
b2558,0.276156319
b3317,-1.871038122
b1071,0.290312589
b0968,-0.039504057
b0182,0.572651947
b0461,0.352696644
b4396,-1.151780774
b4451,0.50213204
b4393,-0.775352118
b3804,-0.284189288
b2244,-0.142836653
b1278,0.421030953
b0324,-0.3357923
b4089,-0.817370203
b3601,-0.221800646
b3766,1.153555041
b0805,-0.572325541
b4609,-0.044875728
b4239,0.326946325
b2242,-2.013202248
b1130,-0.137477207
b1287,2.066787494
b2165,-0.142685725
b1841,0.727142199
b4256,1.112817103
b3661,0.676072018
b4440,-0.12028361
b3550,-0.07458326
b3851,-1.370914047
b2616,0.223580921
b4025,-0.961917986
b4595,-0.374266033
b0150,-0.927288256
b0265,0.215571694
b4532,0.833311163
b1632,-0.552629714
b2683,0.442574089
b3561,0.504412185
b1426,-1.275572494
b1732,1.299661779
b1434,0.050013967
b1614,-0.228642527
b2520,-0.892451151
b3402,-0.246206006
b0021,0.862971274
b2591,-1.319004495
b0167,-0.107724407
b3278,-1.417557107
b4578,-0.191356146
b2748,-0.217842801
b3299,-1.194289934
b2792,0.257728632
b3552,-0.064497476
b1610,-0.286897731
b2764,2.497142506
b1024,0.432986276
b0037,-0.197045936
b0215,0.085298299
b2024,-0.449895679
b0422,-0.258431773
b4505,0.062762853
b0890,-0.359440453
b4525,-0.851225564
b3383,0.570522432
b4306,-1.091224854
b3842,0.463461813
b0005,0.57874713
b0924,-0.459604315
b3516,0.547096593
b1758,0.321192213
b1265,-0.372325343
b2019,-0.863950966
b2802,-0.6797175
b1550,1.292455894
b3598,-0.143562927
b1112,0.733534637
b1037,0.114567705
b1901,-0.567118636
b3863,-0.311862265
b0450,-3.175702544
b0583,-0.418092636
b0751,-0.138805222
b0866,-0.193096912
b2148,-0.742116307
b4280,-0.711132548
b4053,-0.736482719
b2032,-0.025847098
b2074,0.060416349
b1382,0.686604386
b0157,-0.109501451
b2831,1.014546284
b3728,-0.052601673
b1079,-0.182498274
b1798,0.714582108
b0380,-1.445420175
b0494,0.605290962
b2036,-0.245943015
b3756,-1.293170128
b1620,-0.9847308
b2035,-0.184900666
b4322,-0.43333324
b0764,0.446242858
b2317,0.275846181
b3757,0.651722124
b0498,-0.052686811
b2815,0.674905781
b4370,-1.076759342
b1040,0.410515293
b2192,-0.675176443
b2419,1.3772418
b4145,0.684516898
b0201,-1.340103603
b0695,0.329922566
b4698,0.480285442
b1018,0.031580871
b0640,0.564938569
b1783,0.583793445
b2542,0.663178199
b3754,-0.54562539
b3012,-2.152516415
b0014,-0.910579505
b0965,-0.100290145
b3165,-1.233316984
b4364,-0.134926772
b1605,0.14720584
b2927,-0.117551341
b4557,-0.311639009
b1341,-0.696746165
b1628,0.062818916
b2768,-1.007983992
b3928,-0.895752607
b2128,0.916182241
b1198,-0.119395472
b1718,-0.711814487
b2607,-1.548408615
b1781,0.636828426
b3316,-1.850206935
b4589,1.15435541
b0932,-0.6655288
b3398,-0.162165735
b3959,-3.22578464
b2314,-0.21735744
b0368,1.057601344
b2142,-0.760410595
b1636,-0.463517106
b0624,0.655201297
b0774,1.104093258
b1216,1.104842414
b1755,-0.216330004
b1174,-0.62794238
b0713,0.458130034
b2853,-0.005825158
b2441,0.534916105
b4493,0.261523801
b3465,-0.099666614
b3608,-0.790975636
b2379,4.020815364
b3627,-0.389382346
b3445,0.779195693
b4515,-1.077473593
b4007,-1.184002207
b4187,0.372211815
b0213,0.169206337
b3318,-1.777131355
b2841,0.676557138
b1822,-0.032643549
b4641,1.20244534
b4040,-0.531638877
b0020,0.588877926
b1370,-1.023163346
b2714,0.63690964
b3917,2.267918097
b2104,0.862188499
b1532,0.939002825
b3045,0.281638872
b0313,1.225146023
b3921,0.380808515
b0462,0.07217731
b1511,0.689618492
b3421,0.19523871
b3439,-0.495542002
b1685,0.420987049
b3130,-0.338603401
b3616,-0.47768059
b2592,-0.664384791
b2967,-0.350471108
b3774,0.492783773
b0412,-0.164589893
b2053,1.943378896
b2295,-0.194954462
b0638,0.143068561
b3987,-0.695830113
b2086,0.474859534
b4483,-0.17255949
b0779,-0.552978766
b3674,-1.28201328
b1812,0.17850144
b3415,0.179707516
b3798,-0.505745527
b2236,-0.683586851
b4418,-1.187475162
b3224,-0.897429422
b3993,1.406749709
b4046,-1.049574999
b4072,-0.108000115
b0298,0.093286164
b4697,0.240482843
b4267,0.082235199
b3495,-1.076324265
b1044,1.043659733
b1661,0.141723788
b1021,-0.610405219
b0668,-0.069129736
b1608,0.865305722
b1653,-0.128456299
b3009,-0.717106949
b1398,0.375602976
b0858,0.346565507
b2219,-1.61496079
b1734,-0.158982871
b1531,0.646380789
b1725,-0.781272306
b4116,-1.316049546
b0010,0.355848967
b0390,0.425266876
b1465,0.887877603
b1609,0.526052453
b2559,-0.127111661
b4016,0.56768685
b2869,-1.35106249
b2665,0.638185372
b1053,-0.129397437
b0003,1.181882222
b0445,-1.122907073
b0821,-0.904028538
b0966,-0.847018063
b3305,-1.377305939
b1326,0.599142734
b0641,-0.132430255
b2327,0.340049406
b4188,-2.879301813
b0050,0.051734738
b0739,-0.344331622
b0065,1.153214934
b2628,0.161840056
b4443,-0.065303067
b0587,-0.377264377
b3103,-0.26579677
b4547,-0.47832267
b1946,-0.414279762
b3222,-0.240839401
b2007,-0.418918186
b4611,-0.093802631
b0078,-0.725039246
b2903,0.417214685
b2020,-0.943952705
b2605,-0.895506891
b4164,0.692026076
b0173,0.061857194
b1177,-0.393311224
b2449,0.212304557
b0389,0.411351678
b0859,-0.620333659
b2040,-0.387706893
b4259,0.047654671
b0778,2.398908124
b0845,0.587613263
b2433,0.616026545
b2667,-0.32736832
b2103,0.720902173
b3777,0.652849192
b0466,0.276640096
b1011,-0.712734495
b3536,-0.352821976
b0256,0.397220673
b0916,0.179660697
b2979,-1.232163368
b0001,1.444316419
b3760,0.871809534
b0038,-0.310733887
b4348,-0.173681689
b0209,1.024561436
b4319,1.119507911
b4512,-0.335792402
b1600,0.295525584
b4353,-0.402951436
b1518,0.294848643
b4613,-0.552912392
b3204,-0.043046305
b0399,0.125708011
b2578,0.497057637
b4566,0.990819994
b3698,0.347981646
b3727,0.095195255
b4527,0.777613729
b2621,-0.707396338
b1716,-1.025092905
b1839,-0.10830047
b2804,0.667929658
b4326,0.192312678
b2584,-1.706224167
b2622,-0.612661764
b4214,0.062682
b0015,-0.128087198
b4573,0.332899118
b0338,0.270367271
b0818,0.575462124
b0198,0.697674727
b0207,0.01770431
b4627,0.438488337
b1562,0.217769825
b4249,-0.0103311
b1091,-0.558215292
b4159,-0.479548705
b1997,0.142795457
b0659,-0.250264768
b1919,0.180799856
b2659,-0.713027821
b2501,-0.266316081
b0904,-0.163646552
b2071,0.055386458
b2601,-1.380559913
b3105,-0.067924526
b2666,1.225050586
b3557,0.818441971
b3107,-1.139021872
b4318,1.241143669
b3790,-0.516644391
b3885,-0.29664477
b0812,0.466564911
b3382,0.87730959
b3155,-1.091096724
b2238,0.636106141
b4278,0.198039892
b0962,-0.454538983
b3620,-1.023218384
b0487,-0.112233909
b0694,0.45895212
b1201,0.424759932
b2476,-1.699937543
b1525,0.193318427
b3069,-0.923449351
b2177,0.027905283
b3976,0.026743644
b0086,0.174183964
b3602,-0.715745523
b0430,-0.495211575
b0786,-0.782893194
b0126,-0.347452434
b4618,-0.208188657
b3021,-0.172456018
b3427,-0.19144748
b3799,-0.056853274
b2682,0.378143688
b3466,-0.342913628
b3669,-0.060597764
b2189,-0.560452488
b0163,-0.815364815
b0429,-0.226712314
b4342,0.019263735
b3635,-0.718491732
b2259,-0.56634478
b3233,-0.516048716
b0075,1.833961409
b3990,1.787896063
b0440,-0.866910659
b2535,-0.155586424
b0480,-0.579601521
b1750,-0.419186658
b4504,0.172290326
b2174,0.009030278
b1250,0.143100898
b2508,-1.133382219
b3448,-0.871053338
b0176,0.072462074
b2686,0.406204608
b2824,0.248682004
b4139,-1.947118388
b3623,-0.202211578
b1536,1.286387825
b1129,0.248226922
b3095,-0.273739674
b3991,1.684966817
b2011,-0.407135335
b4645,-0.260509531
b2135,1.022293276
b4408,-0.429744731
b3183,-1.146834876
b1675,0.874612004
b3008,0.020949335
b2717,-0.786683384
b0404,0.43122803
b1202,-0.093795927
b1984,0.43877629
b4417,-0.694884478
b0753,1.409927769
b2080,1.001370668
b0448,0.344305211
b0861,-0.509034013
b3408,-1.241043346
b2126,-1.054347548
b4529,-0.234016338
b1545,1.469515561
b2468,-0.442951998
b3053,0.235854781
b0325,0.117435872
b4538,0.107487456
b1941,0.011852722
b0711,0.356528799
b1002,-1.764102975
b2877,-1.261791581
b3403,-1.700424739
b0964,1.250524807
b0708,0.406531916
b0836,-1.006345272
b1917,0.724565962
b3249,0.34810227
b0453,0.991718457
b2600,-1.220483065
b4411,1.166217099
b4382,-0.273837885
b1290,-0.080443512
b1248,0.248370151
b1123,-0.809964463
b3361,0.17635915
b2163,-0.679388438
b3716,0.636121707
b0871,0.166350226
b2786,-0.525082243
b3117,-1.956790106
b3518,-0.266282466
b1461,1.036488454
b2347,0.772283376
b0736,0.857744712
b3505,-0.07795729
b0897,0.971054691
b0391,-0.484908047
b0596,-0.987591909
b2661,0.609287382
b2210,0.222853931
b2860,0.224625699
b3444,0.097498703
b3797,-0.494055656
b4425,0.125664561
b0652,-0.98576521
b1380,-0.884076165
b2743,0.038798506
b2735,-0.243948812
b4255,-1.056296093
b0829,2.130082603
b1273,-1.29047889
b0901,0.31637466
b2025,-0.731399303
b4387,0.339379604
b0875,1.272042516
b2250,-0.095540819
b2814,0.699641195
b1266,-0.525412874
b2378,0.850981664
b3113,0.080443762
b2672,0.770593536
b0796,-0.529270781
b4673,0.619955735
b1299,0.312858695
b2844,-1.423625627
b3043,-1.298330369
b3515,0.246324121
b3414,-0.697512256
b2030,-0.468623248
b2790,-0.498135809
b2528,-0.44433228
b4006,-1.971457357
b0419,-0.620543482
b0604,0.372263768
b4542,0.291404289
b1625,1.290647051
b2052,1.845933565
b0793,0.283580426
b1770,-0.7630791
b4073,-0.628659355
b2404,-0.385888006
b2450,-0.578968963
b1257,0.280845598
b4545,1.161995194
b3788,-0.766871263
b0978,-0.208846662
b2425,2.091789756
b1849,-1.331373599
b1739,1.056521738
b2669,0.139738783
b3116,-0.049722634
b0476,-0.467208179
b0496,0.517254174
b3497,-0.033445623
b0009,-0.722048191
b0678,-0.700135409
b2267,-0.048216254
b0052,0.077678589
b1114,-0.650328238
b0566,0.876852632
b1036,-0.268741176
b3205,-0.172063688
b4163,0.458505884
b0848,0.47950544
b3855,-1.776676766
b0974,-0.270989433
b0315,1.191622411
b0828,1.787527991
b1743,1.013433367
b2401,-0.132263778
b3206,-0.007579697
b0605,0.073093911
b2819,-0.400739081
b4290,-1.411417359
b1896,1.235860948
b3748,-1.231071234
b2777,0.129298889
b1996,-0.311200401
b0516,0.828294847
b0056,-0.549569058
b1462,-0.301163947
b3884,-0.677540796
b3742,-0.020388015
b2068,-0.069274029
b1729,1.531208734
b2691,0.280044926
b2105,1.498657765
b2331,-0.525338351
b1082,0.526535873
b2440,-0.187133109
b3693,-0.158778421
b3924,-0.336631952
b2597,-0.790421835
b3315,-1.823839863
b1926,0.77466987
b2178,-0.164467952
b2521,-1.723008164
b3817,0.12514044
b4273,0.301705697
b0092,0.13137111
b1449,0.045479296
b3168,-1.058259142
b4071,-0.242134701
b3304,-1.383898798
b0443,1.392397149
b4178,-0.126336452
b4625,0.99549639
b1051,0.867784256
b4474,-0.223613154
b0485,1.696175292
b0622,0.843352438
b1507,0.225440418
b4456,0.271560397
b1639,-0.274936186
b0956,-0.71285645
b0352,1.1110051
b3430,-0.350854984
b0855,-0.55541285
b0489,-0.88662969
b3362,0.19660261
b2366,-0.056599078
b4437,-0.452994398
b0409,-0.152718171
b4271,-0.53972833
b4518,2.006013182
b3522,0.785622468
b1144,-0.04518162
b4536,0.004539506
b4135,-0.433337905
b1988,-0.94006962
b0275,0.105002173
b1293,-0.286752463
b0123,-1.200404414
b1131,-1.448946231
b0153,-0.961673174
b2742,0.951888155
b3688,-0.850471612
b0060,-0.099315484
b4381,-1.269578627
b0459,0.943226188
b4241,-0.477914315
b1902,-1.420607747
b4403,-0.289555483
b4561,-0.071841543
b3455,-1.470892171
b2160,-0.654474726
b0795,-0.046869805
b4210,-0.211180087
b3796,-0.263109607
b4596,1.240326568
b1881,0.460314948
b2475,-0.175549861
b3290,-0.454432027
b2018,0.071174023
b2290,0.147140753
b0992,-0.025646668
b4240,-0.113048018
b4472,0.079373883
b3629,-0.270649269
b0304,0.483141859
b0814,-0.782104833
b1252,-0.21177707
b2674,-1.186218668
b2154,-1.207278506
b4118,-1.812884413
b1399,0.199917461
b2218,-0.105731555
b3995,-0.420101897
b1055,-0.148021499
b3277,0.562772581
b1549,-0.616083036
b3276,0.580037575
b2216,-0.303765404
b2015,-0.138380839
b0903,-1.541137612
b3474,0.231791561
b1110,-0.301665641
b1483,1.184588597
b2169,0.91615592
b4528,-1.208238256
b0495,0.716712935
b1096,0.715667687
b1523,0.994959849
b2179,0.12674822
b4582,-0.510929692
b2668,-0.528459265
b3696,0.474396953
b4498,-0.357723209
b1842,0.9613821
b4569,0.781874669
b2692,0.218453278
b3828,0.383023365
b3268,-0.327681922
b0702,-0.134779079
b2125,-0.532761028
b4686,-0.199506775
b4511,-0.449725911
b1162,0.278562016
b3429,-0.204069898
b1492,0.634448356
b1820,-0.005653404
b3010,-1.62826445
b0900,1.619472851
b1836,2.261954432
b2088,0.180563082
b0988,1.318040137
b2150,-2.695297896
b3425,0.406794698
b4140,0.32109116
b3456,-1.626916326
b1047,0.273119263
b0373,0.177642816
b4070,-0.267099958
b0830,2.527008817
b1328,0.581810077
b1594,0.331467997
b2187,0.140731652
b2627,-0.036099172
b3258,0.02837332
b0597,-0.650076305
b2037,-0.18177467
b4428,-0.711314738
b0846,-0.864392751
b1590,-0.745852154
b3487,-0.170708964
b1566,1.008526735
b4429,-0.788133179
b4454,-0.003215298
b0394,-0.58116563
b0579,-0.026923831
b2144,0.594868074
b4092,0.676970445
b4268,-0.446861633
b3992,1.536205738
b0033,-1.193444704
b0832,2.771089489
b2606,-1.775078477
b2929,-0.02191872
b3892,-0.056560658
b1431,-0.231874753
b1611,-0.95995826
b2660,0.558392468
b0958,0.005841139
b4672,0.265282673
b1666,0.906818276
b3707,-1.62552615
b3291,0.236715387
b3570,-0.693207273
b1493,0.643354709
b1975,-1.397171702
b2556,0.559895623
b4127,0.332150859
b3267,-0.187937765
b0570,0.30360617
b0162,-1.040629284
b4597,-0.1463685
b4125,-0.565478773
b0536,0.620095449
b2527,-0.204681105
b4168,0.582400989
b0337,-0.225529479
b3662,-0.17007265
b3032,-1.483817096
b2414,1.574154009
b0066,0.120775178
b2181,-1.887352653
b4455,0.142486357
b0288,1.015756351
b0917,-0.122428617
b0093,0.481428027
b0293,0.459611731
b0886,-0.14646408
b0543,0.122551081
b2245,0.354197371
b4480,0.594773204
b1814,-0.912855991
b1768,-0.674221969
b2732,-0.772494874
b1260,-0.176283277
b2963,-0.304574005
b0067,0.01597679
b3125,0.615926707
b4670,-0.152684255
b4003,-1.005983844
b0233,0.53675772
b3703,-1.315552486
b1070,0.458289672
b2307,-0.645449282
b0464,0.606981892
b0248,-0.125211851
b3886,0.0281998
b0857,0.810965246
b0885,0.236079326
b1726,0.313990585
b2000,-1.33584361
b3453,-0.557819896
b1649,0.419648853
b2928,0.288976947
b0798,-1.222638673
b3073,0.866544744
b3044,-0.121782584
b2673,-1.288099085
b3556,0.062220248
b2670,-1.24585097
b1102,-0.692912996
b2214,-0.396258951
b2403,-0.386530911
b1139,-0.203855286
b1279,-0.316537338
b1342,0.535626014
b3622,-0.632089953
b0831,2.729028403
b2766,-1.54134614
b1855,0.421052062
b1724,0.728632017
b3668,0.709368752
b1297,0.391346092
b0124,-0.121289375
b1321,0.133133431
b2256,1.023560763
b3351,-0.137796328
b1219,-0.564448287
b4217,-0.182880978
b1481,1.292157264
b4056,0.148606577
b2969,-0.27431612
b0582,0.175101112
b3939,0.202367615
b1291,0.05478635
b4008,0.318725846
b0208,-0.061629264
b2260,-0.380457836
b4060,0.704260644
b0094,0.20237563
b4030,1.651052169
b2038,-0.301166992
b4020,-0.092530767
b0972,-0.735935253
b3356,-0.370808709
b1397,-0.85375369
b0670,0.485965454
b4385,-0.049236604
b1585,0.870757242
b2664,0.867867887
b1427,0.358768601
b4535,0.974828532
b1918,0.600496735
b3462,-0.428950163
b4647,0.861652493
b0869,-0.086459741
b0171,-0.759594959
b2816,0.655415742
b3006,-0.630157803
b4354,-4.667985947
b0555,1.25465577
b4439,-0.270674639
b2713,-0.71611726
b1945,0.25201309
b1243,-1.992382607
b2342,-1.379090537
b3171,0.210838125
b2112,1.279858279
b0522,-2.355917007
b4667,1.479374996
b2899,0.316732148
b2958,0.436193551
b1987,1.732738176
b2143,-0.460554993
b4450,-0.894060892
b4431,-0.320515224
b0148,-0.39914588
b0158,-0.041179606
b2618,0.147846712
b3714,-0.691781587
b3163,0.540836681
b3428,-0.509717954
b4191,-0.191195695
b1541,-0.644718798
b1805,-1.13240973
b0191,0.021091345
b4487,0.58335609
b2586,-0.825699139
b0558,1.616960374
b3654,-2.324531661
b1013,-0.083863877
b1179,0.516369778
b3852,0.524813437
b0155,0.252354661
b1135,-0.04523945
b0876,-1.034655967
b0884,-0.915180491
b0925,-0.423231126
b2496,-0.185244688
b0446,0.191754633
b1533,0.670586758
b2990,0.220294058
b2136,0.310393193
b2442,-0.051934273
b2722,-2.0566307
b4407,1.728821149
b0468,0.129741943
b0090,0.213086517
b2866,0.212678114
b4281,1.451961179
b1429,0.248111282
b1488,-0.449943887
b0307,-0.056701292
b2085,-0.30384535
b0755,-1.588497607
b0899,0.312159353
b4593,1.428541153
b1586,0.303311359
b2560,0.188995477
b3607,-0.295296695
b3467,-0.370559193
b0069,-0.928282929
b3247,0.380376924
b4422,0.255215916
b1626,0.226492394
b2536,0.136538602
b3343,0.586459672
b1696,-0.379037652
b3872,-0.027443978
b0594,-1.294876895
b3517,0.884673662
b0024,0.625171087
b1396,0.698969845
b2466,0.901202142
b4292,-0.697209447
b2499,-2.537738011
b3954,0.447798828
b0672,0.10366366
b1020,-0.085497173
b1932,-0.047750462
b4227,-1.219563184
b2833,0.532890038
b3364,0.047925383
b2500,-0.89431106
b2803,0.276915403
b3302,-1.310087961
b2864,0.304111181
b1553,1.08874528
b3059,-0.127646135
b4470,0.478062941
b2318,0.126644072
b4093,0.77865266
b3501,-0.112931155
b0744,-0.061097234
b4638,1.537827741
b1445,0.507059096
b1601,0.176319938
b4064,-1.397042532
b0581,0.207700998
b0707,0.71891619
b0880,-1.004593839
b1591,-0.377990359
b4664,-0.476850883
b0245,-0.221992234
b2130,1.011762154
b2326,0.21839568
b2582,-1.203317371
b0200,-0.37629666
b1528,0.553576607
b2809,1.661872178
b3651,-0.658529698
b0995,-0.170459468
b1474,-0.149970724
b3014,0.135912797
b2399,-1.110721467
b0281,0.709189094
b0584,-1.093444986
b0743,0.024050972
b4351,-0.56390809
b3829,-0.492531933
b0016,0.137368049
b1668,-0.068092551
b1910,1.522117886
b3460,0.330035824
b1992,0.956820521
b0856,0.185592107
b1592,0.468269097
b1956,0.611077831
b2099,0.002361146
b4320,1.035208789
b0187,0.460859414
b1795,0.395066566
b2696,-0.348771233
b1444,1.319460675
b0081,0.114282301
b0272,-0.694751185
b2545,0.447590579
b3406,-0.116734533
b0186,0.227082747
b1042,1.4094075
b0329,0.542473573
b0427,0.090106327
b0749,0.017535818
b1627,0.297641073
b2220,-0.394804765
b2781,0.038109741
b4568,2.357337004
b4013,0.70077362
b0266,0.851009413
b3839,-0.107477873
b1119,-0.476429494
b2822,0.217299588
b2861,-0.114759847
b3555,0.181936894
b2155,-0.622023638
b4430,1.068076721
b4690,0.274988965
b4712,-0.01116777
b4516,0.418174873
b4357,-2.089916523
b1659,-0.34021789
b0586,-0.389517803
b1145,0.493056197
b0216,0.007886712
b2865,-0.223323687
b1244,-0.829263294
b3203,0.147327967
b2539,1.080670633
b3179,0.351457448
b3261,-1.376585351
b0280,-0.168382852
b0559,1.225201073
b4687,-0.431251235
b1563,0.095996531
b3243,-0.496383969
b0047,0.040672632
b1206,-0.646837641
b2311,0.772533009
b3893,-0.564737672
b3946,-0.604386984
b4298,0.329351438
b1085,0.277456101
b3890,-0.124039217
b1678,-0.155130694
b2617,0.0282425
b1920,1.381068314
b0418,-0.127383802
b2912,-0.391554344
b0250,0.252317092
b0442,-0.684100802
b4457,1.168892972
b4323,-0.136578054
b2067,-0.22273122
b3300,-1.195470303
b0142,-0.841253293
b1478,0.546771388
b1840,0.508754095
b3106,-0.088203308
b4551,-0.695944547
b3621,-0.389288924
b2405,0.040117028
b0384,-0.42073228
b1482,1.003669808
b3967,-0.912659585
b1025,1.121377736
b1976,-1.321847478
b1019,-0.1179073
b3793,0.046155499
b1640,-0.348741036
b2504,0.016409106
b4537,-0.500136502
b2213,-0.33581974
b2604,-0.17114127
b2312,-1.629460579
b3631,-0.310477853
b2942,0.345442631
b4317,1.784074848
b1205,-2.43382645
b4272,-0.015359764
b3548,0.519000062
b4662,0.625911478
b1762,0.7133847
b0595,-1.275148887
b3207,0.435053717
b1413,-0.094700582
b3685,-0.951432909
b3926,-1.316501607
b0144,0.493519823
b3539,0.158604923
b1558,1.195727747
b2900,-0.470911234
b3599,-1.496522138
b1056,1.079088521
b2698,-0.229728602
b2552,-0.038832677
b0479,-0.275625766
b1784,0.875537432
b3360,0.37059972
b2152,0.464584187
b3537,-0.014725336
b2474,-0.172721041
b0950,0.286478192
b0662,-0.316312444
b3353,0.401295886
b3454,-1.542858796
b1440,-0.614772651
b2180,-0.417027258
b4289,-1.473189095
b2529,-0.724981007
b1061,-0.222839616
b0590,-0.195154655
b3369,0.688352021
b3496,-0.074930022
b3853,0.547354626
b1923,1.329115139
b0623,0.129545507
b0580,0.308422103
b1944,0.000327163
b3082,-0.08747554
b0199,0.691449591
b0817,-0.080725589
b2693,0.480701159
b2167,0.700255082
b2304,-1.495742278
b3512,0.722162574
b1882,0.369051272
b2398,-1.424409527
b1109,-0.750548287
b4668,0
b1375,1.709506229
b0666,1.041157843
b0987,0.612608724
b1954,0.208341328
b3024,0.415955484
b4642,0.23625959
b3606,-0.038263276
b1776,-0.48639894
b1799,-0.684786919
b4571,0.155182951
b3148,-0.510474637
b4018,-0.530113727
b1241,-0.786055096
b3864,0.071319355
b1534,1.496793567
b4546,-0.388699211
b4378,0.743166526
b2306,-0.585477947
b4688,-0.458816991
b2397,0.121610208
b2936,-0.841011288
b4128,-0.014176668
b1099,0.659496147
b0528,-1.353946833
b1642,-0.453069536
b1938,0.275062352
b2753,0.520425738
b2082,-0.227299907
b2354,0.885319923
b2381,0.125054644
b3413,-0.541707585
b4691,1.804540373
b3042,-1.047539229
b3081,-1.303593885
b0397,-0.225484642
b0878,0.468212442
b3827,0.509737947
b0064,-0.162268816
b0873,-1.139359648
b2731,0.230735688
b2838,-1.804059021
b3431,-0.416343542
b1906,-0.910625341
b1544,1.614604469
b2028,0.386721509
b1971,0.569589315
b0790,0.778196653
b4399,0.312059035
b2602,0.594482773
b1736,-0.281531702
b4113,-0.506938683
b0147,0.209046883
b1526,0.406836567
b0546,0.466975697
b1953,0.059500531
b1800,-0.234728707
b1738,-0.055413952
b3128,-0.283673556
b3223,-0.389289099
b3503,0.132479477
b1143,-0.255386679
b2026,-1.149076533
b1707,1.113840417
b1942,-0.513231734
b2910,-0.063916226
b3003,1.310688598
b0868,0.194578471
b1355,0.545711975
b2712,-0.687966837
b2725,-1.961016092
b0346,-2.403305909
b1419,-0.559485344
b1958,0.159472992
b3034,-0.042538626
b4446,0.236219058
b0022,0.399281962
b2315,-0.743060946
b4350,-1.308725202
b4665,0.165645288
b2394,-0.052315516
b2313,-1.084460786
b4171,-0.307516032
b1760,0.550980288
b1045,0.046569656
b0700,0.545681386
b2212,-0.069373853
b1330,0.068465601
b3618,-0.725575689
b0088,0.183833789
b1306,1.171343543
b1584,0.006910762
b0454,0.258077019
b0482,0.213692878
b0523,-2.408051251
b0952,0.036611929
b3665,-0.917373804
b2677,-0.783314818
b3088,0.037736595
b1423,-1.187757163
b4236,-0.286755765
b0449,0.116923689
b2797,-0.346684968
b4078,-0.40889649
b4126,0.081126053
b4663,0.310341084
b3535,0.437554875
b0634,0.011372302
b2322,0.282302138
b1230,0.549249709
b4222,0.757094816
b1765,-0.719281121
b0488,-0.537820748
b4167,-0.032644335
b2876,-2.66799354
b3792,-0.05136173
b0220,1.282848499
b1643,0.582234291
b0378,0.345536591
b0360,-0.123850204
b2427,-0.768403804
b3001,-1.442108272
b1229,-1.206161317
b1182,-0.609155983
b0049,0.307254323
b4367,-0.057553713
b3969,0.256521357
b0791,-0.978037015
b3759,0.012079
b1647,-1.296202489
b0350,1.549310406
b3221,0.696849065
b2785,-0.57491023
b3218,0.254424643
b2340,1.034046548
b1712,-0.658634885
b3571,-0.170260652
b3672,-0.042297997
b1080,-0.145647845
b0673,1.128466871
b3166,-0.707812026
b3588,-0.085272084
b1439,0.317534555
b4068,0.325717383
b4107,1.275781022
b1692,1.243644378
b2679,-0.961404849
b2557,-2.184205451
b3603,-0.850924391
b3528,-2.862265705
b1406,-1.347691209
b0475,0.245651289
b0891,-0.350564532
b4703,-0.022444769
b1188,0.471976276
b1081,0.076648176
b3087,-1.129610256
b2457,0.623500951
b2671,0.48905229
b3710,-0.315107187
b3545,-0.211246191
b4640,0.719610163
b1443,1.737088398
b2470,0.024800662
b1146,1.476056606
b0491,-0.22320819
b1677,-0.669889218
b2540,0.804523843
b2889,-0.231282808
b4287,-1.193466904
b1422,-1.477937167
b0192,-0.059371349
b1741,0.400323365
b4039,-0.798944089
b4675,-0.513938776
b4519,1.792770344
b0802,0.726326836
b4142,-0.045199779
b2266,0.753951516
b0456,1.551180011
b2464,0.021624845
b4559,-0.702425918
b3625,-0.411572621
b4543,-0.226996588
b4005,-1.516544811
b2434,0.493281545
b4110,0.770370789
b3920,0.375375807
b2438,-0.131660343
b4656,0.724774758
b0484,-0.863343782
b3248,0.611693531
b4150,-0.253521287
b0746,-0.04818658
b1247,-3.090068604
b1476,0.294450133
b1530,0.701180044
b0585,-0.162482313
b4433,-0.25296333
b0573,0.967868108
b3506,0.038780962
b2325,0.110115222
b1057,0.79359919
b0883,0.547897299
b2100,-0.093838612
b4124,-0.809979431
b3628,-0.392883285
b0949,-0.392073253
b3534,0.965149156
b2430,-0.682241793
b0240,0.113607419
b3749,-1.10003533
b1072,0.62478334
b4111,0.144947458
b1612,-2.077897345
b3039,-0.195600729
b4336,0.581533599
b0745,0.157915653
b1735,-0.066422729
b1667,-0.534670093
b1446,-1.021241195
b0483,0.483282309
b2351,-0.356256159
b4452,0.258674423
b1111,-0.834174669
b4523,0.366512334
b3652,-0.699366364
b4435,-1.444208097
b0388,-0.402551139
b1537,1.168234071
b1848,-1.124722403
b2583,-0.526406131
b4584,-0.001384285
b3450,-0.016852442
b2439,-0.042813443
b0099,-0.209621123
b3210,-0.789825717
b1845,0.204860845
b3167,-1.182704841
b1897,1.112967107
b3284,-0.407013488
b4023,-1.138374807
b2980,-3.216942082
b0316,0.398073927
b2426,-1.848769425
b4327,0.097373624
b0565,-1.015580553
b0261,-1.078875716
b2707,-1.726675533
b1357,0.611622398
b4216,-0.833928195
b0435,-0.320344829
b0336,-0.032891833
b1283,0.668751001
b4706,-0.478821406
b4707,-0.478870852
b0083,-0.056002729
b1381,0.423238545
b1911,1.482664034
b3336,0.801338372
b3208,0.016150555
b1106,0.01624866
b0221,1.685978351
b0503,-0.272732994
b2168,0.898744336
b3142,-0.473567578
b3473,0.508693446
b1428,0.850126731
b1715,0.10022012
b2137,0.968344415
b3626,-0.622294917
b3303,-1.385462887
b3547,0.701728075
b0251,0.289926619
b3301,-1.276179272
b3773,0.20819523
b3513,0.159566702
b0058,-0.192425771
b2695,0.067687454
b3283,0.086445826
b1733,-0.032988027
b3918,0.17719964
b2151,-2.529737208
b4221,0.252343353
b4270,-0.246544121
b0699,-0.199555437
b0122,0.739700608
b2421,2.481885042
b2243,-0.498813115
b2428,-2.079861846
b0232,0.008370437
b4490,0.782809295
b0794,0.222775583
b4473,-0.267024087
b1272,-0.847152144
b2017,0.24623497
b4288,-1.293732633
b1415,-0.289600831
b2541,0.781661364
b1420,-0.877546932
b0679,-1.215724291
b2694,-0.002102959
b0460,0.814552018
b1320,0.394421059
b1646,0.258468474
b2255,0.712729492
b4293,-0.767629867
b3941,1.048282342
b4390,-0.40889078
b2795,-1.493785126
b2352,-1.17817147
b2820,-0.073631276
b4137,-0.130979627
b1916,1.153306316
b1403,-0.110798243
b0540,0.178791512
b4689,1.028074104
b2275,0.662519654
b2590,0.221423291
b0087,0.292199452
b1868,0.566118401
b1246,-2.377757692
b2396,-0.266123608
b2147,0.275816412
b4614,-0.58407255
b0979,-0.382839947
b2835,-0.032115149
b2704,-0.881702302
b2129,0.996546854
b4026,1.907447365
b4291,-1.082713783
b0202,0.376779317
b3743,-0.535824444
b0993,0.42971371
b2767,-0.598109169
b1955,0.492999584
b3437,0.256572634
b4522,0.503011001
b3910,0.245836789
b1629,-0.352579491
b1652,-0.092124589
b3068,-0.439931555
b1686,-0.522854117
b4581,1.060384788
b0601,0.161059781
b2341,-0.547158985
b0089,0.431986368
b0837,0.489329901
b1895,0.88476381
b4377,0.661778133
b3196,0.007238592
b0377,0.275541585
b4220,0.342000726
b1012,-1.569202582
b4426,0.997905238
b0467,0.016327351
b1572,0.453411134
b0881,-0.209361788
b1687,-0.232952821
b3096,-0.528480986
b0318,-0.318724262
b0789,0.609923603
b3832,-0.646619805
b0714,0.340378801
b4468,-0.644061117
b3509,0.341761069
b3411,-0.057336833
b4626,-0.70119814
b0747,0.250900285
b1432,0.156678008
b1665,0.395781999
b3943,0.154065905
b3624,-0.280103896
b2145,0.285697358
b2039,-0.596487145
b2800,-0.683227543
b4051,0.306929239
b2783,0.004699781
b4246,-0.085282168
b1245,-1.730226098
b0046,0.345020712
b3519,0.284646202
b4453,0.123188082
b3846,-1.0655498
b0225,0.127521766
b1909,1.806417938
b2842,0.191285641
b2798,-0.346332619
b0980,0.312025533
b1039,0.482967897
b1384,-1.153994121
b0447,0.475257278
b4190,1.199844352
b3263,0.476852672
b3569,0.071277901
b0211,0.634442209
b0282,1.214250814
b0879,0.567848905
b0203,0.521914537
b1251,-0.669004436
b0643,-1.791336368
b4148,0.417227838
b3836,-1.064080168
b2799,-0.431031036
b4045,0.676514531
b2465,0.104958496
b3873,0.222318773
b1967,0.541799885
b0392,1.013277941
b0748,0.270384488
b2289,-1.427903263
b4330,-0.464128517
b0677,-0.2378484
b2723,-2.064800952
b1517,0.312985511
b4196,0.4764283
b2675,-1.061592084
b1908,-0.574730008
b2964,-2.251202809
b1181,0.427871492
b1989,0.118185145
b1477,0.653211197
b4539,0.220251951
b2823,0.020213881
b3510,0.40470364
b1939,0.518526406
b2537,-0.914873232
b2943,0.581735855
b2839,0.183358516
b3794,0.184689263
b1285,0.521122326
b3789,-0.805250888
b1574,0.502220338
b1962,0.418414494
b0226,0.04824714
b0210,1.469464012
b1400,0.066043996
b0007,-0.591175155
b3960,-2.139000362
b4467,-0.204883831
b3511,0.116425244
b1100,0.405535393
b0946,0.711896507
b2718,0.106045236
b1050,0.830894934
b2724,-2.23871521
b4666,0.48490402
