Blattner,Log2FC(WT 5uM/20nM)
b1211,-0.665564806
b0238,-1.326911482
b2649,2.949228005
b4660,3.333745035
b0469,-0.825252321
b2042,-0.556663193
b0526,-0.6163735
b3504,3.353537189
b1210,-0.578790958
b3659,2.709269012
b3078,2.344100916
b3442,3.233733254
b0185,-0.512321759
b1471,5.283982576
b4497,2.030505491
b2109,1.341049904
b3730,-0.650118674
b0807,-0.810100556
b2287,-0.614903677
b1288,-0.508584731
b1691,3.098733475
b0632,-0.536232695
b3679,1.846878263
b3079,2.605732054
b3578,2.475519853
b3877,1.604247392
b3875,3.269818285
b2852,2.37065792
b0104,-0.572715698
b3784,-0.502174128
b0297,3.617877608
b2372,1.811721863
b2122,1.009871627
b0194,-0.509565862
b1310,2.411369121
b2549,1.41263404
b3682,2.13336869
b1029,1.982270811
b2081,-0.881094163
b3579,2.760130086
b1615,2.102391496
b4462,2.985461256
b1152,2.115322626
b2517,-0.758516136
b0125,-0.558640811
b1540,-0.553716532
b2585,-0.430668272
b3488,1.750988388
b0267,2.284814272
b3120,2.852321389
b3423,-0.637202949
b3816,-0.60213377
b4583,2.388051661
b2730,-0.719605331
b4027,2.561039713
b2288,-0.502007856
b3181,-0.644654483
b4491,0.574456751
b4651,2.336401638
b2014,-1.213137014
b0441,-0.469620842
b0533,3.631764542
b3326,1.137780442
b3902,3.156520731
b0770,2.469147737
b0835,-0.824319746
b0928,-0.403908415
b0661,-0.707287004
b1309,1.930691988
b4185,2.159784163
b0936,1.768428711
b1435,-0.755518755
b0511,2.316706057
b4391,-0.460376355
b4494,1.673104498
b1311,2.765844464
b2060,1.39435464
b1424,-0.485907115
b1393,1.811811719
b2056,1.835535359
b0243,-0.531174254
b3596,2.150051109
b2371,1.417251975
b4012,1.046080366
b1059,-0.424425632
b2633,0.951826257
b1974,2.007511228
b1001,1.312601969
b0242,-0.595083751
b2108,1.629357987
b3720,2.041474543
b0279,2.110952404
b2320,-0.408582988
b1149,1.479488888
b0612,1.387571168
b4098,2.545545713
b3137,1.748797178
b0718,1.64370278
b0393,-0.625201138
b2120,1.166781178
b3644,-0.431439088
b1502,2.451151137
b2858,3.059524757
b4081,1.589517029
b2986,2.352702283
b4132,2.666688521
b3701,-0.633811343
b2644,1.91085201
b3121,2.233729241
b3251,-0.592321487
b0452,-0.579409511
b4325,2.537908051
b2368,1.721466921
b3370,2.000702544
b4105,3.02120602
b3580,1.697045088
b0347,2.09770786
b1203,-0.554253818
b3047,1.691691353
b0675,-0.464415401
b2995,-1.075400336
b2956,1.325727343
b0474,-0.55997374
b4047,3.179103534
b1978,0.40063493
b4365,2.171339601
b1961,-0.524246871
b3187,-0.368222797
b4650,2.215894003
b3323,1.030209251
b3858,-0.737133048
b3424,-0.52293409
b2855,2.66152368
b1459,1.864248596
b0133,-0.412568367
b2448,0.652011099
b0499,0.606658823
b1232,-0.513186077
b1366,1.220496954
b3833,-0.311132039
b3891,-0.350054075
b0344,2.226383872
b2492,0.602171643
b0535,2.230831497
b0771,0.973295039
b2806,-0.390663265
b3721,1.532350002
b3878,1.518419413
b0940,1.086439256
b1151,2.091474518
b3899,1.887778094
b0768,0.868618041
b4147,-0.533649368
b1087,-0.426733834
b3576,2.524478245
b2477,-0.417492685
b0532,1.597299403
b2891,-0.466701967
b1929,-0.622745655
b2917,1.100531885
b0698,1.803496916
b3953,1.086009834
b3035,-0.525938587
b3826,-0.33021016
b3859,-0.371172277
b1505,1.986782273
b3084,-0.70556362
b0603,2.468123185
b0686,-0.431282608
b0738,-0.500600011
b2061,2.008018494
b0407,-0.431899995
b2046,0.855614223
b2957,-0.929484079
b4083,2.583907263
b1048,-0.411007274
b1035,-0.380033693
b2636,1.322083118
b2367,1.312575886
b0731,1.500761402
b3982,-0.412315658
b0040,1.74701734
b0291,0.965035145
b1527,2.091811142
b1694,1.18924297
b2634,1.301519003
b3038,-0.322986896
b2729,-0.814766584
b4066,2.034870936
b0997,0.802402684
b4028,1.994572289
b4183,1.880652695
b0769,2.694453577
b4108,-0.648794885
b0693,1.100680758
b3484,1.953425805
b0334,1.949294059
b4552,1.631594395
b1387,1.475209982
b4257,1.818966541
b1785,1.349988492
b3189,-0.471861736
b0348,1.956991277
b2873,1.128331707
b0847,-0.366496731
b4029,1.206296772
b0310,2.326385067
b2888,1.807909681
b3017,-0.344699782
b3240,1.152604662
b1069,-0.59633116
b4174,-0.416549256
b4374,-0.556197556
b3143,1.79663816
b0684,-0.329506998
b4388,-0.569556967
b2451,1.372578638
b3553,-0.513182621
b3119,4.517344301
b1905,-1.029515848
b2193,-0.710750776
b2330,-0.531022484
b3919,-0.693819239
b2740,0.827972434
b2269,1.330254024
b3718,0.902005568
b2452,1.479008711
b2339,2.624188499
b2211,-0.65895335
b4358,1.999082388
b1157,2.041986849
b0864,-0.937561865
b0947,-0.389124701
b0984,0.733933551
b0518,2.025483763
b3641,-0.444856614
b4100,2.33924763
b1456,1.09074922
b1854,-0.647263128
b2400,-0.544895459
b2271,2.108520121
b2630,-0.425181104
b0733,-0.502646042
b0102,-0.417385749
b3562,1.032876565
b3925,-0.688256577
b0628,-0.539594033
b3666,0.70499339
b1411,0.632852853
b1455,4.910466033
b3770,-0.734539194
b3590,-0.539351042
b3381,1.990661131
b1158,2.109124628
b4233,-0.364879514
b4038,1.448807443
b3876,1.32215465
b2358,5.023418586
b0674,-0.780602203
b0754,-0.538714837
b1876,-0.586404397
b4495,1.844556743
b2062,1.425337846
b4465,1.109536454
b2273,2.234613839
b0783,-0.554244622
b3900,2.014479761
b0341,0.994477723
b1464,-0.412717947
b1409,3.351808876
b3266,0.782970526
b0913,0.540352079
b3867,-0.418911976
b4572,1.363052581
b2699,-0.35871922
b3080,1.172661649
b0139,0.950053563
b4313,0.913315885
b4099,2.514450207
b2952,-0.382409659
b4586,1.700758494
b0888,-0.473421702
b2484,1.474436655
b3642,0.91578344
b1604,-0.472350916
b2233,0.333914677
b3577,3.455659046
b3684,1.187450317
b0343,1.233719572
b1319,2.570960255
b2854,2.89601455
b2418,-0.484553801
b1133,-0.641889276
b3347,-0.398510906
b2851,2.576586628
b2647,0.582873673
b3443,2.246804197
b2386,1.517171135
b1623,-0.486632763
b0772,-0.547608821
b3384,-0.32518776
b2848,1.915396297
b0648,1.314911091
b3244,-0.406387288
b1690,1.503293364
b2481,1.788316709
b2576,-0.625105182
b2933,1.614971741
b0914,-0.552416529
b1215,-0.475508458
b2221,1.479578489
b2047,1.159133147
b0045,1.983498879
b4644,2.178978335
b2771,1.583061283
b0292,1.560941777
b3584,0.986734939
b1802,1.217238786
b3324,1.161051171
b2922,-0.37902402
b3393,1.531533144
b0229,1.078605917
b1153,2.295363584
b1503,1.918519422
b3640,-0.362108826
b3881,0.875305728
b1866,-0.410645869
b2849,2.605586944
b0136,1.705269426
b4500,0.874024021
b2121,1.263672637
b2569,-0.527905763
b3526,-0.414617419
b0197,-0.364425582
b3643,-0.754377959
b0135,1.248570775
b3483,1.264288649
b3738,-0.5003142
b0930,-0.42145944
b2871,0.823642876
b3843,-0.270950436
b3062,1.91005795
b2453,1.493997618
b3907,1.256260534
b1372,1.102413966
b0335,1.068767205
b1851,-0.428408193
b3115,1.113850926
b3702,-0.473336761
b2309,-0.514860105
b4101,2.770835193
b3741,-0.505099533
b3709,0.946328716
b2357,3.384353624
b2483,1.165236804
b2595,-0.409007368
b3507,0.966690814
b2887,1.012424391
b3086,1.081929506
b4049,-0.421841529
b3962,-0.451029639
b1337,0.68164446
b2970,1.726970186
b3691,1.214876215
b0996,1.396851923
b3376,0.989190011
b3586,1.209137672
b3965,-0.40755415
b1637,-0.385575437
b3380,1.191716843
b0501,1.658846416
b4308,0.891991713
b2850,1.467864078
b2171,-0.690389711
b0116,-0.443795678
b1166,1.858175093
b3999,-0.338065805
b0276,0.476620949
b3265,1.578278601
b2635,2.026449782
b3150,-0.391307614
b2161,1.255156483
b1621,-0.354319135
b2478,-0.357608842
b1749,-0.397543904
b1116,-0.368127344
b4102,2.47769766
b2355,2.041804102
b4106,2.427265093
b2335,1.42318837
b4130,0.623224184
b1850,-0.410089819
b4097,1.838860499
b4208,-0.322519049
b1101,-0.482120088
b0295,1.491392121
b1388,1.38763463
b4657,0.864781895
b2385,1.398960397
b3334,0.970565033
b3657,1.082908588
b4401,-0.403934098
b0547,1.49760986
b2971,1.726931035
b4120,0.512117563
b1460,1.955789531
b0386,-0.473617858
b2223,1.626279636
b2234,-0.711277289
b3228,-0.357772075
b3482,0.777950038
b3215,1.217513883
b2050,0.800735757
b0784,-0.469305877
b2486,0.885922059
b2226,1.012301197
b0561,1.172754275
b1212,-0.528781786
b2222,2.425234488
b4052,-0.419991238
b0333,1.430351435
b3680,0.800913532
b3072,0.75759385
b1115,0.797304506
b4506,4.316475435
b1154,1.311598695
b0645,2.105629993
b2984,1.822666756
b4184,1.525531222
b0531,1.558150996
b0112,-0.450509558
b3178,-0.317681391
b1338,0.798952077
b1757,-0.815739435
b3149,-0.257794904
b0681,0.934624043
b4131,1.18982581
b3076,1.075574408
b4186,1.199575344
b1767,-0.426984338
b3897,1.166500569
b3942,-0.654050566
b1075,-1.011907752
b0432,-0.580798547
b3719,1.09584172
b0549,2.199788169
b0986,1.34941151
b4622,2.412434669
b1662,-0.437766204
b2296,-0.651194175
b2930,1.162365239
b2846,0.928172565
b4615,2.739305662
b4335,-0.915056495
b3778,-0.365710432
b3061,1.864019954
b3634,-0.694981396
b0193,0.4757115
b0618,0.856418756
b2859,1.617555442
b0141,2.466549638
b4661,0.788695611
b0287,-0.416631326
b1264,-0.391610745
b2710,0.886286808
b4021,-0.595217247
b2778,1.726569588
b2286,-0.573899807
b3888,-0.349088949
b2072,1.492589402
b2985,1.327271718
b3997,-0.337162723
b1815,0.559075115
b1816,-0.326474536
b0314,0.594562946
b3818,1.608427953
b2294,-0.503299242
b0296,4.390099786
b0230,0.910774367
b0820,-0.498268586
b0985,1.279640955
b2270,0.744655133
b4316,-0.690150125
b3441,-0.473781726
b3697,-0.392600393
b2356,2.313502547
b3613,-0.380430193
b0301,1.250725493
b3368,-0.572071808
b2199,-0.852924908
b2879,0.982027445
b3158,-0.902608573
b0688,-0.381396574
b0042,1.641521696
b1889,0.964272641
b3392,1.273785911
b3374,0.58953253
b2241,1.092315584
b0477,-0.481085528
b2361,1.873460479
b2953,-0.385562093
b0319,1.375282126
b0544,1.666579171
b3649,-0.25254338
b0649,0.845791878
b4160,-0.336267904
b1952,0.499037048
b2758,0.572467679
b0166,-0.385091146
b2581,-0.558661295
b3591,-0.494328626
b0617,1.418880366
b3331,0.930101728
b2383,0.730953669
b3686,0.723163406
b2700,-0.424059783
b3030,-0.351144972
b1121,1.162893023
b3195,-0.297920271
b0108,1.30014814
b1028,2.251637036
b4232,-0.529057902
b2110,1.678481973
b2447,1.075553515
b3422,0.658865692
b0614,1.600758778
b1351,1.618766616
b2065,-0.343495629
b4041,-0.398445293
b2489,0.736722785
b3066,-0.484105443
b0028,-0.365283169
b2066,-0.53377001
b1026,0.594966418
b4080,1.720804973
b1160,1.273813798
b3190,-0.346552647
b2027,-0.601158734
b0939,1.384162688
b2139,1.384055327
b1350,0.818220505
b2115,0.918164017
b2914,-0.416966706
b2118,0.685345433
b3745,-0.455637855
b3847,-0.371378172
b0929,-0.455397537
b2224,1.107920858
b3478,1.299037835
b2073,0.981247191
b1704,-0.443503647
b2950,0.851128581
b3426,0.967049748
b2491,0.767519255
b3949,0.934404305
b2248,0.83267608
b0463,-0.373690581
b2547,0.926831307
b3944,1.009308221
b3253,-0.487052765
b0054,-0.348289599
b2316,-0.350982363
b2701,-0.51714338
b4207,-0.447059622
b2114,-0.476186641
b4395,-0.301226364
b1457,0.953150051
b2029,-0.422566632
b3544,-0.372103193
b3935,-0.405536306
b2077,0.911526393
b2454,1.624170915
b0277,0.599032155
b0227,0.860672587
b0140,1.934194234
b0161,-0.342938093
b0041,1.290450341
b4309,0.936895618
b0967,-0.395001447
b0154,-0.351640764
b0647,1.88013628
b2277,-0.555419319
b1560,0.992052268
b0697,0.978337765
b3216,0.815839289
b0705,0.785036643
b2947,-0.319419149
b2935,-0.481434929
b0887,-0.287096369
b2498,-0.74293452
b3927,0.954369284
b4311,0.983704877
b3002,-0.394974779
b3227,1.109396011
b3388,-0.380479331
b0029,-0.374185341
b0896,-0.613271606
b3135,0.883667753
b0013,1.13925103
b1606,-0.327673742
b3405,-0.372199601
b0138,1.351486742
b4334,-0.713006473
b0181,-0.405176112
b3950,0.96708799
b4238,-0.737315154
b2870,1.273437785
b3147,-0.373168684
b0931,-0.493000929
b1832,-0.402010704
b0369,-0.38682188
b0922,-0.320930864
b3391,0.705954138
b0321,1.044668346
b0320,1.185215519
b3389,-0.365871649
b1860,-0.280476543
b2057,1.084462473
b3325,0.571176408
b1810,-0.386709799
b3198,-0.236104543
b0961,-0.538314458
b1576,2.539758018
b2229,1.521314776
b1386,0.978549565
b1864,-0.354625633
b3104,0.956164604
b0434,-0.678230903
b4074,1.229840864
b3543,-0.424981227
b3678,0.72695081
b0222,-0.45365736
b1766,-0.330099871
b4508,1.355760027
b2119,1.222341055
b1161,1.498006981
b1023,0.727274702
b1486,1.210710906
b1390,1.431575753
b4471,0.642812168
b3961,-0.330298584
b4048,1.300423161
b0613,1.355700018
b2059,1.04428
b0512,0.814521825
b0416,-0.349349906
b0575,0.96340888
b0655,-0.411795576
b1363,0.415873374
b1744,1.022889832
b1751,-0.929822065
b4161,-0.365133708
b0874,-0.638308231
b1254,-0.368739241
b4579,1.110599055
b3589,1.488053988
b4095,1.713942075
b3114,0.649505945
b1410,0.914245198
b4328,-0.394403392
b3593,0.699961033
b0948,-0.579800829
b2004,0.751605056
b3464,-0.302156179
b2113,-0.427038158
b0381,-0.287209473
b3951,0.521997826
b0323,0.99403203
b0550,2.24084941
b3013,0.680914874
b0732,0.354997508
b1185,-0.482685999
b1999,0.536504482
b2996,-0.844817066
b0127,-0.351248278
b0405,-0.587109951
b2760,0.776012517
b0478,-0.313454939
b2845,0.812978518
b2554,-0.249000649
b2268,-0.325847625
b3705,-0.537265284
b1830,-0.361135449
b4556,1.116223564
b0934,1.059938096
b3639,-0.365139672
b1873,1.030380276
b2770,0.883857143
b0508,1.271740753
b2232,-0.383350196
b0270,0.950250698
b1383,0.40474214
b1147,0.979209483
b0497,0.392997636
b4482,0.987087928
b0402,-0.561876852
b2648,2.123151339
b3675,0.432868306
b1657,-0.333342525
b2898,-0.285264065
b4182,1.009824331
b1407,1.102757035
b0358,0.882354696
b0954,-0.405448868
b1867,-0.322692619
b1074,-0.977822493
b0421,-0.340024811
b2918,1.091538586
b3075,-0.450052228
b3611,-0.293282917
b1835,-0.446977955
b3865,-0.364520329
b1497,1.145205855
b2737,0.775785803
b1913,-0.335782272
b3744,-0.853984745
b1108,-0.466963998
b2810,-0.294784846
b4152,-0.707672521
b0703,0.560039594
b2954,-0.38357752
b4192,0.510705414
b1196,1.114107397
b3477,1.082184093
b2566,-0.513492989
b4087,1.075758691
b3041,-0.324752112
b2534,0.86389962
b1880,1.113075956
b1539,-0.359881899
b1693,-0.386966519
b2393,-0.514170138
b3869,-0.361594028
b1412,-0.45297536
b1010,1.150035386
b1862,0.862208441
b2319,-0.315508192
b0576,-0.65251534
b1022,0.81463378
b3615,0.953173518
b3947,0.840633781
b2727,-0.703901125
b4094,1.217806167
b3612,-0.662560728
b2300,-0.330344575
b0737,-0.614533339
b1831,-0.399866358
b1324,-0.287039334
b4682,2.753869382
b2563,-0.378295928
b1128,-0.367959162
b1391,1.097943295
b4602,-0.458299401
b0107,0.381128491
b4082,0.931845088
b1453,0.54372804
b0406,-0.393443708
b1861,-0.267538457
b2132,-0.360516514
b1804,-0.396863661
b0011,0.914349037
b0509,0.986024945
b2458,0.871940355
b0970,-0.361562385
b3046,0.926439062
b3235,-0.356007436
b0787,0.748949114
b0339,0.543643047
b3201,-0.302107773
b2564,-0.440248696
b1506,2.068036867
b0439,-0.299081301
b2456,1.494157937
b0034,-0.536469367
b1554,1.102390852
b3882,1.400782266
b3141,1.356802289
b0767,-0.3427342
b4279,0.497103746
b2455,1.383509109
b1395,0.596919808
b0782,-0.48616339
b1499,1.367834142
b4509,2.0300893
b1207,-0.486811195
b1752,-0.692695524
b0602,0.96636064
b2482,1.226391081
b4345,0.937619469
b0326,1.812000833
b0943,0.669252732
b3476,1.027963826
b1973,4.437460826
b3849,-0.226636579
b0143,-0.544197174
b0217,1.121492856
b2002,0.483084233
b2987,0.909893429
b2225,0.899988086
b1360,0.872553247
b1034,-0.27965133
b4180,-0.269868555
b1365,1.172085671
b2516,-0.259887631
b0824,1.057111959
b3377,0.8368177
b0145,-0.310055184
b1782,-0.496027117
b3139,1.409371968
b0097,-0.295306258
b0159,-0.305375538
b3769,-0.652512855
b1588,-0.664044863
b4696,0.670500587
b2997,-0.732015501
b4496,0.523014709
b0895,-0.752216546
b4036,-0.678654779
b3581,1.069195446
b0525,-0.409989302
b1184,0.84051901
b0616,1.173590107
b0977,0.720044255
b0415,-0.335494927
b0289,0.545423262
b0680,-0.407966119
b2329,-0.41611339
b1852,-0.338869119
b0179,-0.266504977
b1127,-0.565822395
b0539,0.97080602
b2643,1.011873239
b1078,-0.846101804
b0877,-0.471559479
b3357,-0.489833173
b0106,0.711888314
b1579,0.623333095
b2754,0.332426512
b3931,-0.367820661
b4277,1.056610818
b0534,1.176234577
b2881,0.502972367
b3367,-0.93386831
b3583,0.714747015
b3879,1.283383991
b2443,0.433522207
b0149,-0.270532801
b2862,0.531396009
b4231,0.625112081
b4260,-0.374369503
b2048,0.743388075
b3214,-0.497332127
b0521,0.851657087
b1200,-0.445976927
b4359,-0.552486177
b2905,-0.695516442
b0470,-0.266394144
b3834,-0.264084146
b1682,0.462372079
b2890,-0.463294307
b3229,-0.344074304
b4054,-0.326409903
b3160,-0.391079155
b3609,-0.267254683
b4153,-0.734272058
b0507,0.638382575
b4042,-0.481571377
b1875,-0.251335148
b3725,-0.267351495
b0563,1.206827302
b1489,0.644338031
b4620,0.850272829
b3998,-0.315022194
b3861,0.804428009
b4284,0.326959198
b0646,0.983810948
b1710,-0.262017032
b2010,0.363305304
b1796,0.918237371
b3328,0.943718518
b0863,-0.793209545
b1730,1.566830178
b1616,0.817166444
b3288,-0.2986593
b1543,0.630266645
b0131,-0.388977793
b2915,0.867094534
b2553,-0.354905736
b3144,0.398603712
b2162,1.156538504
b0588,-0.267405961
b3461,-0.363245733
b3932,-0.368482281
b4379,-0.652054167
b3091,-0.316046579
b3052,-0.210734369
b1103,-0.363421599
b0284,0.674530925
b0951,-0.225680019
b3908,-0.444687219
b1095,-0.332471749
b3146,-0.341850083
b3563,1.094746067
b4017,0.730316534
b1663,-0.517967895
b0080,-0.41547042
b1656,-0.644821224
b1313,0.689296757
b3690,0.986809825
b3271,0.609134139
b3064,-0.46345233
b1165,1.274857169
b2626,2.013924954
b2420,0.365679044
b3194,-0.242990431
b2049,0.666294541
b2346,-0.308461724
b1504,2.11698199
b2690,-0.357892225
b3558,1.000431056
b3981,-0.312574831
b2813,-0.382194535
b4202,-0.411069552
b1316,0.694581193
b4200,-0.405908033
b1769,0.880245311
b2836,-0.321169166
b3706,-0.360555178
b0492,-0.323334675
b2794,-0.341298282
b1168,0.735148138
b2495,-0.282062257
b3329,1.095373159
b3182,-0.386069564
b0254,0.54687704
b0827,-0.304068941
b3156,-0.410666221
b4304,0.561465563
b1575,1.651730264
b2334,1.148761118
b4198,0.520862879
b1884,0.807241799
b1392,0.875983698
b2994,-0.68572766
b3811,-0.195281381
b2301,-0.363505913
b2913,-0.387882218
b3648,-0.272828571
b2526,-0.308096196
b0043,1.218778786
b0927,-0.23359002
b1214,-0.279924185
b3136,0.776165725
b1404,0.298277494
b3498,-0.304261015
b2276,-0.533629933
b1235,-0.207492709
b0562,0.874909879
b2948,-0.265719534
b3027,1.185428552
b3699,-0.344403878
b2096,-0.280896217
b3587,1.897924877
b2684,-0.364361101
b3633,-0.469401778
b1073,-0.886052742
b0196,-0.52110335
b2469,-0.319846335
b2344,-0.622400618
b2183,-0.308458693
b4151,-0.631401865
b2472,-0.296917181
b1348,1.466923853
b4234,-0.302531579
b4469,-0.663683405
b0121,-0.403878292
b1888,0.490914951
b3172,-0.696422366
b2945,0.777895374
b1723,-0.303014447
b1068,-0.21364024
b4630,2.896603488
b0061,1.213991769
b0657,-0.322535901
b0607,-0.474331744
b0982,0.708349684
b0025,-0.285818858
b4157,0.949646174
b1680,0.417561145
b1797,1.01748686
b0340,0.93809306
b3192,-0.26837941
b2407,1.095304219
b2789,1.02097135
b3418,-0.358520291
b3416,-0.337085434
b2408,0.725002961
b1104,-0.38261523
b2728,-0.756080686
b4478,0.724813688
b3479,0.896632447
b3722,0.72795327
b0567,0.897880171
b1352,2.020175049
b2262,-0.489761377
b0945,-0.595079102
b0572,1.265195612
b3542,-0.434743865
b3327,0.8040655
b0223,-0.251500928
b4201,-0.410489138
b4215,1.025920449
b1192,-0.307271729
b0893,-0.38514014
b4419,-0.438395903
b2460,0.850220102
b3295,-0.324688921
b3572,-0.321937695
b3783,-0.419317482
b3937,0.666379728
b3186,-0.431434545
b0096,-0.28540102
b3365,-0.984321391
b3371,0.68818824
b0263,0.819645899
b0937,0.818049991
b0401,-0.420118697
b0740,-0.314667126
b2016,-0.309501573
b2946,-0.219023598
b4243,-0.331487347
b3896,0.904224726
b4341,1.643319254
b1418,-0.403640146
b2384,1.187144149
b1368,0.798095334
b2878,0.639968349
b4000,-0.353008352
b3151,-0.464042337
b2467,-0.287182847
b2376,0.535255976
b2567,-0.367018843
b0444,-0.277153477
b1204,-0.429170724
b0117,0.663160347
b4700,1.430581179
b0654,-0.31366067
b3955,-0.377847842
b2207,-1.151878066
b3898,0.673087285
b1681,0.441875349
b2919,0.687379968
b0260,0.702621584
b3394,1.08815631
b2373,0.761442672
b4031,0.542486131
b2687,-0.314889842
b1136,-0.398744399
b0168,-0.335849437
b1837,0.308326141
b4621,2.012883082
b3433,-0.337083159
b2734,1.320558844
b0385,0.612342037
b3366,-0.918739014
b2488,0.638237256
b0044,1.848120919
b2776,0.561266604
b4333,0.732092021
b3234,-0.417617189
b0548,2.097057928
b2431,-0.512994224
b4594,1.037613998
b4541,1.834422052
b2198,-0.748046322
b4463,1.012163145
b3664,0.889382969
b2765,-0.516564427
b1225,-0.87489539
b4363,0.671978388
b3520,0.472719007
b3860,-0.317568137
b3180,-0.278470292
b2359,0.801516025
b0218,1.322195821
b3341,-0.399744806
b3765,0.408507947
b4058,-0.28275584
b2045,0.566423469
b2070,0.455921848
b1673,0.914834565
b2872,0.584981301
b3646,0.761639724
b3138,1.229741103
b3200,-0.262882057
b0074,-0.529556136
b4349,-0.376153621
b3980,-0.37200252
b0195,-0.406917358
b3236,-0.36079312
b3823,-0.286274619
b0241,0.921990223
b3713,-0.36071205
b1775,0.870923378
b3493,-0.553551996
b4347,0.571127506
b0551,0.727701689
b1479,-0.31994265
b0006,-0.267217219
b0919,-0.797957071
b0809,-0.515335357
b0290,0.339531476
b1559,0.330433621
b0059,-0.702244601
b3063,0.750627197
b0620,-0.436025889
b0520,0.94016346
b0134,-0.40240839
b2939,-0.628884813
b1937,0.618907471
b3401,-0.282355479
b0842,-0.331522717
b4526,2.163584151
b0247,0.828188367
b3296,-0.299189961
b3530,0.237060934
b4213,-0.291732984
b0262,0.676042848
b4084,0.412308111
b0815,-0.504378695
b0819,-0.307496989
b3491,0.643856395
b1824,-0.234439715
b2480,-0.339516143
b2934,1.381368643
b4010,1.476722429
b0853,-0.254277301
b3237,-0.373006078
b3964,-0.380440192
b0355,-0.266787071
b0840,-0.311103859
b3871,-0.475652372
b1286,-0.495993442
b1679,0.402028636
b1312,1.077064796
b1874,-0.267211394
b1928,-0.303556353
b1872,0.530053881
b0763,-0.328452409
b3966,-0.264354208
b2076,0.52244262
b0172,-0.252186291
b2054,0.793731812
b0278,0.657697905
b4286,0.706900298
b0317,0.889287182
b2204,-1.020833267
b1790,0.409266812
b2078,0.338194076
b0801,-0.277996401
b1389,1.29166083
b3560,-0.398792315
b3952,0.551390749
b3822,-0.389106395
b2107,-0.262133649
b4197,0.583640709
b1378,-0.441147513
b4143,-0.346785889
b1468,0.361292505
b2708,-0.342567294
b1638,-0.261668359
b1126,-0.492881888
b1187,-0.360944341
b2406,0.531344712
b2208,-0.857485155
b0785,-0.32482152
b1702,-0.410042188
b2788,0.717349274
b2246,0.629325541
b2902,0.590784736
b0691,1.061548245
b3037,-0.230281578
b3673,0.973363475
b4501,0.586227978
b1603,-0.269825376
b2834,-0.328466943
b3270,0.661277273
b0486,0.379910625
b1699,0.668690012
b1706,0.472820749
b3729,-0.442963393
b2551,-0.36783888
b4380,-0.699263322
b4158,0.567991406
b4300,0.642295369
b4699,0.477836442
b2345,0.931706169
b4652,1.586482459
b4034,-0.567443741
b4181,1.190766299
b1791,0.554655032
b2203,-1.023601273
b2336,1.159303625
b3281,-0.228080735
b2882,0.437331443
b0935,0.749393928
b4175,-0.30706952
b3985,-0.312070576
b1516,0.438542636
b2064,-0.240789261
b0910,-0.349018568
b4628,1.564484769
b2998,0.922330461
b1547,0.718498395
b0364,1.218599332
b1809,-0.359336613
b3870,-0.699191423
b3525,0.82261097
b3185,-0.394914073
b3257,-0.603710714
b0156,0.353540806
b1801,0.855363462
b3126,0.742543906
b2968,0.481821484
b2247,0.558849476
b3737,-0.345943555
b4671,1.327162629
b4548,1.103940679
b3554,-0.288228569
b1353,0.988154996
b3363,-0.379224266
b1408,2.337839181
b2278,-0.438717927
b0423,-0.517451137
b0560,0.843114723
b0902,-0.317063418
b1948,0.785620984
b4371,-0.347415224
b2197,-0.704476436
b0151,-0.328437926
b1761,-0.425385525
b0918,-0.184590852
b3973,-0.242435933
b2983,0.72223511
b4155,-0.416310542
b3378,0.613937608
b4649,1.1559292
b0709,-0.454793044
b1684,0.487528817
b2703,0.372807886
b2190,0.29114691
b2961,-0.260865798
b4616,1.121819529
b2494,-0.241834038
b3978,-0.471703172
b3821,-0.347070239
b1577,0.644543671
b3880,0.361240957
b2206,-1.272441655
b3780,-0.367661709
b0235,2.159998231
b1178,1.613162557
b3901,0.919198084
b2230,0.620195539
b2574,-0.269382514
b4206,-0.309772542
b3226,-0.255486387
b1269,-0.468642479
b1931,-0.38006464
b1728,0.832398372
b3979,-0.437243891
b1885,0.777549122
b0137,0.729009135
b0174,-0.32461043
b1209,-0.334591058
b2034,-0.293324934
b1683,0.449671047
b0312,0.358214551
b3805,-0.222971242
b1284,-0.26281862
b1472,2.943915595
b0637,-0.324907584
b0756,-0.219820985
b0608,0.237320613
b3100,-0.295248329
b0716,0.63139246
b1529,-0.321710369
b2274,0.931939248
b1436,0.593063704
b3164,-0.321645661
b4555,0.581841173
b2503,0.593986713
b0109,-0.360594518
b1335,-0.343724905
b3145,0.439814123
b3750,-0.452831582
b3781,-0.332782758
b0294,1.033983703
b1281,-0.522424335
b4514,0.798344725
b1787,-0.278693019
b2444,1.099511751
b2265,-0.291818315
b1132,-0.49583373
b1856,1.791965098
b3332,0.696702168
b1295,-0.322067055
b2688,-0.283668321
b0822,-0.376537625
b0231,0.328165757
b3533,0.454132689
b2201,-0.567137374
b1490,0.395617851
b0303,1.0757426
b0437,-0.289839353
b2977,-0.422045478
b4226,-0.432503736
b4442,-0.302515349
b0180,-0.287543784
b2938,-0.550960454
b1385,0.268312498
b2332,0.193302011
b2321,-0.406385926
b3342,-0.325137824
b3974,-0.374114733
b2784,-0.179229545
b3176,-0.286037549
b4677,2.971692579
b2299,-0.244437229
b0283,0.627452835
b1495,0.592025515
b4193,0.860087294
b3322,0.466009117
b0271,0.575092583
b0408,-0.315779534
b0920,-0.443726919
b1568,1.298054179
b2769,0.742025266
b2411,-0.325150747
b4394,-0.249583644
b0417,-0.379255976
b2518,-0.735578025
b3573,-0.553995487
b1148,1.275481488
b0354,-0.33670997
b2133,-0.276467335
b4162,-0.282894638
b0766,-0.336368649
b1701,0.578540214
b0615,0.922494878
b2874,0.339358977
b3269,0.669181169
b1774,0.765945711
b0741,-0.319707619
b1759,-0.335734764
b2479,-0.288909386
b1323,-0.308772944
b2883,0.306299912
b0068,-0.376130752
b2205,-1.017171818
b2721,0.521921295
b3574,-0.289400895
b1817,-0.284671034
b0629,0.529464918
b1670,0.547030425
b2937,-0.394356556
b1318,0.910011767
b4253,-0.316941311
b1900,0.411674439
b4043,-0.215081022
b2202,-0.676412398
b1454,0.415996568
b1467,0.492337111
b2343,-0.451806014
b3667,0.58497985
b4653,1.515113546
b0234,0.803662045
b4173,-0.210125601
b4713,1.501875307
b2412,-0.204146049
b1838,0.341621815
b2641,0.517717353
b3472,-0.27484156
b4678,-0.826997254
b0933,0.36070274
b4623,0.49678406
b3747,-0.248659046
b1538,-0.214988119
b4634,0.884737078
b0717,0.968059392
b3438,-0.238567305
b4608,2.190389428
b1883,0.545895781
b0823,0.36649753
b0696,0.523736511
b2726,-0.543526912
b4415,0.94926635
b1008,0.858218634
b4307,-0.365710522
b3400,-0.314470745
b2620,-0.195618186
b1695,0.635409249
b0926,-0.310567754
b3531,0.517075392
b4502,-0.335589063
b4684,1.798287989
b3984,-0.387210558
b1227,-0.749743732
b3529,-0.222393432
b4177,-0.466541094
b1274,-0.372193616
b1742,0.687105076
b0414,-0.271693447
b0727,-0.652343175
b1570,0.209692494
b1985,0.440630732
b2209,-0.441160495
b2611,-0.29992804
b0175,-0.311507612
G0-10738,0.456926911
b3771,-0.531466347
b0834,0.43957149
b2231,-0.382571878
b3523,-0.228485825
b2972,0.739397904
b0619,0.285184952
b1156,0.73001231
b1226,-0.795470215
b3379,0.520140949
b2435,-0.310914704
b3971,1.096965595
b0438,-0.221414704
b0237,-0.367792793
b3157,-0.395897988
b1561,0.482987186
b4295,-0.215538837
b0571,-0.515806066
b0781,-0.349162412
b2522,-0.344383367
b1006,0.365601525
b0719,1.117641695
b3541,-0.373829155
b0839,-0.261510372
b2920,0.551531722
b3786,-0.336263833
b0788,0.440424083
b1857,1.971297968
b4296,0.54781066
b4014,-0.241843055
b1754,-0.42594584
b0383,-0.320327788
b0642,-0.29421698
b3077,0.754593773
b4265,0.275245983
b3726,-0.259355379
b1041,0.599043057
b0660,-0.26609773
b4332,0.363928286
b3395,0.404448313
b4329,-0.38859292
b1043,0.881425066
b1771,0.356473687
b1624,-0.233926642
b1377,0.490041449
b0345,-0.302274612
b4701,1.846471734
b2711,0.59036683
b0941,0.471517198
b1222,-0.234139446
b0513,0.49505702
b2892,-0.253711689
b0410,-0.456387105
b3273,2.334393533
b3309,-0.315679207
b0862,-0.550363224
b2365,0.484452096
b4481,-0.203557819
b3463,-0.249432045
b2092,-0.334644212
b1336,0.454008779
b1487,0.838608344
b3159,-0.579971869
b2512,-0.335177336
b3582,0.724921723
b4601,1.350751805
b0568,0.308616356
b3417,-0.35406671
b3916,-0.642065924
b0246,0.42043456
b2940,-0.495911392
b1125,-0.605348358
b3575,0.845396174
b3934,-0.436857889
b4199,0.42202389
b4580,0.520808469
b1093,-0.202928879
b2780,-0.250199663
b3279,-0.255894989
b0553,-0.367509301
b1753,-0.415418594
b2761,0.442579979
b2293,-0.324991059
b2131,-0.296880722
b2157,-0.43385173
b1376,-0.364676217
b2632,0.607343669
b1346,0.946526264
b1617,0.361857003
b2897,-0.181683732
b3346,-0.236893562
b2906,-0.228626339
b2796,-0.528997149
b0008,-0.292181828
b0178,-0.194736582
b0545,0.273484287
b4122,-0.650586404
b2981,0.666741852
b3540,-0.310794159
b0524,-0.369471177
b2960,-0.264507675
b1870,-0.282447702
b1466,0.478104949
b3850,-0.237859866
b1344,-0.349517983
b1593,-0.640245927
b1807,-0.360932668
b2186,-0.267081515
b1951,0.499206412
b2375,0.944716093
b1823,-0.223272553
b2445,0.728042059
b0792,0.333541097
b3211,-0.503528136
b4570,0.771100492
b1014,-0.529493145
b3958,-0.714581182
b2283,-0.409352514
b4079,-0.54982719
b2001,0.367506353
b4475,0.277298152
b1828,0.591595454
b3048,0.644251976
b3140,0.785989576
b2908,-0.27626866
b3023,0.406925502
b1193,-0.266997627
b4492,0.216765554
b1930,-0.42384024
b2297,-0.527636146
b3199,-0.177152038
b4375,-0.575231933
b1789,-0.271105838
b2490,0.720897474
b2951,-0.296631286
b4086,0.516833605
b4294,0.313575583
b3340,-0.311646227
b4459,0.816501646
b3972,-0.280961049
b3173,0.347175447
b0205,1.17783823
b1794,-0.268735748
b3803,-0.273271159
b4204,0.63935299
b3262,0.735419965
b1224,-0.682335819
b4503,0.627248453
b4146,-0.283574956
b3359,-0.635435095
b3647,0.661135118
b2410,-0.251992419
b4477,0.758010761
b2623,0.27058359
b1645,0.253695188
b2033,-0.259096852
b4356,0.376291699
b1747,0.822831691
b4576,0.384245101
b2459,0.711312273
b3732,-0.279779244
b4423,-0.329735332
b4392,-0.225563397
b3241,0.350463314
b3028,-0.307395352
b3734,-0.303852075
b4484,-0.482376529
b4019,-0.298372851
b3825,-0.183434264
b1105,-0.28033204
b3559,-0.313391106
b1846,-0.232944614
b1871,-0.338686146
b2759,0.468916675
b4461,-0.254471003
b3658,1.239493189
b3724,-0.252379957
b2603,0.240821436
b3020,-0.228451377
b0224,-0.40484826
b3019,-0.369477147
b4648,1.213085647
b3338,0.330621006
b2965,-0.512621323
b3989,0.395800957
b2988,-0.218914031
b3451,0.486778228
b0365,1.442812985
b3310,-0.309663947
b1949,0.883026635
b4075,0.881194687
b0530,0.978659116
b1886,0.63996886
b2959,-0.278666067
b3499,-0.272288706
b1058,1.180804919
b0118,-0.387405736
b3092,-0.258116164
b3098,-0.257942511
b0621,-0.620101869
b0128,-0.227586304
b1255,-0.16429227
b0651,-0.332637776
b2044,0.405408097
b2257,0.306383309
b3099,-0.234445734
b2966,-0.466608691
b3983,-0.381491872
b4033,-0.557233331
b3410,-0.364843033
b2625,3.564157506
b4224,0.310521972
b3339,-0.275406323
b3447,-0.294741881
b0963,-0.212068831
b2791,-0.346469512
b3170,-0.313107881
b3018,-0.26996459
b2689,-0.195131689
b1317,1.090966584
b2949,-0.185364549
b2279,-0.434383467
b0189,-0.307910899
b1097,-0.20113135
b3127,0.895983277
b1267,-0.284347079
b2487,0.424161071
b3785,-0.269244562
b2515,-0.27711853
b0353,0.359347811
b3605,0.410750463
b3446,0.410590901
b0367,0.963207225
b1826,0.248685189
b0101,-0.295027809
b1622,-0.232113741
b3905,0.780040213
b0091,-0.224208416
b0797,-0.507047606
b0574,0.806908373
b1107,-0.207053252
b3026,0.31911377
b2577,0.293937878
b2663,0.407971719
b2828,-0.221897883
b3636,-0.422372593
b0889,-0.245092505
b4037,-0.400438626
b2156,-0.505324607
b0436,-0.368038066
b2291,-0.233436083
b3752,-0.276066181
b4674,5.751423875
b1296,0.357270581
b3349,-0.248333988
b1892,-0.541757217
b2652,2.315914923
b1175,-0.280118165
b2709,0.370982953
b4136,-0.183134204
b0481,-0.254832439
b4567,0.597844699
b3549,-0.211508259
b2360,0.57862583
b2362,0.663813526
b3330,0.909723376
b4144,-0.228406255
b1535,-0.258169552
b3274,1.201201543
b3736,-0.311864982
b3097,-0.259687992
b3386,-0.302322915
b1150,1.434392381
b1672,0.469333066
b3169,-0.341135312
b4636,1.23849191
b0811,-0.64116358
b1484,0.4992359
b1015,-0.290546575
b3193,-0.231711296
b3650,-0.25761971
b4077,-0.336945961
b1818,-0.297901575
b0760,-0.287505023
b0923,-0.239974473
b0517,0.887294739
b2324,-0.236070816
b3733,-0.284204285
b1122,0.760267588
b4460,0.377406553
b3656,0.360595098
b1236,-0.327967852
b0998,0.357263347
b1634,-0.43710206
b1277,-0.235139413
b0990,-0.365706569
b2083,0.559623976
b4409,-0.267633834
b2509,-0.362149736
b3404,-0.2227554
b0833,0.482617568
b2629,0.441791985
b0983,0.480653619
b1485,0.586517144
b1613,-0.343841849
b3653,-0.249529896
b0424,-0.272146056
b4352,-0.261630402
b4486,0.336735673
b0188,-0.214825123
b2733,-0.318977217
b0493,-0.243952383
b4692,0.874721356
b1263,-0.270954128
b1567,1.073323462
b1698,0.414658058
b2807,-0.224868351
b3723,1.309444795
b4059,-0.180169524
b0170,-0.260679958
b3282,-0.217951907
b2093,-0.306388255
b3514,0.346829686
b2422,0.998412542
b4331,0.270094593
b1844,-0.236702928
b0342,0.716268192
b4368,0.587370769
b1587,-0.521324806
b0357,-0.207126727
b3051,0.373521713
b3298,-0.237783069
b2446,0.481087576
b0759,-0.221939065
b3219,-3.061616383
b2008,-0.211268797
b2159,-0.314709789
b3801,0.374651085
b0433,-0.202172557
b2818,-0.921792699
b4314,-0.384553896
b4169,-0.180224687
b1581,0.523033351
b0942,0.41379012
b1343,-0.446012847
b3089,-0.231453335
b3532,0.47504149
b1703,-0.24469651
b2097,-0.297670524
b1076,-0.461415474
b2437,0.277810966
b2506,0.557037761
b1641,-0.211618235
b3132,0.712747606
b0039,0.30753271
b3779,-0.238138712
b2893,-0.273399112
b3912,-0.254902537
b2200,-0.578408443
b0120,-0.263793481
b0515,-0.303645732
b0734,-0.322259313
b0726,-0.44275178
b2493,-0.30111109
b4312,-0.401814368
b1009,1.184619646
b1176,-0.133548315
b2485,0.764804461
b1242,0.306043492
b3050,0.567848559
b3256,-0.3766864
b2263,-0.406821599
b3564,0.399698117
b1256,-0.507791269
b4361,-0.287642122
b4603,2.236153681
b2240,1.004915825
b3124,0.296040096
b2637,0.435764243
b0403,-0.159512567
b0400,0.386859167
b0765,-0.260749043
b2284,-0.3568504
b2463,-0.260796632
b0728,-0.662881095
b0838,-0.215638098
b2237,-0.23183169
b2533,-0.660623495
b4340,0.479367138
b0169,-0.253778076
b2395,-0.346610392
b2646,1.14989096
b2069,-0.581098338
b0206,0.934056032
b3933,-0.258280386
b1714,-0.416784279
b1117,-0.32685662
b0776,0.944216522
b2610,-0.225594577
b4633,0.415998648
b4297,0.21414955
b4476,0.337831828
b0636,-0.310409476
b3795,-0.254102133
b4154,-0.54807658
b1233,-0.203830765
b3232,-0.210016422
b3812,-0.24540045
b3481,-0.268824094
b0026,-0.268277634
b2058,0.634852778
b4565,0.494095569
b1308,-0.224508961
b0472,-0.265342
b2808,-0.19049832
b3449,-0.170122128
b4631,0.778730055
b1654,-0.257848683
b0860,-0.555599529
b2588,1.445530668
b1038,-0.305374182
b0592,-0.472539915
b4646,0.528294322
b4427,4.316184593
b2594,-0.31432008
b0236,0.52082183
b3057,-0.176433493
b3308,-0.314146055
b1825,0.24314518
b2280,-0.345332941
b4550,0.233169355
b4022,-0.216554049
b3637,-0.362884763
b3502,0.527868493
b2532,-0.218220681
b0909,0.449171594
b2511,-0.360572238
b2188,-0.212922153
b0529,-0.252141507
b3123,-0.400601279
b3807,-0.233646969
b0907,-0.321637451
b2095,-0.270002918
b2645,0.708849423
b3375,-0.22807432
b3134,0.611635403
b4266,0.339453742
b0611,-0.191866248
b2976,-0.355924201
b3802,-0.259728342
b3731,-0.244585853
b2720,0.608669615
b0729,-0.703570804
b1746,0.515247184
b3452,0.667592026
b3480,0.459159574
b4449,-0.390486446
b0396,0.244452009
b3524,0.235062427
b0119,0.28715518
b1658,-0.438055073
b2377,0.403011953
b3259,-0.299715467
b0306,-0.346372544
b3385,-0.22385231
b1960,-0.320315448
b0305,0.798784549
b1907,0.422417142
b3407,-0.354720846
b1671,0.387565071
b1268,0.248550664
b2916,-0.223800255
b1063,-0.189493834
b2051,0.588950153
b3297,-0.236442776
b3508,0.452180764
b3595,0.497104814
b1748,0.524107965
b3337,0.407778251
b1067,-0.21814548
b4588,1.052709
b1578,0.217067978
b2751,1.082026885
b3264,1.118279232
b2886,0.469932202
b1936,1.129191399
b0683,-0.237263637
b2153,-0.357308512
b2747,-0.232431074
b0095,-0.146563908
b1171,-0.390572708
b2904,-0.459880659
b3764,-0.366916678
b2738,0.474811782
b1660,-0.990736577
b0031,-0.385229665
b3735,-0.246002916
b4420,-0.353648088
b4441,1.06998107
b2587,-0.225650779
b0411,-0.319318869
b1186,-0.319728245
b2134,-0.228048649
b2323,-0.337102374
b2992,-0.348927775
b1981,-0.222305549
b2750,1.226917577
b2546,0.587106173
b0826,-0.259434017
b1500,1.60816839
b3390,-0.237052895
b0610,-0.37244656
b4117,0.42452942
b2249,-0.18938213
b0048,-0.4093061
b2702,0.617501068
b3049,-0.286783168
b1764,-0.172958653
b1968,0.367114763
b4624,0.391763326
b3604,0.423657526
b3996,-0.245227186
b1441,-0.458439696
b3067,-0.242377044
b0073,-0.383877587
b4685,-0.267504675
b0803,0.360774606
b4138,-0.247475471
b2149,-0.748773879
b0870,-0.251316966
b3307,-0.301642814
b1650,-0.282560286
b0633,-0.159617565
b1633,0.310885205
b4337,-0.383419666
b2544,0.305204466
b3746,-0.493272271
b2387,1.011416685
b0808,0.273771091
b1249,-0.23399985
b3231,-0.341734245
b2390,0.233309999
b2801,0.557413227
b1778,-0.29176422
b1259,0.38647314
b4705,0.463487264
b0911,-0.286604296
b1597,1.298122467
b0960,-0.31268787
b2005,0.554174321
b3813,-0.246696049
b1033,-0.227585581
b4414,-0.24996819
b0552,-0.360614271
b1700,0.780537479
b0077,-0.228271345
b1276,-0.279762928
b2003,0.408615869
b4438,-0.453523157
b3345,-0.257787449
b0455,0.893609574
b0372,0.22871077
b3469,-1.009381519
b0722,-0.421383114
b2374,0.631858406
b4123,-0.618798121
b1708,-0.19271114
b3751,-0.254527552
b3929,-0.266816621
b4360,-0.228988011
b2774,0.847997439
b3986,-0.220760806
b3708,-0.576697454
b4389,-0.310821115
b2550,0.261025733
b2349,0.354950004
b1806,-0.26214609
b3101,0.366907857
b0366,1.009275509
b4065,-0.228121996
b2755,0.171403352
b3856,0.298088462
b1599,0.333017032
b1927,-0.192926921
b4466,0.289515849
b0912,-0.150970014
b1473,-0.304722076
b1331,-0.248583984
b0426,-0.251317034
b2055,0.803223431
b0356,-0.246195226
b1307,0.374929579
b1674,-0.595010512
b0591,-0.479108063
b4533,0.561475364
b4088,-0.275331628
b1737,0.238395461
b4639,1.092522964
b1430,-0.208922157
b4683,1.376246362
b0606,-0.342418519
b0750,-0.210213678
b0905,-0.485242743
b2955,-0.24285549
b4558,-0.137546281
b3809,-0.174261192
b1514,0.550098638
b2292,-0.386652311
b2847,0.597601851
b4406,-0.248423868
b0398,-0.231848328
b2762,1.046032556
b2106,-0.343151733
b1515,0.565278499
b4219,-0.230982024
b3874,0.380928408
b0994,0.372674314
b2580,-0.266005832
b0810,-0.519404999
b1003,-0.316967222
b4062,-0.621739294
b0825,-0.258706897
b1891,-0.355439522
b2982,-0.242533826
b1548,0.611567028
b2285,-0.34418093
b1221,-0.281502547
b4400,0.342987765
b3070,-0.293660318
b4520,0.683104723
b0379,0.364561732
b1501,0.275565121
b2333,0.670104475
b1086,-0.34086142
b1722,-0.425015741
b3162,-0.304846758
b0865,-0.294670198
b0981,0.181675321
b3054,-0.160114483
b2697,-0.266333338
b3895,-0.187401579
b0898,-0.971955264
b2328,-0.252944401
b3551,-0.187931492
b1788,-0.381559423
b0300,0.392905173
b1004,-0.398980406
b2043,0.297838396
b0969,-0.225186203
b3500,-0.230839131
b0854,-0.419568998
b1373,0.385486303
b1282,-0.407750378
b2264,-0.321546176
b3923,-0.236188925
b3957,-0.29104855
b4258,-0.296540363
b3819,-0.268796439
b1982,-0.242260235
b0259,-0.246651758
b4488,-0.362079978
b4076,0.601211925
b2812,-0.264975812
b3287,-0.138160718
b0413,-0.170173
b0071,-0.272325066
b3617,-0.217453457
b4373,-0.346091687
b2746,-0.261321455
b2261,-0.373090639
b2827,-0.25417841
b1223,-0.595796434
b2514,-0.224915983
b3938,-0.337590544
b0363,0.623082593
b0720,-0.243680292
b4299,0.590542256
b4637,-0.251820733
b2382,0.218922863
b0656,-0.292781706
b2388,-0.270612753
b0557,-0.514431419
b0004,-0.358488476
b3272,1.23201701
b3031,-0.264619403
b1819,-0.233041274
b1779,-0.402505636
b2041,-0.29235202
b0465,-0.302688543
b1969,0.333275717
b4669,-0.383917692
b1847,-0.265111342
b0650,0.54517146
b2749,0.500134795
b0111,-0.173784438
b2817,-0.254161795
b2911,0.269063497
b0882,-0.213450221
b3772,-0.381764792
b4372,-0.285309494
b0599,0.188248703
b0035,0.434494646
b0892,-0.166355257
b1275,-0.24467677
b3645,0.328110188
b4235,-0.229639043
b2565,-0.347685748
b3011,-0.489872663
b1555,0.660323382
b1234,-0.12159223
b0130,0.293509704
b4096,0.344069059
b1301,0.487148064
b3434,-0.185540839
b3191,-0.16646566
b0752,-0.233476879
b1521,-0.251493215
b2555,-0.183421583
b0420,-0.32555203
b1315,0.491675163
b1859,0.979188236
b0115,-0.280654742
b1164,0.743843285
b4112,-0.209087731
b4261,-0.171404525
b4069,-0.472560189
b0252,0.377894582
b2548,0.503368797
b4355,0.362858867
b3022,0.185191153
b1325,-0.153071317
b0908,-0.313033178
b4032,-0.35102905
b3922,-0.252254917
b0894,-0.513284068
b2924,-0.289135304
b3945,-0.466775829
b2166,0.871759148
b4362,-0.213666367
b0971,0.604341523
b3056,-0.177249949
b1496,0.574692106
b1719,-0.188772774
b3220,-2.642674051
b3988,-0.192688282
b3883,0.250196985
b1027,0.524734042
b1172,-0.263844258
b3546,-0.340725311
b3791,-0.264029213
b3800,0.52295379
b1878,0.502662721
b0989,0.666115744
b0569,0.445830878
b2599,-0.309927893
b4262,-0.191211908
b0053,-0.261591617
b0431,-0.350281229
b1463,0.351617085
b2124,-0.187125736
b1619,-0.168302039
b2821,-0.206823055
b0844,-0.229923293
b4085,0.388898464
b4001,-0.149845281
b0872,-0.380869737
b0382,-0.334458188
b3029,-0.207752264
b1890,0.503482569
b3585,0.210362332
b0269,0.392262744
b1777,-0.325367983
b2217,-0.240210024
b1865,-0.231797981
b3352,-0.231653034
b2251,-0.251900245
b2363,0.393884637
b3940,-0.21907266
b0639,-0.179718329
b2009,-0.227715902
b4510,-0.824949261
b3889,1.214978772
b4680,-0.445356875
b0072,-0.327928594
b4702,0.616691205
b3040,-0.219588235
b2022,-0.413362573
b3209,-0.166945369
b4383,-0.207252529
b3963,-0.208039532
b4412,-0.503814005
b1402,0.138851238
b2310,-0.568512497
b4015,-0.268569809
b1924,0.469771918
b0706,0.407926046
b4402,-0.207057584
b1163,-0.221619829
b1394,0.628414868
b2392,0.515153019
b3197,-0.168354139
b4303,0.22113648
b0214,-0.170539635
b1596,0.248497005
b4225,0.280162038
b0129,0.448223302
b2867,0.363376795
b3597,0.576148917
b1208,-0.266530324
b0160,-0.219738325
b0506,-0.171454858
b3567,0.581235374
b2829,-0.202469779
b1304,-0.5743635
b2787,0.24232442
b0757,-0.16922205
b0076,-0.237512548
b1664,-0.207505536
b0735,-0.194654938
b0627,-0.234186901
b3655,-0.192746556
b4203,-0.266082207
b0327,0.443213538
b2568,-0.307284934
b4063,0.293478535
b2308,-0.254602253
b4242,-0.274030336
b2642,0.295149061
b1190,-0.401438513
b1333,-0.22900767
b1972,0.295089801
b2079,-0.243303257
b3687,0.40233754
b2763,1.025850332
b3600,-0.268477894
b2523,-0.229744151
b1218,0.166979219
b4134,0.708056162
b3094,-0.245698768
b3565,0.267600382
b3824,-0.449291
b2098,0.256686756
b4479,-0.259077941
b0164,0.223848015
b1361,0.366931866
b4050,-0.431509381
b1829,-0.202289392
b4244,-0.492514395
b0331,0.650712052
b2513,-0.220857145
b3102,-0.248238031
b0653,-0.222256799
b0658,-0.181067048
b1183,0.345720745
b4055,-0.315149858
b0635,-0.339124699
b0955,-0.239111895
b2530,-0.245334105
b0113,-0.267115663
b1569,1.144078315
b0578,-0.237007068
b1120,-0.192967928
b1356,0.164011212
b1522,0.222784175
b2624,0.590304401
b2543,-0.234855545
b1740,-0.211054049
b3055,-0.227188562
b1077,-0.421178083
b4109,-0.306109942
b1137,0.319130006
b4115,0.370851914
b0183,-0.239013236
b1138,0.39521778
b2507,-0.231835242
b2571,-0.183610694
b4315,-0.291027803
b3739,-0.286539236
b2631,0.221881586
b1046,0.187974911
b2423,0.911407516
b3909,0.508549027
b2353,0.213435447
b2172,-0.273373109
b1811,0.194547328
b2975,0.391539079
b2756,0.173592877
b0800,-0.188885309
b1450,0.401133116
b1635,-0.183101376
b0799,-0.159202305
b0351,-0.223748816
b4632,0.503783513
b3700,-0.231225623
b3614,-0.25699073
b1098,-0.232895197
b2170,-0.243357383
b3255,-0.174850116
b0541,0.182042868
b2609,-0.214119164
b3660,-0.216248027
b1280,-0.152941158
b4129,-0.265375439
b2101,-0.245225955
b2825,0.340117774
b1556,0.657078716
b1302,0.394871486
b1520,0.219926312
b0850,-0.176797395
b0692,0.318701721
b1349,0.318691625
b3717,0.193964032
b1197,-0.23248313
b4230,0.399223595
b4585,0.473925268
b1359,0.359839785
b2962,-0.190048188
b2685,-0.239491308
b1329,-0.306233688
b2538,0.221594813
b1007,0.626381247
b1959,0.43349025
b0710,-0.184040776
b2176,-0.181034473
b0471,-0.271876199
b2926,-0.292136209
b2146,-0.531165378
b3074,0.457707502
b4011,0.57472253
b0682,0.309527118
b4598,0.415016742
b1480,0.230643808
b2678,0.319921804
b4251,-0.210996891
b0689,0.257188847
b1448,-0.194657819
b1512,0.430369308
b3250,-0.302642574
b0286,0.400413399
b0921,-0.200180809
b4485,0.373274813
b0631,-0.222990539
b1261,-0.197528949
b3740,-0.178592661
b2348,0.739775607
b0428,-0.284676081
b0308,0.25197608
b2298,-0.301829508
b2570,-0.199646471
b1595,0.249857026
b1334,-0.168436594
b1773,0.394349502
b3252,-0.163402329
b1991,0.227778497
b1821,-0.362569737
b4366,0.347637815
b0761,-0.123567337
b3131,-0.162009228
b2461,0.459300558
b0953,0.249950967
b0152,-0.203190923
b0457,0.173630787
b1237,-0.197316353
b4397,-0.179387723
b0742,-0.177508885
b0285,0.458343444
b3060,-0.534181188
b1858,0.89929155
b2505,0.53753691
b0084,-0.157275037
b3175,-0.288003709
b4704,0.453802922
b0777,0.639290073
b4654,1.02956856
b0036,0.554100458
b0514,0.291829111
b1262,-0.151738228
b1780,-0.219820105
b1092,-0.193684176
b3409,-0.377551824
b0132,0.289695583
b0841,-0.200140807
b0556,-0.287925034
b4004,0.1635411
b4245,-0.412693552
b0253,0.280933492
b2805,-0.37365714
b4205,0.33163709
b0027,-0.148419147
b3025,0.214647004
b1669,0.362496099
b3492,-0.27819066
b4590,1.272178452
b4445,0.56139797
b2921,0.271420438
b4044,-0.180039448
b2837,-0.111495346
b0190,-0.18160331
b2094,-0.242643295
b3594,0.271661511
b2909,-0.216508491
b3663,0.168857978
b1983,-0.329896112
b3632,-0.165544193
b4172,-0.171184385
b1786,-0.244492638
b0762,0.261098095
b2562,-0.367600745
b2989,-0.157899312
b1993,0.213997344
b1447,-0.165881147
b4346,0.28979554
b4432,0.368800348
b2196,-0.419624811
b0204,-1.095311752
b2089,0.157983828
b4398,-0.160072204
b1580,0.278636348
b0361,0.150742668
b0676,-0.265838257
b3212,-0.183365235
b1124,-0.304408661
b2195,-0.4579802
b2023,-0.361961772
b0273,-0.486929288
b2141,-0.789566318
b4421,0.422407892
b3440,-0.318562087
b2832,-0.221097349
b1863,-0.307760252
b1869,-0.139331971
b0387,-0.162941776
b2012,0.534311199
b4009,-1.073912926
b3005,-0.336505218
b1332,-0.281922419
b1709,-0.189148926
b2619,-0.183490657
b3758,-1.074654862
b1943,0.382286199
b3161,0.238062559
b1271,-0.178554534
b1727,-0.226969763
b3085,0.280964486
b2993,-0.308715778
b3335,0.262072586
b1414,-0.165390283
b4410,-0.295485398
b3521,0.37615145
b4643,0.845846298
b3260,-0.338742807
b3485,0.23044194
b3970,-1.06180381
b3854,-1.089896368
b1134,-0.267358489
b4149,-0.163429495
b4218,-0.236851753
b0376,-0.296717851
b4324,-0.124771034
b0973,0.396406175
b1644,0.236001359
b3956,-0.263918294
b2757,0.17344607
b1542,0.210456087
b0110,-0.137970181
b1083,-0.231931072
b0915,-0.28622118
b2572,-0.127146106
b4658,0.32228367
b2281,-0.273606958
b3527,-0.155396283
b0730,-0.152757944
b2719,0.268735398
b3592,-0.31990483
b0775,0.875825744
b3275,-1.073043996
b4024,-0.400396844
b1607,-0.259891966
b4553,0.368479004
b3188,-0.240897563
b1062,-0.275047553
b2589,-1.070166509
b3638,-0.14146187
b0264,0.225772366
b2608,-0.197740124
b3915,-0.120045743
b0975,0.339168868
b1950,0.452389666
b1238,-0.202127556
b3619,-0.225321595
b2415,-0.260874395
b4264,0.202604676
b4212,0.334611135
b0425,-0.196705774
b1339,-0.293629355
b1032,0.799171822
b0490,-0.155033814
b0082,-0.133388669
b2429,0.212681026
b0577,-0.193670659
b0780,-0.154344058
b2715,0.291870436
b0184,-0.190850125
b2896,-0.146760938
b0212,-0.131200617
b1498,0.211025023
b1772,0.386635412
b1994,-0.191495346
b3239,0.210380343
b3906,0.478910651
b1689,0.464848354
b3820,0.310761754
b3399,-0.180102058
b4521,0.282944942
b0311,0.250529198
b1648,0.237089293
b0244,0.248906089
b2840,-0.142174289
b1711,-0.139259698
b4166,-0.183643486
b2364,0.327557371
b1745,0.325792402
b1879,0.267636043
b2140,-0.224449947
b2302,-0.290303871
b4302,0.260757252
b3458,-0.185323851
b2615,-0.17824476
b3093,0.254095032
b1292,0.241396517
b4464,0.237255022
b1094,-0.13513357
b1000,-0.29795618
b1513,0.468732935
b1963,0.366277733
b4321,0.397985886
b2462,0.623018891
b1589,-0.299909598
b0976,0.391857954
b3676,0.183535747
b2111,-0.393934119
b2614,-0.110524018
b4655,0.51585874
b2502,-0.208665257
b2901,-0.191282141
b3494,0.20961912
b4513,0.903347863
b0843,-0.150614771
b1475,0.39795029
b4676,-0.204688305
b2380,-0.166261465
b3344,-0.192167606
b1546,0.349243478
b2843,0.217263961
b0723,-0.398251777
b3071,-0.195872426
b4282,0.395452831
b3213,-0.197802353
b1199,-0.204435211
b1731,0.280566194
b1159,0.283955367
b0051,-0.190411673
b3354,-0.179689993
b1300,0.370073877
b1688,-0.185237155
b1630,0.426409641
b3715,0.143056407
b3306,-0.227125488
b4156,0.317602773
b0349,-0.159338178
b1191,-0.120377424
b1494,0.165367715
b0665,-0.248321888
b3412,-0.143816686
b4599,0.315457309
b1379,-0.179294589
b2638,0.348799301
b3184,-0.270229768
b1877,0.438953729
b1602,-0.178292281
b1508,0.291705788
b1921,0.419423233
b0239,-0.166047797
b4606,0.302873929
b4119,0.213395999
b4176,0.251607558
b1141,0.413320709
b1803,0.24126678
b4544,0.23269205
b1914,-0.186534618
b4263,-0.109825538
b0906,0.230403952
b4554,0.169897386
b2282,-0.268890746
b1947,0.464507295
b2164,0.351853906
b4061,0.184959308
b4179,-0.179620537
b0146,0.200150536
b0177,-0.149276653
b1912,-0.134117766
b1155,0.423939711
b3977,-0.300791704
b2598,-0.146519986
b3755,-0.293619871
b4133,0.184089303
b2826,0.548050518
b0593,-0.372266548
b1717,-0.174605658
b4002,0.4142091
b4114,0.475986799
b1598,0.337815285
b2471,-0.184484051
b3930,-0.235372503
b0537,0.105757546
b0019,-0.112935677
b0944,0.163379008
b3289,-0.259215653
b1140,0.232675114
b2123,0.342769768
b3868,-0.228298188
b1915,-0.254011715
b2681,0.299158766
b2510,-0.166627871
b2021,-0.379648855
b3152,0.135656749
b3177,-0.114248558
b3670,-0.220193801
b2497,-0.275832059
b0813,-0.183411364
b0098,-0.215622099
b3397,-0.233801452
b0085,-0.152582774
b4384,-0.161846401
b3242,0.232218924
b3396,-0.257734861
b4170,-0.110556805
b2944,0.283975198
b1922,-0.385703177
b0473,-0.192350992
b3775,-0.168482427
b3848,-0.145095125
b1676,-0.317464835
b2350,-0.206484184
b2561,-0.330860608
b2575,-0.180499365
b2991,-0.255191782
b0542,0.335333021
b4369,0.278356253
b0685,-0.237884771
b3787,-0.238313001
b1340,-0.193514787
b2389,0.150795996
b3129,-0.123329988
b0598,-0.301249603
b1217,0.190302412
b2775,0.477071257
b0852,-0.128521058
b0687,-0.151750322
b1195,0.230576214
b3911,-0.175372331
b1438,-0.191407047
b1705,0.281304085
b3118,0.382180202
b4458,0.471886831
b2524,-0.169329945
b3350,0.22176219
b0712,-0.14362559
b1066,-0.113541578
b3566,0.489461838
b2253,-0.399073326
b2102,0.195296239
b4386,-0.122325871
b2894,-0.105988582
b2215,-0.165500421
b0589,-0.173734554
b0249,0.177097313
b2739,0.252898415
b2925,-0.181440827
b4269,-0.181648093
b3348,-0.155918266
b3355,-0.10375789
b3844,-0.108584256
b3994,-0.609577385
b3202,-0.137494832
b1194,0.225040973
b3677,-0.170027683
b2252,-0.620161492
b3470,-0.276324951
b1827,-0.111523378
b2745,-0.144776813
b3238,-0.25141853
b0375,0.355914061
b1552,-0.391450505
b3475,-0.177223343
b2258,0.231254893
b1358,0.337849888
b2417,-0.193935381
b4141,-0.110358663
b1565,0.257491088
b0554,0.311658141
b1571,0.376544161
b2075,0.217060095
b4252,-0.278601822
b2706,0.335290175
b1362,0.328679698
b2875,-0.461377048
b2907,-0.129536103
b1167,0.906355273
b4237,-0.232461877
b1322,-0.167961163
b0504,0.508964919
b2519,0.155612071
b3280,-0.14990567
b0055,-0.132527684
b3894,-0.237850537
b3292,0.140574995
b1088,-0.179224319
b3711,-0.174501727
b0851,-0.15648413
b2413,-0.145288839
b4447,0.263473628
b1491,-0.199072482
b1713,-0.157864816
b2305,0.140536024
b2370,0.363935653
b1452,-0.242704596
b1469,0.354381989
b3230,-0.232141372
b4577,0.358821091
b3830,-0.199494215
b0644,0.220465456
b1113,-0.242207114
b0999,-0.271953863
b0938,0.424257521
b1651,-0.229561834
b2744,-0.13798481
b1524,-0.174213496
b1843,-0.155118295
b2593,-0.207365522
b1557,-0.195430966
b1756,-0.196941996
b1697,0.360246734
b0564,-0.229459011
b0630,-0.17097889
b1451,0.225108149
b1583,-0.117486742
b2432,-0.176495615
b4517,0.175162701
b3293,0.156881139
b1180,-0.12404598
b4575,0.23313312
b4165,-0.386215503
b2369,-0.173367591
b0957,-0.173371584
b0867,-0.136747336
b3810,-0.134566602
b2741,-0.138429269
b0527,0.256049162
b4194,0.352007419
b3936,-0.211188112
b1090,-0.218880569
b2235,-0.249766265
b3033,0.208606182
b1054,-0.19641978
b1793,0.13053636
b0228,0.185330354
b3312,-0.182653539
b2184,0.165079627
b2782,-0.145981267
b3862,0.258169886
b1064,-0.173358683
b1904,0.377575226
b3321,-0.266154985
b0600,0.243730299
b4376,-0.160872426
b0032,-0.353903812
b2573,-0.139673465
b3568,0.275920062
b2473,-0.170522515
b1990,-0.144621965
b3838,-0.112721169
b1049,-0.241232962
b1631,0.351410486
b3313,-0.175717524
b1519,-0.128494171
b0274,0.206420753
b2194,-0.359928346
b2127,0.159792105
b0502,0.167423708
b2716,0.12952239
b4090,0.232845107
b0664,-0.207020977
b2158,-0.181745555
b2525,-0.17415046
b1808,-0.13377088
b3753,-0.160184144
b4248,0.242086713
b1421,0.245849079
b1986,0.39371809
b2006,0.227053416
b3058,-0.170868324
b2416,-0.226240147
b1853,-0.146882918
b0721,-0.288524837
b3857,-0.117574822
b0299,0.151911185
b0023,-0.244224504
b0002,-0.27699571
b1314,0.475252925
b3065,-0.219776406
b3538,-0.136940399
b0704,0.277115333
b3153,0.211485478
b3712,-0.215310198
b0458,-0.218510749
b1655,-0.222490284
b4587,-0.117039996
b3689,-0.168340854
b2272,0.238519634
b1189,-0.267869269
b2705,-0.18497348
b0806,0.148137567
b4035,-0.403274154
b1792,-0.129177004
b1374,0.259649165
b1763,-0.153494724
b1887,0.214401073
b0804,0.319135464
b2579,-0.287747603
b3471,-0.28229578
b4121,-0.205465937
b2175,-0.210837959
b4301,0.180909687
b4592,0.227071249
b4436,0.322517173
b3174,-0.252021194
b2779,-0.258754415
b1347,0.422918755
b3835,-0.151043165
b0219,-0.120661355
b2254,-0.187339875
b3610,-0.161888923
b2091,-0.179556852
b1573,0.261502295
b2173,-0.213367449
b0030,-0.183963492
b1925,-0.206354404
b2736,0.363418975
b1289,0.20784029
b2182,-0.121773369
b1834,-0.180698514
b1345,0.196841181
b1618,-0.110456264
b3866,-0.124886445
b1564,0.11080431
b4211,-0.177005619
b2303,-0.157857057
b0330,0.411867745
b2531,0.307309224
b3761,0.263341232
b0758,-0.18118615
b3845,0.320164432
b0724,-0.304929424
b0959,0.167270014
b1220,0.116568299
b3314,-0.179514945
b3387,-0.119157424
b2185,-0.212122761
b1305,-0.243955657
b1582,0.219825486
b2424,0.817725979
b2793,-0.161068033
b1977,0.32117241
b0258,0.16529345
b3358,-0.153977717
b1813,-0.155824248
b3457,-0.134520624
b3294,-0.143685594
b4209,0.168758928
b3486,0.177584018
b1213,-0.140670304
b1294,-0.141015316
b1298,0.196924157
b3630,-0.13652088
b1258,0.317118091
b3154,0.188274658
b0070,0.141844203
b2752,0.809278336
b0328,0.333618982
b3671,-0.202729354
b3887,-0.102200555
b2880,0.273436414
b2013,0.630788086
b4413,0.198557989
b3320,-0.238476693
b1303,-0.124350334
b2868,0.170770614
b4195,0.221162901
b3319,-0.235505406
b2895,-0.126062835
b1957,0.295852065
b2409,0.187753787
b0505,0.41456489
b0849,0.12968705
b4679,0.19410823
b0991,0.16006627
b0018,1.890408162
b1065,-0.20324701
b1833,-0.104696653
b4189,0.291442306
b1118,-0.160784503
b2662,-0.116298001
b4310,0.161201348
b4067,0.267556779
b3468,-0.154128788
b0268,0.298808527
b0715,-0.215177284
b3831,-0.149183692
b3083,0.377005993
b1433,0.220295752
b3333,0.280735121
b3704,-0.221858714
b0103,-0.2008924
b4444,0.417571044
b3459,0.143412332
b2676,0.220125668
b3110,0.226136806
b4305,0.278198284
b3806,-0.129106612
b1270,-0.12641281
b2436,-0.169433853
b1060,0.140523324
b1970,-0.154473279
b1089,-0.165340667
b3225,-0.14564888
b0773,-0.144148276
b4424,0.244102454
b2063,-0.18532213
b2811,-0.097599725
b4254,-0.600096221
b3311,-0.170393309
b4708,0.200065275
b1084,-0.176928434
b1442,-0.208496493
b1551,0.464860334
b1253,-0.169024734
b3432,-0.129188454
b1231,0.376162684
b4057,-0.130001988
b3968,-0.991532689
b3090,0.200535856
b0451,-0.414054707
b2239,0.140775644
b3133,0.303829784
b0114,-0.196877294
b1327,0.172499273
b1940,0.299083387
b2830,-0.079300061
b2923,-0.344736748
b2558,0.213281366
b3317,-0.200583905
b1071,-0.193461962
b0968,-0.094515628
b0182,-0.125388482
b0461,0.098782093
b4396,-0.091826891
b4451,0.465126316
b4393,-0.147977732
b3804,-0.084106367
b2244,0.104112554
b1278,-0.087743921
b0324,-0.109463263
b4089,-0.168011208
b3601,0.123565645
b3766,-0.245063274
b0805,-0.243539776
b4609,-0.121578938
b4239,0.283958308
b2242,0.370653702
b1130,-0.145638649
b1287,0.575991704
b2165,0.437850723
b1841,-0.112432954
b4256,-0.161318951
b3661,-0.217512112
b4440,-0.2539251
b3550,-0.113225424
b3851,-0.962004007
b2616,-0.11268647
b4025,-0.228728566
b4595,0.236541542
b0150,-0.229373985
b0265,0.224966759
b4532,0.216728079
b1632,0.223752476
b2683,-0.160382094
b3561,0.253244499
b1426,0.215202837
b1732,-0.193304825
b1434,0.179155227
b1614,-0.229266722
b2520,-0.095524039
b3402,0.103693234
b0021,0.155249973
b2591,-0.978060611
b0167,-0.103443398
b3278,-0.972052235
b4578,0.158075232
b2748,-0.135260183
b3299,-0.108282075
b2792,-0.205263294
b3552,-0.186957571
b1610,-0.119268188
b2764,0.727782573
b1024,0.133733888
b0037,0.210595612
b0215,-0.103091613
b2024,-0.227347676
b0422,-0.16109338
b4505,0.238972457
b0890,-0.133924253
b4525,0.231182884
b3383,0.318866764
b4306,-0.168981257
b3842,-0.157092501
b0005,-0.240480451
b0924,-0.159137867
b3516,0.108908261
b1758,0.123672274
b1265,0.197322637
b2019,-0.392031689
b2802,-0.164628439
b1550,-0.193780422
b3598,0.27742616
b1112,0.232857368
b1037,-0.132363778
b1901,0.345880148
b3863,-0.132169035
b0450,-0.743909073
b0583,0.277581387
b0751,-0.17369336
b0866,-0.142765042
b2148,-0.42289714
b4280,0.133000755
b4053,-0.152621374
b2032,-0.131278083
b2074,-0.221661267
b1382,0.187399356
b0157,-0.20018031
b2831,0.160796813
b3728,-0.263145642
b1079,-0.340504422
b1798,-0.18291895
b0380,0.358361527
b0494,-0.108912034
b2036,0.164415346
b3756,-0.932397546
b1620,0.240337594
b2035,0.106633909
b4322,-0.184882361
b0764,-0.12552004
b2317,-0.085640527
b3757,0.417952076
b0498,0.173768225
b2815,-0.25160854
b4370,0.20000961
b1040,-0.199879817
b2192,-0.142508972
b2419,0.20751003
b4145,0.103753308
b0201,-0.912176572
b0695,0.114269668
b4698,0.229748765
b1018,-0.258038746
b0640,-0.126054719
b1783,-0.15936487
b2542,0.118507453
b3754,-0.14255172
b3012,-0.200109697
b0014,-0.152215049
b0965,0.111117084
b3165,-0.132368957
b4364,-0.241967431
b1605,-0.147332852
b2927,-0.165852783
b4557,-0.19108434
b1341,-0.191583625
b1628,-0.204295799
b2768,-0.249169315
b3928,-0.138394558
b2128,0.19752047
b1198,-0.147906826
b1718,-0.107482605
b2607,-0.144747285
b1781,-0.085498726
b3316,-0.175334243
b4589,0.207224095
b0932,-0.143595999
b3398,-0.101407308
b3959,-0.336970976
b2314,-0.084104111
b0368,0.277490393
b2142,-0.349708352
b1636,-0.178815045
b0624,0.161534017
b0774,0.353644907
b1216,-0.1154512
b1755,-0.218382356
b1174,-0.156585804
b0713,-0.103100445
b2853,0.395106989
b2441,0.101387919
b4493,0.183088997
b3465,-0.092784654
b3608,-0.142236329
b2379,-0.1629886
b3627,0.095702439
b3445,0.168957035
b4515,-0.161857
b4007,-0.8715187
b4187,0.09848506
b0213,-0.094576132
b3318,-0.189327823
b2841,0.156100472
b1822,-0.159619041
b4641,-0.364632199
b4040,-0.150550907
b0020,-0.074428298
b1370,-0.103164339
b2714,-0.191001592
b3917,0.665203673
b2104,-0.304697709
b1532,0.178352433
b3045,0.11691537
b0313,0.192225902
b3921,0.139103864
b0462,-0.118938214
b1511,0.171040321
b3421,0.148864464
b3439,-0.116827402
b1685,0.277671716
b3130,0.07728516
b3616,-0.131675101
b2592,-0.147815346
b2967,0.316659649
b3774,-0.303973827
b0412,-0.134686186
b2053,0.241916384
b2295,-0.10453781
b0638,-0.149498492
b3987,-0.157609471
b2086,-0.106532948
b4483,-0.140870867
b0779,-0.119291089
b3674,0.310889853
b1812,-0.100869439
b3415,-0.169932267
b3798,-0.281328262
b2236,-0.169390196
b4418,-0.106114445
b3224,0.240273201
b3993,-0.5178238
b4046,-0.127888658
b4072,0.366222312
b0298,-0.119869015
b4697,0.200874982
b4267,0.183230139
b3495,-0.134085945
b1044,0.292850303
b1661,-0.189929961
b1021,0.207245241
b0668,-0.179345424
b1608,-0.219549335
b1653,0.149410419
b3009,-0.176202704
b1398,0.187142848
b0858,0.164102322
b2219,0.227483191
b1734,0.134071702
b1531,-0.161053225
b1725,-0.130320865
b4116,-0.355117144
b0010,-0.127875718
b0390,-0.154516723
b1465,0.162121849
b1609,-0.149016025
b2559,-0.165672802
b4016,-0.127534299
b2869,-0.19961617
b2665,-0.113644791
b1053,0.155187545
b0003,-0.203522399
b0445,0.261673744
b0821,-0.133256415
b0966,0.107770347
b3305,-0.149270608
b1326,-0.099190942
b0641,-0.091863873
b2327,-0.11816838
b4188,0.272740189
b0050,-0.099912583
b0739,-0.147552285
b0065,0.146936029
b2628,-0.141518547
b4443,-0.226777431
b0587,0.207289293
b3103,-0.119970431
b4547,-0.146388887
b1946,-0.237551971
b3222,0.132018002
b2007,-0.200242347
b4611,0.191645671
b0078,-0.138412202
b2903,-0.173366224
b2020,-0.29998341
b2605,-0.157309218
b4164,-0.271658333
b0173,-0.084384546
b1177,0.099909539
b2449,0.098838366
b0389,0.131527628
b0859,-0.180736891
b2040,-0.183450691
b4259,-0.150744931
b0778,0.352430091
b0845,-0.115018019
b2433,0.12712319
b2667,-0.185091457
b2103,-0.300521363
b3777,0.169948929
b0466,0.137009063
b1011,0.370492296
b3536,-0.08829832
b0256,0.076376735
b0916,0.10430783
b2979,-0.223444075
b0001,-0.156636138
b3760,0.254314554
b0038,0.159317104
b4348,0.158615108
b0209,-0.086401861
b4319,0.240065856
b4512,0.126968586
b1600,0.221771113
b4353,-0.167246872
b1518,0.144912789
b4613,-0.166532945
b3204,-0.11225191
b0399,0.161026547
b2578,0.142454471
b4566,0.088892556
b3698,-0.194452793
b3727,-0.163541088
b4527,0.358082521
b2621,-0.158362553
b1716,-0.119005226
b1839,-0.082153046
b2804,-0.156978474
b4326,-0.249519946
b2584,-0.19803423
b2622,-0.127826623
b4214,-0.085898014
b0015,-0.127540541
b4573,0.175844889
b0338,0.121347394
b0818,0.156941829
b0198,-0.128822218
b0207,-0.108435491
b4627,0.203244539
b1562,-0.100555537
b4249,0.126411726
b1091,-0.157429301
b4159,-0.097940803
b1997,0.168127024
b0659,-0.094957962
b1919,-0.182999748
b2659,0.260421506
b2501,-0.11230018
b0904,-0.209549591
b2071,0.178286941
b2601,0.390555234
b3105,-0.106296552
b2666,0.166626403
b3557,0.16923644
b3107,-0.103348507
b4318,0.180330847
b3790,-0.133450466
b3885,-0.105111003
b0812,-0.154662413
b3382,0.281475654
b3155,-0.104162441
b2238,0.339693434
b4278,0.13602691
b0962,-0.099932602
b3620,-0.126053102
b0487,-0.069600431
b0694,0.141581671
b1201,0.077082742
b2476,-0.260291037
b1525,-0.109281967
b3069,0.275038449
b2177,0.116435854
b3976,-0.198213297
b0086,-0.0935524
b3602,-0.08491491
b0430,-0.185845811
b0786,-0.133208014
b0126,-0.086888724
b4618,-0.142847296
b3021,0.110172736
b3427,0.15916889
b3799,0.478309071
b2682,-0.131735059
b3466,-0.097600094
b3669,-0.171347439
b2189,0.193602455
b0163,-0.107144488
b0429,-0.174852809
b4342,-0.15062152
b3635,-0.137916371
b2259,0.16739792
b3233,-0.085708121
b0075,-0.232804223
b3990,-0.315805408
b0440,-0.093696068
b2535,0.13047205
b0480,-0.072716955
b1750,-0.124680303
b4504,0.261378279
b2174,-0.186421009
b1250,-0.090754902
b2508,-0.251719193
b3448,0.140616942
b0176,-0.092150302
b2686,-0.110609117
b2824,0.1567735
b4139,-0.125534985
b3623,0.102531151
b1536,-0.129608611
b1129,-0.089521643
b3095,-0.094399249
b3991,-0.302296201
b2011,-0.104381759
b4645,0.402883298
b2135,0.104397908
b4408,0.180551595
b3183,-0.224233264
b1675,0.166278311
b3008,-0.116178369
b2717,-0.188449048
b0404,-0.089052528
b1202,-0.145973557
b1984,0.330692923
b4417,0.205597031
b0753,0.15868958
b2080,-0.095083675
b0448,-0.096195259
b0861,-0.239013876
b3408,-0.261901894
b2126,-0.162261544
b4529,-0.13895497
b1545,0.162470259
b2468,-0.17574097
b3053,-0.078408079
b0325,-0.125899504
b4538,-0.112487183
b1941,0.265695224
b0711,-0.074558694
b1002,-0.118682801
b2877,0.248372988
b3403,-0.159256665
b0964,0.140505499
b0708,0.11460014
b0836,-0.179781585
b1917,-0.125681336
b3249,-0.13805486
b0453,-0.140311528
b2600,0.264839599
b4411,0.206088623
b4382,-0.145491494
b1290,-0.114999444
b1248,0.090136459
b1123,-0.090155536
b3361,0.10950039
b2163,0.204386012
b3716,0.140590503
b0871,-0.140627919
b2786,-0.1355043
b3117,0.312558881
b3518,-0.095220221
b1461,-0.108711992
b2347,0.083827419
b0736,-0.177427629
b3505,0.176246286
b0897,-0.08336814
b0391,-0.109280889
b0596,0.111376322
b2661,-0.086764532
b2210,0.149018892
b2860,0.079079917
b3444,0.158705833
b3797,-0.23282065
b4425,0.32454917
b0652,-0.125445861
b1380,-0.227862033
b2743,-0.073875496
b2735,0.114116689
b4255,-0.122512568
b0829,0.14979516
b1273,-0.093451298
b0901,0.158953096
b2025,-0.16324792
b4387,-0.066116021
b0875,0.123032359
b2250,-0.145182862
b2814,-0.1967296
b1266,-0.076849671
b2378,-0.103921005
b3113,0.193950324
b2672,0.122406817
b0796,-0.197616874
b4673,0.325438021
b1299,-0.103681303
b2844,0.270699563
b3043,0.211122782
b3515,0.155749063
b3414,0.135790195
b2030,-0.108965583
b2790,-0.075824935
b2528,0.090914602
b4006,-0.264978482
b0419,-0.074679441
b0604,-0.073213859
b4542,0.176045533
b1625,-0.152835821
b2052,0.196155801
b0793,0.136245631
b1770,-0.145739745
b4073,-0.256947438
b2404,0.287721016
b2450,0.097939275
b1257,-0.137057213
b4545,0.42531671
b3788,-0.157014753
b0978,0.103371099
b2425,0.556480315
b1849,-0.258999038
b1739,-0.169277102
b2669,-0.183388909
b3116,0.134258286
b0476,0.18396624
b0496,0.084723727
b3497,-0.102239167
b0009,-0.080349736
b0678,-0.113536766
b2267,0.065087266
b0052,-0.099376983
b1114,-0.125802627
b0566,0.197562549
b1036,0.182244387
b3205,-0.111393975
b4163,-0.206358086
b0848,0.174001724
b3855,0.857782864
b0974,0.199238561
b0315,0.114445892
b0828,0.159456428
b1743,-0.123298075
b2401,0.263150906
b3206,0.12359188
b0605,-0.124116813
b2819,-0.099558518
b4290,0.130837358
b1896,-0.150592124
b3748,0.22803609
b2777,0.106249185
b1996,-0.212500074
b0516,0.109879758
b0056,0.087698849
b1462,0.206661104
b3884,-0.178259603
b3742,-0.124638508
b2068,-0.070328485
b1729,0.271653122
b2691,-0.28228396
b2105,0.127896812
b2331,-0.097028308
b1082,-0.124651498
b2440,0.088240514
b3693,-0.118131536
b3924,-0.066820505
b2597,-0.091032377
b3315,-0.122220713
b1926,0.185352772
b2178,0.085770742
b2521,-0.077491078
b3817,0.164606716
b4273,0.07689563
b0092,-0.067356294
b1449,0.08768927
b3168,-0.115234515
b4071,0.282742544
b3304,-0.107349064
b0443,-0.133784005
b4178,-0.100680829
b4625,1.45267433
b1051,-0.069043223
b4474,0.175440818
b0485,0.159057418
b0622,0.152380748
b1507,0.09965991
b4456,0.145640883
b1639,-0.073640227
b0956,-0.064470881
b0352,-0.06952115
b3430,-0.085631441
b0855,-0.164367327
b0489,-0.105731793
b3362,0.091498341
b2366,-0.093802246
b4437,0.181699161
b0409,-0.092053475
b4271,-0.069391581
b4518,0.13080509
b3522,0.088655613
b1144,-0.107089271
b4536,0.135655505
b4135,-0.069858278
b1988,-0.24096696
b0275,0.133522271
b1293,-0.119463988
b0123,-0.222510114
b1131,-0.174811948
b0153,-0.119303556
b2742,0.15136008
b3688,-0.143852511
b0060,0.084450681
b4381,-0.124115835
b0459,-0.12609543
b4241,-0.092794957
b1902,0.163247511
b4403,-0.096343817
b4561,0.193431739
b3455,-0.103005934
b2160,-0.110769225
b0795,0.137601295
b4210,0.155660618
b3796,-0.201523363
b4596,-0.117194801
b1881,0.127727541
b2475,-0.057176504
b3290,-0.106863667
b2018,0.204746636
b2290,-0.069090751
b0992,-0.124094525
b4240,-0.153416502
b4472,0.092773612
b3629,0.086072218
b0304,0.106224258
b0814,-0.138712944
b1252,-0.168505519
b2674,0.14864914
b2154,-0.089235943
b4118,0.158037897
b1399,0.082841838
b2218,-0.116579968
b3995,-0.180625924
b1055,-0.154096801
b3277,0.235145905
b1549,0.177357389
b3276,0.297781303
b2216,-0.087049015
b2015,0.093332736
b0903,-0.183668961
b3474,0.090882274
b1110,0.105073054
b1483,-0.11684851
b2169,-0.09814781
b4528,-0.932529232
b0495,-0.070546145
b1096,-0.076531365
b1523,0.109908267
b2179,0.100601005
b4582,-0.236015632
b2668,-0.10548052
b3696,0.088702569
b4498,0.114635508
b1842,0.127118007
b4569,0.167201938
b2692,-0.259491076
b3828,0.183456717
b3268,-0.218664227
b0702,0.125680483
b2125,-0.118443502
b4686,-0.090076448
b4511,0.123670141
b1162,-0.081589724
b3429,-0.084114731
b1492,0.15936096
b1820,-0.128644333
b3010,-0.116028001
b0900,-0.080886429
b1836,0.114497035
b2088,-0.088733629
b0988,0.146335896
b2150,-0.33298029
b3425,-0.123742565
b4140,0.167345055
b3456,-0.091172298
b1047,-0.116480049
b0373,-0.082237968
b4070,-0.1607805
b0830,0.105606819
b1328,0.086935972
b1594,-0.106270491
b2187,-0.062643922
b2627,-0.107650789
b3258,-0.098384073
b0597,0.08731842
b2037,0.111186102
b4428,-0.10717172
b0846,0.095101904
b1590,-0.084813905
b3487,-0.060742523
b1566,0.113269457
b4429,-0.162618048
b4454,0.156446649
b0394,-0.082067969
b0579,-0.097987023
b2144,-0.138174507
b4092,0.10054774
b4268,0.19240902
b3992,-0.29979926
b0033,0.180244382
b0832,0.102510991
b2606,-0.104164531
b2929,-0.067599643
b3892,-0.063873988
b1431,-0.105689361
b1611,-0.092884767
b2660,0.069602104
b0958,-0.069067212
b4672,0.195762163
b1666,0.196460239
b3707,-0.277355399
b3291,0.071226005
b3570,0.120846783
b1493,0.159309665
b1975,0.195136957
b2556,0.047869309
b4127,-0.082276186
b3267,-0.099825874
b0570,0.089393918
b0162,-0.152498535
b4597,-0.097686614
b4125,-0.05008985
b0536,-0.10713685
b2527,-0.072977453
b4168,-0.074891232
b0337,-0.108509466
b3662,0.093317709
b3032,0.121066851
b2414,0.19286928
b0066,0.151424723
b2181,-0.104813268
b4455,0.483645759
b0288,0.069195
b0917,-0.073536163
b0093,0.057679649
b0293,-0.071770787
b0886,-0.094363754
b0543,-0.065706066
b2245,0.087332554
b4480,-0.085758925
b1814,-0.119459184
b1768,0.063819349
b2732,0.109690734
b1260,-0.073439597
b2963,-0.103723176
b0067,0.114431333
b3125,0.094669624
b4670,0.208660425
b4003,0.091158725
b0233,0.109106442
b3703,-0.115233114
b1070,-0.104490008
b2307,-0.089801206
b0464,-0.07520946
b0248,0.07751077
b3886,0.056132158
b0857,0.129087612
b0885,-0.059794603
b1726,-0.045773532
b2000,-0.083422907
b3453,0.14304095
b1649,-0.084475946
b2928,-0.056333537
b0798,0.155597569
b3073,-0.119514125
b3044,-0.068796586
b2673,0.1320433
b3556,-0.114800525
b2670,-0.18204803
b1102,-0.142705133
b2214,-0.106441571
b2403,0.204580678
b1139,-0.098638825
b1279,-0.056637644
b1342,0.050504792
b3622,0.09919196
b0831,0.091380484
b2766,0.136468028
b1855,0.113060999
b1724,0.078030921
b3668,0.114444897
b1297,0.161004794
b0124,0.083524263
b1321,-0.079260823
b2256,0.088998976
b3351,0.091587352
b1219,-0.084144246
b4217,0.118264214
b1481,0.188665147
b4056,-0.067342873
b2969,0.113975403
b0582,0.069294543
b3939,-0.096173253
b1291,0.086435926
b4008,-0.177333276
b0208,-0.094912553
b2260,-0.110775181
b4060,0.11615859
b0094,-0.047855337
b4030,-0.192417148
b2038,0.112897558
b4020,-0.079512867
b0972,0.151504192
b3356,-0.081384616
b1397,0.110325753
b0670,-0.111739494
b4385,-0.126789651
b1585,0.088548036
b2664,-0.051700078
b1427,-0.108141571
b4535,0.117246759
b1918,-0.100410839
b3462,-0.053186662
b4647,0.361563422
b0869,-0.086186716
b0171,-0.067199623
b2816,-0.153929579
b3006,-0.115811034
b4354,0.168316031
b0555,0.086312652
b4439,0.187242874
b2713,-0.147227783
b1945,0.151967976
b1243,-0.128894746
b2342,-0.162460181
b3171,0.21021291
b2112,0.074900954
b0522,-0.269367187
b4667,1.693685366
b2899,-0.067305733
b2958,-0.087568195
b1987,0.188287864
b2143,-0.104223344
b4450,0.076453545
b4431,0.195750392
b0148,-0.033811078
b0158,-0.078982418
b2618,-0.109926395
b3714,-0.137929818
b3163,0.043883749
b3428,-0.093234499
b4191,-0.052756313
b1541,-0.099119312
b1805,-0.128678389
b0191,-0.067265556
b4487,0.074368024
b2586,-0.067107492
b0558,0.201920889
b3654,-0.259663841
b1013,0.084163579
b1179,-0.055343113
b3852,0.186520818
b0155,-0.049382813
b1135,-0.084530113
b0876,0.059899694
b0884,-0.102350007
b0925,-0.056422753
b2496,-0.080148342
b0446,-0.061418867
b1533,0.101374849
b2990,-0.092763856
b2136,0.070753819
b2442,-0.063776412
b2722,0.156847992
b4407,-0.203517569
b0468,-0.059701905
b0090,-0.054331569
b2866,0.083593439
b4281,0.130739777
b1429,0.045808342
b1488,0.225682907
b0307,-0.08534669
b2085,0.131495269
b0755,0.108171046
b0899,0.135334385
b4593,0.122814142
b1586,-0.108823177
b2560,0.080347148
b3607,-0.055947226
b3467,-0.068825976
b0069,-0.068767645
b3247,0.067899328
b4422,0.139275772
b1626,-0.057192916
b2536,-0.065032151
b3343,0.063449413
b1696,-0.063334014
b3872,0.115381397
b0594,-0.122178346
b3517,0.108200095
b0024,0.073696106
b1396,0.130921607
b2466,0.055672788
b4292,-0.124226462
b2499,-0.267008657
b3954,-0.082335883
b0672,-0.092476485
b1020,0.110050335
b1932,-0.067306768
b4227,0.166673856
b2833,0.070400509
b3364,0.120958856
b2500,-0.0976033
b2803,0.062954445
b3302,-0.059416654
b2864,0.161146618
b1553,0.162860535
b3059,-0.061552926
b4470,-0.052567777
b2318,0.057231744
b4093,0.09845119
b3501,0.098529169
b0744,-0.114897646
b4638,0.089321017
b1445,-0.11572799
b1601,0.083037284
b4064,-0.162213678
b0581,-0.062818856
b0707,0.097347721
b0880,-0.074041291
b1591,-0.05491795
b4664,1.287973219
b0245,0.070671833
b2130,0.093655585
b2326,-0.059563467
b2582,-0.096932558
b0200,-0.047721752
b1528,0.069035396
b2809,0.121261901
b3651,-0.080764063
b0995,0.060604316
b1474,-0.090136615
b3014,0.091839236
b2399,-0.083199361
b0281,0.034679326
b0584,-0.087387689
b0743,-0.111737246
b4351,-0.042760671
b3829,-0.100899406
b0016,0.048976192
b1668,-0.085948789
b1910,-0.13053813
b3460,-0.086345188
b1992,0.080030788
b0856,0.118348384
b1592,0.077055179
b1956,0.032531533
b2099,0.041412738
b4320,0.078947721
b0187,-0.049721613
b1795,-0.057756031
b2696,-0.050193949
b1444,-0.052254686
b0081,0.046404494
b0272,-0.098033112
b2545,0.049898045
b3406,-0.05431812
b0186,-0.065155095
b1042,0.072138853
b0329,0.042512664
b0427,-0.053277258
b0749,0.18149578
b1627,-0.090341728
b2220,0.08341062
b2781,-0.040784016
b4568,0.044848468
b4013,0.10925744
b0266,-0.055515073
b3839,-0.063201225
b1119,-0.054858191
b2822,-0.040993236
b2861,-0.045942924
b3555,-0.06106974
b2155,0.141607499
b4430,0.118352187
b4690,-0.073675659
b4712,0.084814343
b4516,-0.082894046
b4357,0.094140335
b1659,-0.037204208
b0586,0.059649043
b1145,0.042027286
b0216,0.181180952
b2865,-0.034150149
b1244,-0.108733259
b3203,-0.048250799
b2539,0.113823301
b3179,-0.036417798
b3261,-0.110348539
b0280,0.123853439
b0559,0.080843931
b4687,0.10422723
b1563,0.032651353
b3243,-0.051266154
b0047,-0.05240702
b1206,-0.040895414
b2311,-0.081275637
b3893,0.07718554
b3946,-0.082409355
b4298,0.082681678
b1085,-0.060989667
b3890,-0.088880146
b1678,0.0601744
b2617,-0.051829637
b1920,0.137852329
b0418,0.037166397
b2912,-0.041693757
b0250,-0.042717626
b0442,-0.06046847
b4457,-0.117098691
b4323,0.044578208
b2067,-0.042001846
b3300,-0.043213802
b0142,-0.067677363
b1478,-0.043668788
b1840,-0.036635332
b3106,-0.062266379
b4551,-0.058553706
b3621,-0.052249532
b2405,0.040049317
b0384,-0.055342565
b1482,-0.053274955
b3967,0.039350617
b1025,0.052285451
b1976,0.108898874
b1019,0.11385844
b3793,-0.057429618
b1640,-0.033525375
b2504,0.077261634
b4537,-0.053209773
b2213,-0.054441581
b2604,-0.031568278
b2312,-0.160252986
b3631,-0.039602695
b2942,-0.100605436
b4317,-0.083102445
b1205,0.072597998
b4272,-0.038667844
b3548,-0.06955665
b4662,0.178690714
b1762,-0.057934495
b0595,0.06306683
b3207,-0.057224834
b1413,-0.05375924
b3685,0.064434792
b3926,0.075873656
b0144,0.053572887
b3539,-0.041079724
b1558,-0.08881596
b2900,-0.046506804
b3599,0.033657675
b1056,-0.058551945
b2698,0.051329267
b2552,-0.060055781
b0479,-0.056316767
b1784,-0.041701138
b3360,0.062023004
b2152,-0.04518229
b3537,0.03991462
b2474,0.048931321
b0950,-0.036954581
b0662,-0.063439656
b3353,-0.058704282
b3454,-0.054831941
b1440,-0.113125281
b2180,0.054475851
b4289,0.059393301
b2529,-0.040397545
b1061,-0.038411412
b0590,-0.069177249
b3369,-0.101224328
b3496,-0.055062204
b3853,0.151634965
b1923,-0.055610531
b0623,-0.062794368
b0580,0.0610983
b1944,-0.095797555
b3082,-0.041275912
b0199,-0.085371778
b0817,-0.04103162
b2693,-0.114439193
b2167,-0.043553974
b2304,0.061925336
b3512,0.067604327
b1882,0.058507587
b2398,0.075395336
b1109,0.060517607
b4668,1.700140172
b1375,-0.073702535
b0666,-0.067116554
b0987,0.055697348
b1954,0.056039563
b3024,-0.035113919
b4642,-0.094024001
b3606,-0.060955416
b1776,-0.055171543
b1799,0.081268358
b4571,-0.037755811
b3148,-0.028265456
b4018,0.040717782
b1241,0.102019905
b3864,-0.051421131
b1534,-0.052996409
b4546,-0.052664963
b4378,0.045069228
b2306,0.052282837
b4688,0.077101789
b2397,-0.125925651
b2936,0.035948837
b4128,-0.080153106
b1099,-0.039123729
b0528,-0.052867804
b1642,-0.04139312
b1938,-0.079962855
b2753,-0.057548676
b2082,-0.04194547
b2354,0.064949855
b2381,-0.031754071
b3413,-0.032399371
b4691,0.058608689
b3042,-0.041506701
b3081,-0.09990653
b0397,0.055325577
b0878,-0.034616073
b3827,0.088367451
b0064,-0.045989997
b0873,-0.062755116
b2731,0.036451717
b2838,-0.105055458
b3431,-0.028748385
b1906,0.080269002
b1544,-0.067138052
b2028,-0.048056174
b1971,0.042811913
b0790,-0.041737175
b4399,-0.038262016
b2602,0.045519319
b1736,-0.045953539
b4113,0.038983409
b0147,0.042124303
b1526,0.034640449
b0546,-0.033437487
b1953,0.04545814
b1800,0.041037603
b1738,0.033828748
b3128,0.054221977
b3223,0.061661859
b3503,0.056509188
b1143,-0.03820716
b2026,-0.055646067
b1707,0.037934438
b1942,0.093669286
b2910,0.035411425
b3003,0.037243981
b0868,0.03837072
b1355,0.108138926
b2712,0.039220762
b2725,-0.174310653
b0346,0.098503372
b1419,-0.04202953
b1958,-0.043049931
b3034,-0.024397435
b4446,0.053674052
b0022,0.047239127
b2315,0.0337955
b4350,-0.033588318
b4665,-0.150138221
b2394,-0.037778594
b2313,-0.079752143
b4171,-0.022468397
b1760,-0.055099717
b1045,0.039507529
b0700,-0.036749113
b2212,0.061436038
b1330,-0.037269698
b3618,0.043759298
b0088,0.034146009
b1306,-0.049118399
b1584,-0.026243887
b0454,0.029081281
b0482,0.033166144
b0523,-0.146984647
b0952,0.035116256
b3665,0.051255648
b2677,-0.080713125
b3088,-0.043797858
b1423,0.089315194
b4236,-0.032167274
b0449,0.034519976
b2797,0.065864978
b4078,-0.023999932
b4126,0.04087867
b4663,-0.091365561
b3535,-0.044403388
b0634,-0.048789559
b2322,-0.045998502
b1230,0.084333123
b4222,-0.035479628
b1765,0.033515833
b0488,-0.027604327
b4167,0.02024346
b2876,0.116304423
b3792,0.030346124
b0220,0.027957061
b1643,-0.057624742
b0378,0.023528421
b0360,-0.029138686
b2427,0.047942363
b3001,-0.049549162
b1229,0.31559435
b1182,0.061567675
b0049,-0.025872387
b4367,-0.054676275
b3969,0.07197782
b0791,0.05168617
b3759,0.105650349
b1647,-0.032031061
b0350,0.025388082
b3221,0.026371885
b2785,-0.036854425
b3218,0.053138128
b2340,-0.050722868
b1712,-0.019551066
b3571,0.035853662
b3672,0.046994362
b1080,-0.061738822
b0673,-0.059362414
b3166,-0.030525565
b3588,0.047970846
b1439,-0.029540651
b4068,-0.070399114
b4107,-0.042015431
b1692,0.039114891
b2679,-0.041219187
b2557,0.098381105
b3603,0.055337029
b3528,-0.066952498
b1406,0.044961432
b0475,0.025765316
b0891,0.020958587
b4703,-0.032056773
b1188,0.033193232
b1081,0.059285412
b3087,-0.033445807
b2457,0.031552204
b2671,-0.03917982
b3710,0.037806766
b3545,-0.061069377
b4640,-0.052633066
b1443,-0.044656394
b2470,0.028422088
b1146,-0.060646908
b0491,-0.03276156
b1677,-0.050510422
b2540,-0.04390333
b2889,0.029583393
b4287,0.03249552
b1422,0.050448986
b0192,0.026853951
b1741,-0.027957266
b4039,0.03775679
b4675,-0.048585478
b4519,0.073470056
b0802,0.035270687
b4142,-0.040176734
b2266,-0.020223513
b0456,0.039906802
b2464,0.026981327
b4559,-0.059049119
b3625,-0.027369034
b4543,0.019356066
b4005,0.057487671
b2434,0.028907308
b4110,0.032645802
b3920,0.024465099
b2438,-0.029583605
b4656,-0.026176899
b0484,0.062413868
b3248,-0.025646685
b4150,-0.026808958
b0746,-0.058563115
b1247,0.058672768
b1476,0.035739272
b1530,0.037476721
b0585,0.048194612
b4433,0.062675913
b0573,-0.060992852
b3506,0.035602736
b2325,-0.029791892
b1057,0.028265849
b0883,0.041053479
b2100,-0.020487047
b4124,-0.019888754
b3628,-0.019199941
b0949,0.036740783
b3534,-0.031958479
b2430,0.028134432
b0240,0.032088173
b3749,0.075883708
b1072,-0.0454779
b4111,-0.035368502
b1612,-0.045183387
b3039,-0.018090214
b4336,0.031031568
b0745,-0.043191256
b1735,0.018762923
b1667,-0.019730105
b1446,-0.023769262
b0483,0.014624351
b2351,-0.031254988
b4452,0.020739132
b1111,-0.027384391
b4523,-0.05850647
b3652,0.029186505
b4435,0.039538606
b0388,-0.023718423
b1537,0.029522552
b1848,-0.027613383
b2583,0.023775025
b4584,-0.020415757
b3450,-0.018591449
b2439,-0.026111402
b0099,-0.02222301
b3210,-0.023552423
b1845,-0.020483372
b3167,-0.021913987
b1897,-0.026803989
b3284,0.018955642
b4023,-0.017684432
b2980,0.051447485
b0316,-0.035704208
b2426,-0.036103533
b4327,-0.016838195
b0565,0.02095573
b0261,-0.029870235
b2707,-0.020958995
b1357,0.031126353
b4216,-0.048306199
b0435,-0.016840836
b0336,-0.030567664
b1283,0.030708632
b4706,-0.203190487
b4707,-0.203189631
b0083,0.014271345
b1381,-0.013616597
b1911,-0.040030177
b3336,0.025651567
b3208,-0.016455605
b1106,0.01533232
b0221,-0.042701917
b0503,-0.021751389
b2168,-0.017157957
b3142,0.025950183
b3473,0.016923134
b1428,-0.018261118
b1715,-0.031747154
b2137,0.019161076
b3626,0.012282352
b3303,-0.017084049
b3547,0.064952756
b0251,0.017445785
b3301,0.014250343
b3773,-0.014307842
b3513,0.022094872
b0058,0.03478231
b2695,-0.032090356
b3283,-0.012512307
b1733,0.01476089
b3918,0.022763886
b2151,0.055794495
b4221,0.011831057
b4270,-0.033101417
b0699,-0.038346306
b0122,0.018083433
b2421,0.026181174
b2243,-0.027161944
b2428,0.026274043
b0232,0.016988455
b4490,-0.021232028
b0794,-0.021295901
b4473,0.013957666
b1272,0.011885333
b2017,-0.014734327
b4288,-0.014539573
b1415,-0.026920869
b2541,0.015625064
b1420,-0.02706441
b0679,-0.009896586
b2694,0.027260327
b0460,0.010639216
b1320,0.02278368
b1646,0.012332944
b2255,0.016036518
b4293,0.027904593
b3941,0.039619625
b4390,0.018175294
b2795,0.015527961
b2352,0.022124807
b2820,0.017490694
b4137,-0.014563011
b1916,-0.012163966
b1403,-0.011617303
b0540,0.012339727
b4689,0.122734036
b2275,0.017204886
b2590,0.02817983
b0087,-0.011032417
b1868,-0.011161762
b1246,0.030392851
b2396,0.044572609
b2147,-0.018473026
b4614,0.042785909
b0979,-0.013583198
b2835,0.013723879
b2704,0.016039142
b2129,0.018431536
b4026,-0.017302355
b4291,-0.013114878
b0202,0.028568225
b3743,0.015977617
b0993,-0.010738879
b2767,-0.023460024
b1955,-0.014240813
b3437,-0.017313126
b4522,0.02892396
b3910,0.013322
b1629,0.022654666
b1652,0.012169974
b3068,0.007757446
b1686,0.018646758
b4581,0.014891621
b0601,0.013552951
b2341,-0.019629557
b0089,-0.009219347
b0837,-0.00795444
b1895,-0.011486471
b4377,0.010838555
b3196,-0.005231892
b0377,-0.008744982
b4220,-0.009836052
b1012,-0.046211992
b4426,-0.02764789
b0467,-0.009658416
b1572,0.017103962
b0881,-0.006534138
b1687,0.018652887
b3096,0.008213571
b0318,-0.013741609
b0789,-0.011427756
b3832,0.011061981
b0714,0.009171837
b4468,-0.014377865
b3509,-0.015517107
b3411,0.006949934
b4626,0.017065444
b0747,-0.020873506
b1432,0.007353706
b1665,0.018854783
b3943,0.007758563
b3624,0.007470296
b2145,-0.007447485
b2039,0.011846042
b2800,0.013610367
b4051,0.008936927
b2783,0.006934141
b4246,-0.010489816
b1245,-0.017704402
b0046,-0.0090126
b3519,-0.008039708
b4453,0.011228648
b3846,0.018727637
b0225,0.006919881
b1909,-0.017355158
b2842,-0.007803833
b2798,-0.0100215
b0980,-0.006509668
b1039,0.008042276
b1384,-0.016009622
b0447,-0.007439202
b4190,-0.004504645
b3263,0.026157207
b3569,0.006923789
b0211,0.008158162
b0282,0.015168909
b0879,0.00298813
b0203,-0.016289794
b1251,-0.005445401
b0643,0.006610046
b4148,-0.004599619
b3836,-0.004400389
b2799,-0.005839008
b4045,0.006342831
b2465,0.005292444
b3873,-0.006630318
b1967,-0.004468147
b0392,0.003393048
b0748,-0.01164463
b2289,-0.00615165
b4330,-0.007017676
b0677,0.003584157
b2723,0.00740088
b1517,-0.003087596
b4196,0.004738378
b2675,0.004562494
b1908,-0.002108264
b2964,-0.006602896
b1181,0.00214907
b1989,-0.005503607
b1477,0.002011815
b4539,-0.002185919
b2823,-0.002080352
b3510,0.003068507
b1939,0.002915192
b2537,-0.003717654
b2943,-0.002240138
b2839,-0.001407112
b3794,-0.001178612
b1285,-0.001008743
b3789,-0.001380382
b1574,0.004197741
b1962,-0.000780414
b0226,-0.000790177
b0210,-0.000726216
b1400,-0.000562929
b0007,0.000761805
b3960,0.001805102
b4467,0.000565122
b3511,-0.000857758
b1100,0.000126762
b0946,0.000271036
b2718,-0.000148995
b1050,-3.86E-05
b2724,0.000114792
b4666,0
