Blattner,Log2FC(yggS/WT 5µM)
b1211,0.350629946
b0238,1.721104815
b2649,-2.628435022
b4660,-2.575097692
b0469,0.98946226
b2042,0.507055965
b0526,0.44000657
b3504,-2.682851072
b1210,0.855019068
b3659,-2.074861644
b3078,-1.558402736
b3442,-3.028014675
b0185,0.780162706
b1471,-3.417488342
b4497,-1.63216929
b2109,-2.003647856
b3730,0.468074357
b0807,0.835597173
b2287,0.32074711
b1288,0.680024361
b1691,-3.443384249
b0632,0.514047151
b3679,-1.241322912
b3079,-2.839032639
b3578,-2.382931777
b3877,-1.51537229
b3875,-3.363704865
b2852,-2.180560274
b0104,0.635538443
b3784,0.390571767
b0297,-2.947546599
b2372,-1.527768178
b2122,-0.687607704
b0194,0.572132084
b1310,-1.433952556
b2549,-1.275812435
b3682,-1.199230959
b1029,-1.928793695
b2081,0.646439409
b3579,-2.2883319
b1615,-1.831513662
b4462,-2.57871882
b1152,-1.58717649
b2517,0.73856532
b0125,0.663330609
b1540,0.842031786
b2585,0.055465279
b3488,-1.514840959
b0267,-1.990918798
b3120,-2.071798295
b3423,0.534068954
b3816,0.739802808
b4583,-1.850532929
b2730,-0.399220706
b4027,-1.154389053
b2288,0.233026955
b3181,0.657210013
b4491,-0.316472854
b4651,-2.166665572
b2014,1.509501933
b0441,0.157459072
b0533,-3.596290974
b3326,-0.306054065
b3902,-2.130110549
b0770,-1.896997249
b0835,0.690689715
b0928,0.68945361
b0661,0.521222284
b1309,-1.745657891
b4185,-1.612000331
b0936,-0.975623253
b1435,0.654913053
b0511,-2.55926289
b4391,0.530797781
b4494,-1.104923557
b1311,-2.390626253
b2060,-1.122069918
b1424,0.41682529
b1393,-1.180623639
b2056,-0.842425895
b0243,0.072355461
b3596,-1.074720884
b2371,-0.948243252
b4012,-0.223799831
b1059,0.434908103
b2633,-0.717762635
b1974,-1.985877335
b1001,-1.412405622
b0242,0.344024696
b2108,-1.658020344
b3720,-2.00123419
b0279,-2.688382145
b2320,0.574630787
b1149,-1.740171128
b0612,-1.341675159
b4098,-2.238764668
b3137,-2.019842149
b0718,-1.457374972
b0393,0.867865337
b2120,-1.141465578
b3644,0.494682345
b1502,-2.306809367
b2858,-2.672182131
b4081,-1.023289122
b2986,-1.933122022
b4132,-2.201038929
b3701,0.362555761
b2644,-1.048875532
b3121,-2.020497402
b3251,0.668324563
b0452,0.304798092
b4325,-2.026326992
b2368,-0.613060689
b3370,-1.896398128
b4105,-2.450667329
b3580,-1.973312322
b0347,-2.564207121
b1203,0.840922276
b3047,-1.554826789
b0675,0.49201294
b2995,-0.314582441
b2956,-0.933315429
b0474,0.873718014
b4047,-2.982546697
b1978,-0.369521284
b4365,-1.203542994
b1961,0.443228443
b3187,0.559010487
b4650,-1.22487878
b3323,-1.119248972
b3858,0.231033559
b3424,0.649624565
b2855,-2.765259227
b1459,-1.112979586
b0133,0.287803912
b2448,-0.828278469
b0499,-0.380757606
b1232,0.505541969
b1366,-1.182648455
b3833,0.396945669
b3891,0.261913995
b0344,-1.477447311
b2492,-0.452243655
b0535,-1.502573922
b0771,-0.63587871
b2806,0.228726751
b3721,-1.465081731
b3878,-1.719675392
b0940,-0.958722048
b1151,-2.055702932
b3899,-1.292875841
b0768,-0.922957701
b4147,1.019342195
b1087,0.347218622
b3576,-2.455032684
b2477,0.347468243
b0532,-1.399248482
b2891,0.56778773
b1929,0.146058774
b2917,-0.671179021
b0698,-1.783732785
b3953,-0.518188869
b3035,0.427126435
b3826,0.244220473
b3859,0.49470652
b1505,-2.109425111
b3084,0.369380131
b0603,-1.598010649
b0686,0.591888271
b0738,0.349606608
b2061,-1.072413611
b0407,0.808659243
b2046,-0.584295667
b2957,-0.042784883
b4083,-1.97689938
b1048,0.475774485
b1035,0.43115213
b2636,-0.832902259
b2367,-1.290089088
b0731,-1.260598264
b3982,0.681241529
b0040,-1.840283159
b0291,-0.829014768
b1527,-1.932885366
b1694,-1.317541514
b2634,-0.89160023
b3038,0.39553273
b2729,-0.239234076
b4066,-1.752357997
b0997,-0.817560396
b4028,-1.101371363
b4183,-1.455367441
b0769,-2.365299169
b4108,0.50315797
b0693,-0.925679106
b3484,-2.038850466
b0334,-1.506733976
b4552,-1.305347784
b1387,-1.461214002
b4257,-1.801711583
b1785,-1.145787805
b3189,0.617226712
b0348,-1.672681584
b2873,-0.965181805
b0847,0.115748571
b4029,-0.633322554
b0310,-2.455077401
b2888,-2.147424702
b3017,0.234726394
b3240,-0.765942131
b1069,0.474893246
b4174,0.175812731
b4374,0.505963617
b3143,-2.32815292
b0684,0.840198191
b4388,0.765188351
b2451,-1.718944214
b3553,0.238030915
b3119,-3.151624562
b1905,0.723582572
b2193,0.872806776
b2330,0.488352967
b3919,0.242908378
b2740,-0.630077692
b2269,-1.588835538
b3718,-0.690812279
b2452,-1.32604728
b2339,-1.967615941
b2211,0.688412687
b4358,-1.924703724
b1157,-2.702592271
b0864,0.803513658
b0947,-0.003249423
b0984,-0.543616935
b0518,-1.98028308
b3641,0.869564989
b4100,-1.871634013
b1456,-1.32864551
b1854,-0.009743691
b2400,0.527241621
b2271,-2.429511975
b2630,0.200784594
b0733,0.005858626
b0102,0.209087239
b3562,-0.70142961
b3925,0.272479126
b0628,0.258991513
b3666,-0.090916719
b1411,-0.292982502
b1455,-3.392559655
b3770,0.261712976
b3590,-0.210697603
b3381,-1.379601753
b1158,-1.198458378
b4233,0.304357896
b4038,-1.26569129
b3876,-1.764067419
b2358,-3.20142706
b0674,1.133731597
b0754,0.478135769
b1876,0.538150444
b4495,-1.621464908
b2062,-1.098854511
b4465,-1.066676851
b2273,-2.755787335
b0783,-0.100676366
b3900,-1.510877481
b0341,-0.871986756
b1464,0.384576057
b1409,-3.992711367
b3266,-0.513876078
b0913,-0.451237081
b3867,0.307648307
b4572,-1.142292025
b2699,0.167801402
b3080,-1.055070729
b0139,-1.271987681
b4313,-0.63074586
b4099,-2.29013618
b2952,-0.871999459
b4586,-1.675532673
b0888,0.602510357
b2484,-1.542488458
b3642,-0.295809446
b1604,0.735221329
b2233,-0.204961545
b3577,-2.908790288
b3684,-1.374009856
b0343,-1.312170662
b1319,-2.233428108
b2854,-3.25179757
b2418,0.093344925
b1133,0.658013718
b3347,0.826503127
b2851,-2.707652939
b2647,-0.469620246
b3443,-2.637275608
b2386,-1.492038017
b1623,-0.311995057
b0772,0.68567347
b3384,0.521642865
b2848,-0.983341112
b0648,-0.61367793
b3244,0.419399603
b1690,-2.175400802
b2481,-2.003295873
b2576,0.386531018
b2933,-1.426989642
b0914,0.277240062
b1215,0.236004377
b2221,-1.044127513
b2047,-0.786001142
b0045,-1.339469904
b4644,-1.929058397
b2771,-1.115481276
b0292,-1.51266867
b3584,-0.38633506
b1802,-1.301321387
b3324,-0.404099322
b2922,0.538676744
b3393,-1.250037292
b0229,-1.101150612
b1153,-2.075029751
b1503,-2.110782918
b3640,0.600621244
b3881,-1.136021643
b1866,0.147082037
b2849,-3.208457371
b0136,-2.618271024
b4500,-0.726475488
b2121,-1.686665643
b2569,0.500056275
b3526,0.551929421
b0197,0.250132645
b3643,1.084313167
b0135,-1.197896193
b3483,-0.766503556
b3738,0.915531298
b0930,0.529220182
b2871,-0.660585558
b3843,0.276677117
b3062,-1.845391127
b2453,-1.659060739
b3907,-0.796595386
b1372,-1.2096112
b0335,-0.676399947
b1851,0.639360114
b3115,-1.807841404
b3702,0.171125573
b2309,1.127845581
b4101,-2.08445161
b3741,0.103036797
b3709,-1.312515037
b2357,-2.686545017
b2483,-1.116414186
b2595,0.581580177
b3507,-0.213507832
b2887,-0.981899719
b3086,-0.766074084
b4049,0.427543241
b3962,0.532905209
b1337,-0.646989324
b2970,-1.550637654
b3691,-1.142854589
b0996,-1.20445532
b3376,-1.129902622
b3586,-1.257377941
b3965,0.53510296
b1637,0.40950346
b3380,-0.827141975
b0501,-1.202929347
b4308,-0.833081556
b2850,-1.703063294
b2171,1.19409133
b0116,1.175664237
b1166,-1.838119924
b3999,0.593695805
b0276,-0.4280938
b3265,-1.259480921
b2635,-1.757433284
b3150,0.356908869
b2161,-0.993717475
b1621,0.227802563
b2478,0.378149898
b1749,0.406974376
b1116,0.39263957
b4102,-2.403441879
b2355,-2.126018844
b4106,-1.41925056
b2335,-1.987938064
b4130,-0.780249107
b1850,0.562899577
b4097,-1.540202587
b4208,-0.548503733
b1101,0.27105896
b0295,-1.526791427
b1388,-1.346927576
b4657,-0.807988131
b2385,-1.631269338
b3334,-0.517116472
b3657,-1.055615287
b4401,0.196136861
b0547,-1.490996249
b2971,-1.918107002
b4120,-0.406101761
b1460,-1.654642855
b0386,0.426955062
b2223,-1.409295944
b2234,0.11461121
b3228,0.402213749
b3482,-0.815625734
b3215,-0.811510049
b2050,-0.255393706
b0784,-0.071015796
b2486,-0.939257071
b2226,-1.091378899
b0561,-0.751331479
b1212,0.330477396
b2222,-2.332965833
b4052,0.386438906
b0333,-1.07596338
b3680,-0.502024562
b3072,-0.490892975
b1115,-0.678809707
b4506,-5.913975447
b1154,-1.371056187
b0645,-2.017865088
b2984,-1.383808951
b4184,-1.627163863
b0531,-1.565141514
b0112,0.627632182
b3178,0.093096454
b1338,-0.574660649
b1757,0.049033192
b3149,0.245432243
b0681,-0.737836095
b4131,-1.033641348
b3076,-1.010929844
b4186,-0.763028161
b1767,0.474678924
b3897,-1.087006887
b3942,-0.165278342
b1075,2.033291912
b0432,1.39186489
b3719,-1.162068772
b0549,-1.584229811
b0986,-1.181611094
b4622,-2.324356514
b1662,0.266159321
b2296,-0.136392358
b2930,-1.114931418
b2846,-0.589394715
b4615,-2.67925864
b4335,-0.284706548
b3778,0.116272838
b3061,-1.623566787
b3634,0.783002832
b0193,-0.091084199
b0618,-1.232671172
b2859,-1.132499642
b0141,-1.764731771
b4661,-0.579847963
b0287,-0.063009011
b1264,0.215393639
b2710,-0.796763636
b4021,-0.216214345
b2778,-1.50870259
b2286,0.26377317
b3888,0.315250149
b2072,-1.039875711
b2985,-1.062095918
b3997,0.239175696
b1815,-0.524337397
b1816,0.028278637
b0314,-0.261102549
b3818,-0.839982557
b2294,0.163227002
b0296,-6.216236706
b0230,-0.981326063
b0820,0.303096969
b0985,-1.364803601
b2270,-0.524847578
b4316,0.479300316
b3441,0.492816449
b3697,0.292711245
b2356,-3.443724658
b3613,0.619700122
b0301,-2.094600207
b3368,0.387747871
b2199,-0.062228851
b2879,-1.208612285
b3158,0.270979839
b0688,-0.117119632
b0042,-1.801844477
b1889,-0.740783509
b3392,-1.208084417
b3374,-0.432921176
b2241,-2.651892617
b0477,0.365126469
b2361,-2.269468706
b2953,-0.600484943
b0319,-2.007901045
b0544,-1.995192282
b3649,0.156395826
b0649,-0.261619831
b4160,0.014698433
b1952,0.159498337
b2758,-0.34714208
b0166,0.628444955
b2581,0.266143155
b3591,0.063087388
b0617,-1.424354461
b3331,-0.602148528
b2383,-0.727458277
b3686,-1.107850893
b2700,0.595333306
b3030,0.276408056
b1121,-0.535397998
b3195,0.494539788
b0108,-0.831396852
b1028,-2.103857525
b4232,0.786241504
b2110,-2.382298679
b2447,-0.667936361
b3422,-0.337106503
b0614,-1.560804381
b1351,-1.898397215
b2065,0.290246655
b4041,0.292601113
b2489,-0.699956077
b3066,0.550490154
b0028,0.36484576
b2066,0.579127208
b1026,-0.454596802
b4080,-1.244490894
b1160,-1.228663687
b3190,0.766452589
b2027,1.221474801
b0939,-1.303102315
b2139,-1.272628122
b1350,-0.934668952
b2115,-0.732426652
b2914,0.162145876
b2118,-0.49723548
b3745,-0.136216852
b3847,0.294643595
b0929,0.219535166
b2224,-0.670239601
b3478,-1.257076177
b2073,-0.744422092
b1704,0.710533296
b2950,-0.365701468
b3426,-1.596037675
b2491,-0.403528566
b3949,-0.939699903
b2248,-1.222529541
b0463,0.441424882
b2547,-0.955423556
b3944,-0.832711252
b3253,0.189017347
b0054,0.297327163
b2316,0.701313216
b2701,0.493047717
b4207,0.597522987
b2114,0.35280493
b4395,0.578576637
b1457,0.109539989
b2029,0.283191955
b3544,-1.403565062
b3935,0.162640596
b2077,-0.706734064
b2454,-1.923338958
b0277,-0.307714929
b0227,-0.620099582
b0140,-1.478423984
b0161,0.216243064
b0041,-1.722571346
b4309,-0.853837254
b0967,0.643219304
b0154,0.128641066
b0647,-1.998605368
b2277,0.534486973
b1560,-0.821393542
b0697,-1.103838037
b3216,-0.421265346
b0705,-0.899818101
b2947,0.320062754
b2935,0.82076393
b0887,0.603209686
b2498,2.05187488
b3927,-1.892213694
b4311,-1.252384752
b3002,0.598637352
b3227,-0.622686051
b3388,0.313534288
b0029,0.337620635
b0896,-0.849958429
b3135,-0.794420301
b0013,-0.436948955
b1606,0.413317392
b3405,0.042965582
b0138,-1.193410646
b4334,-0.214261738
b0181,0.326270049
b3950,-1.092012617
b4238,-0.364066947
b2870,-1.576768084
b3147,0.285702481
b0931,0.879346773
b1832,0.846377515
b0369,0.357829521
b0922,0.481089043
b3391,-0.322160786
b0321,-0.97532646
b0320,-1.243360825
b3389,0.337478096
b1860,0.277747002
b2057,-0.862379752
b3325,-0.365765278
b1810,0.061034664
b3198,0.505515888
b0961,0.583998257
b1576,-2.617861273
b2229,-1.69265717
b1386,-0.719214098
b1864,0.50136382
b3104,-1.307059411
b0434,1.540587184
b4074,-0.93891081
b3543,-0.406389365
b3678,-0.812019544
b0222,0.48284254
b1766,0.360571361
b4508,-1.153362396
b2119,-1.05847571
b1161,-1.191488623
b1023,-0.784339409
b1486,-0.902551027
b1390,-1.148879269
b4471,-1.152491134
b3961,0.02966259
b4048,-0.807028918
b0613,-1.542371777
b2059,-0.730163719
b0512,-0.989593166
b0416,0.565822813
b0575,-0.875811098
b0655,-0.142360461
b1363,-0.594358331
b1744,-0.813140584
b1751,0.137177007
b4161,0.443283747
b0874,0.907973549
b1254,0.464749498
b4579,-1.449439246
b3589,-1.67174668
b4095,-1.480621792
b3114,-1.287018061
b1410,-0.803173346
b4328,0.378715289
b3593,-0.714588698
b0948,0.544597212
b2004,-0.583877662
b3464,0.642839861
b2113,0.6493393
b0381,-0.097091011
b3951,-0.663635514
b0323,-0.916972472
b0550,-1.791551391
b3013,-0.222503838
b0732,-0.454101581
b1185,0.597011497
b1999,-0.376330201
b2996,-0.400930688
b0127,0.199555054
b0405,0.470968012
b2760,-0.810221565
b0478,0.139695281
b2845,-0.978493534
b2554,-0.121748369
b2268,0.440822376
b3705,0.825916017
b1830,0.324978033
b4556,-0.801338459
b0934,-0.402034751
b3639,0.539800897
b1873,-0.97060329
b2770,-0.630381946
b0508,-1.69589471
b2232,0.367773167
b0270,-1.508677795
b1383,-0.210812126
b1147,-0.647532758
b0497,-0.643312815
b4482,-0.745693536
b0402,-0.082230935
b2648,-1.242851374
b3675,-0.352432395
b1657,0.553463905
b2898,0.227511847
b4182,-0.943485545
b1407,-1.590235438
b0358,-0.43420041
b0954,0.893208711
b1867,0.241793813
b1074,2.26765191
b0421,0.488004798
b2918,-0.817870514
b3075,0.361312636
b3611,0.562071716
b1835,0.176056403
b3865,0.587433814
b1497,-1.622642716
b2737,-0.725763533
b1913,0.028747757
b3744,1.610615183
b1108,-0.030228839
b2810,0.371082413
b4152,-0.731022787
b0703,-0.167737528
b2954,0.009368133
b4192,-0.463479102
b1196,-1.094612997
b3477,-1.637329521
b2566,0.42350552
b4087,-1.283068628
b3041,0.335107344
b2534,-0.474499998
b1880,-0.060631024
b1539,0.134601803
b1693,0.364042267
b2393,0.27651924
b3869,0.767764962
b1412,0.397342732
b1010,-0.984671702
b1862,-0.638019372
b2319,0.324007454
b0576,0.728047797
b1022,-1.082566191
b3615,-0.423053088
b3947,-0.904825832
b2727,-0.195834792
b4094,-0.728249612
b3612,0.030357539
b2300,0.496293257
b0737,0.991809262
b1831,0.676568711
b1324,0.581386266
b4682,-2.943003752
b2563,0.116977515
b1128,0.330603423
b1391,-0.471029854
b4602,0.299140067
b0107,-0.193651054
b4082,-0.902818434
b1453,-0.190647279
b0406,0.979127027
b1861,0.476886242
b2132,0.258048606
b1804,0.646127349
b0011,-0.888985255
b0509,-1.401553774
b2458,-1.13514827
b0970,0.435970848
b3046,-1.613845967
b3235,0.485324506
b0787,-0.716332648
b0339,-0.22556376
b3201,0.211894997
b2564,0.250330563
b1506,-2.412643115
b0439,0.018106446
b2456,-1.632776272
b0034,0.369665547
b1554,-0.648433776
b3882,-1.417667158
b3141,-0.861873346
b0767,-0.221018633
b4279,-1.23623522
b2455,-1.70433899
b1395,-0.567843596
b0782,-0.192829242
b1499,0.284767147
b4509,-1.231791308
b1207,1.003457401
b1752,0.110390128
b0602,-0.923722502
b2482,-1.201413114
b4345,-0.849912366
b0326,-2.091818517
b0943,-0.295529653
b3476,-1.345545125
b1973,-7.685077123
b3849,0.049386985
b0143,0.506316495
b0217,-0.54358542
b2002,0.113190498
b2987,-1.277783372
b2225,-0.67424814
b1360,-0.998507658
b1034,0.377540584
b4180,0.111792244
b1365,-0.605612866
b2516,0.447292703
b0824,-1.250624937
b3377,-0.773125424
b0145,0.359787444
b1782,0.923894393
b3139,-1.838488463
b0097,0.584206932
b0159,0.061640536
b3769,0.17839283
b1588,-0.920972417
b4696,0.056993344
b2997,-0.034606717
b4496,-0.367843132
b0895,-0.946512397
b4036,1.338198666
b3581,-1.560163912
b0525,0.444665908
b1184,-0.200137015
b0616,-0.981186887
b0977,-0.586247002
b0415,0.469369331
b0289,-0.70931396
b0680,0.501770216
b2329,0.289999696
b1852,0.309241753
b0179,0.487681635
b1127,-0.263516176
b0539,-0.719385235
b2643,-1.096711635
b1078,1.491766683
b0877,0.668879922
b3357,0.589439634
b0106,-0.413365501
b1579,-0.323107314
b2754,-0.275009528
b3931,-0.028071117
b4277,-0.920580404
b0534,-0.823610016
b2881,-0.752343518
b3367,-0.194458368
b3583,-0.606975003
b3879,-1.811609105
b2443,-0.170539927
b0149,0.308178378
b2862,-0.386121919
b4231,-0.745988667
b4260,0.112547402
b2048,-0.484193455
b3214,0.950536926
b0521,-0.13827408
b1200,0.372005459
b4359,0.519493509
b2905,4.29554836
b0470,0.255656571
b3834,0.080646947
b1682,-0.47781204
b2890,0.344737171
b3229,0.596689068
b4054,0.342276025
b3160,0.682017921
b3609,0.16146794
b4153,-0.621222813
b0507,-0.730727131
b4042,0.779727486
b1875,0.309712416
b3725,0.096539502
b0563,-0.336438366
b1489,-1.066475756
b4620,-0.946047953
b3998,0.132205235
b3861,-0.822736454
b4284,-0.157244932
b0646,-0.811395096
b1710,0.032638857
b2010,0.037669751
b1796,-1.197208734
b3328,-0.568477802
b0863,0.453720164
b1730,-0.996022937
b1616,-1.027296954
b3288,0.200355625
b1543,-0.73873314
b0131,0.672554189
b2915,-0.008466136
b2553,0.758218145
b3144,-0.475436224
b2162,-1.357733588
b0588,0.121298025
b3461,0.5272727
b3932,0.119619081
b4379,-0.647574273
b3091,-0.692135598
b3052,0.309584296
b1103,0.109288127
b0284,-0.791737107
b0951,0.246530056
b3908,0.830839838
b1095,0.398592793
b3146,0.514862639
b3563,-0.860701413
b4017,0.473367879
b1663,0.49996094
b0080,0.084683436
b1656,0.387862821
b1313,-1.143587055
b3690,-0.44258073
b3271,-0.255523834
b3064,0.730063756
b1165,-1.595455113
b2626,-2.841648237
b2420,0.229322458
b3194,0.255001997
b2049,-0.339555285
b2346,0.429020895
b1504,-2.110772552
b2690,0.728586671
b3558,-0.944195964
b3981,0.813773625
b2813,0.862759444
b4202,1.177958869
b1316,-1.0941299
b4200,1.193447671
b1769,-0.730779783
b2836,0.102490889
b3706,0.198533174
b0492,-0.015365617
b2794,0.529177665
b1168,-1.04088423
b2495,0.678341511
b3329,-1.020739116
b3182,0.349063667
b0254,-0.137060787
b0827,0.080026856
b3156,-0.178376605
b4304,-1.160067563
b1575,-1.691398142
b2334,-0.728190565
b4198,-0.517866316
b1884,-1.282512524
b1392,-1.037565897
b2994,0.102708565
b3811,0.135129731
b2301,0.279218444
b2913,0.893019207
b3648,0.441859062
b2526,0.339066316
b0043,-1.768070603
b0927,0.358402025
b1214,0.545976716
b3136,-0.939375801
b1404,-0.173350578
b3498,0.120387832
b2276,0.189535721
b1235,0.367601925
b0562,-0.764675237
b2948,0.494206083
b3027,-1.538559741
b3699,0.162280356
b2096,-0.076702122
b3587,-1.862307344
b2684,1.213851072
b3633,0.648080988
b1073,2.357457822
b0196,1.012791042
b2469,0.11763937
b2344,0.771382715
b2183,0.636899103
b4151,-0.667558699
b2472,-0.191533627
b1348,-2.11644033
b4234,0.362805
b4469,0.370761882
b0121,0.840014534
b1888,-0.435603247
b3172,1.491229143
b2945,-0.482331455
b1723,-0.187097148
b1068,-0.168479473
b4630,-3.561065544
b0061,-1.50604226
b0657,0.306026991
b0607,0.078441975
b0982,-0.620317701
b0025,0.47765382
b4157,-0.448380554
b1680,-0.523520858
b1797,-0.632128818
b0340,-0.42008947
b3192,0.427792913
b2407,-0.653975233
b2789,-1.74490561
b3418,0.120626097
b3416,0.380283412
b2408,-0.651487029
b1104,-0.076999816
b2728,-0.185090815
b4478,-1.141869073
b3479,-0.649078763
b3722,0.216690064
b0567,-0.380408742
b1352,-1.896478544
b2262,0.319685713
b0945,2.244831187
b0572,-1.28522086
b3542,-0.5647545
b3327,-0.503217026
b0223,0.206509186
b4201,1.110281039
b4215,-1.165507255
b1192,0.353427811
b0893,0.148313781
b4419,0.29683235
b2460,-1.234804476
b3295,0.816632935
b3572,0.412624012
b3783,0.113742067
b3937,0.191399286
b3186,0.707925079
b0096,0.429356159
b3365,-0.305686154
b3371,-0.852899358
b0263,-1.140485077
b0937,-0.427467298
b0401,-0.460193986
b0740,0.617540996
b2016,0.224725885
b2946,0.335558333
b4243,0.572388523
b3896,-1.030166695
b4341,-1.056125277
b1418,0.255659974
b2384,-1.744146547
b1368,-0.608749383
b2878,-0.56299406
b4000,0.195968072
b3151,1.718927235
b2467,0.183106092
b2376,-0.223932941
b2567,0.513032095
b0444,0.35373957
b1204,0.940699963
b0117,-0.454313719
b4700,-1.226419247
b0654,0.301651037
b3955,0.408608966
b2207,0.765832689
b3898,-0.776594681
b1681,-0.562646306
b2919,-0.337637583
b0260,-0.696208556
b3394,-0.829825266
b2373,-1.413802859
b4031,-0.078211112
b2687,-0.046600677
b1136,0.410882291
b0168,0.323425879
b1837,-0.100250757
b4621,-2.596801755
b3433,0.538936208
b2734,-1.433344222
b0385,-0.643486386
b3366,-0.681921815
b2488,-0.802674303
b0044,-1.445443665
b2776,-0.7555598
b4333,-0.452876703
b3234,0.184610533
b0548,-2.061428032
b2431,-0.060820441
b4594,-0.523692547
b4541,-1.146118009
b2198,-0.398180805
b4463,-1.234462032
b3664,-1.160885524
b2765,1.432647429
b1225,-0.291661086
b4363,-1.093654912
b3520,-0.823424216
b3860,0.35372007
b3180,0.790019562
b2359,-0.399810347
b0218,-2.054734844
b3341,0.712559157
b3765,-0.211472374
b4058,0.008381019
b2045,-0.442847535
b2070,-0.68420054
b1673,-1.476241806
b2872,-1.262233001
b3646,0.31508709
b3138,-1.339260298
b3200,0.266958074
b0074,0.329896455
b4349,0.513928254
b3980,0.588681073
b0195,0.77663024
b3236,0.152571376
b3823,0.565481693
b0241,-0.779655141
b3713,-0.184678713
b1775,-0.915992776
b3493,0.850016644
b4347,0.033415905
b0551,-0.638326228
b1479,0.729378301
b0006,0.479973986
b0919,-0.186173471
b0809,0.763050384
b0290,-0.330658846
b1559,-0.2636438
b0059,0.483007891
b3063,-0.474562633
b0620,-0.650879331
b0520,-1.080932322
b0134,0.241773238
b2939,0.643111796
b1937,0.49470528
b3401,0.39082994
b0842,0.655328154
b4526,-1.331474559
b0247,-1.121737172
b3296,0.841586291
b3530,-0.103861915
b4213,-0.404742476
b0262,-0.744867649
b4084,-0.210377517
b0815,0.37702952
b0819,0.591022583
b3491,-0.348566215
b1824,0.325460033
b2480,0.956389107
b2934,-1.743022387
b4010,-1.436925715
b0853,0.102955889
b3237,0.827169797
b3964,0.226385466
b0355,-0.024854946
b0840,0.645081115
b3871,0.731903997
b1286,0.785062153
b1679,-0.490002455
b1312,-1.401109887
b1874,0.039995108
b1928,0.375289032
b1872,-0.45493978
b0763,0.304358394
b3966,0.38743525
b2076,-0.29592954
b0172,0.833920366
b2054,-0.902330434
b0278,-0.491527533
b4286,0.350672392
b0317,-1.037367833
b2204,0.282099255
b1790,-0.33898018
b2078,-0.032379381
b0801,-0.264830308
b1389,-1.90722362
b3560,0.779578524
b3952,-0.420551523
b3822,0.545444847
b2107,0.580173793
b4197,-0.442609181
b1378,-0.279791586
b4143,-0.016966646
b1468,-0.901726369
b2708,-0.423409955
b1638,0.472995923
b1126,0.492825753
b1187,0.317505086
b2406,-0.205747518
b2208,0.742435795
b0785,-0.073739904
b1702,0.385532592
b2788,-0.356159385
b2246,-0.5928352
b2902,2.560554701
b0691,-1.39762456
b3037,0.376732139
b3673,-0.99726263
b4501,-0.164270593
b1603,0.280299108
b2834,-0.029945978
b3270,-0.740441347
b0486,-0.14221811
b1699,-0.80209171
b1706,-0.113929155
b3729,0.406569651
b2551,1.412356014
b4380,-0.522855254
b4158,-0.215920808
b4300,-0.681291005
b4699,-0.420277953
b2345,-0.953252699
b4652,-1.697820601
b4034,0.875969205
b4181,-1.681527183
b1791,-0.458121106
b2203,0.237166424
b2336,-1.262469246
b3281,0.005983332
b2882,-0.274591821
b0935,-0.149924305
b4175,0.127971443
b3985,0.79308186
b1516,-0.752347906
b2064,0.088320027
b0910,1.186139376
b4628,-1.706550492
b2998,-0.878161137
b1547,-0.414482621
b0364,-2.062995232
b1809,0.785518818
b3870,1.40848246
b3525,-0.503772858
b3185,0.615976494
b3257,0.90533548
b0156,0.480498264
b1801,-0.803383828
b3126,-1.279380413
b2968,-0.110660573
b2247,-0.95776659
b3737,0.839991565
b4671,-1.590038375
b4548,-0.853234919
b3554,0.536617109
b1353,-1.311335632
b3363,0.764529103
b1408,-2.291331429
b2278,0.39731695
b0423,0.460432191
b0560,-0.652869734
b0902,0.051379111
b1948,0.03014625
b4371,0.450322652
b2197,-0.310594294
b0151,0.074515739
b1761,0.652442915
b0918,0.613554726
b3973,0.118808973
b2983,-1.020302009
b4155,-0.208345938
b3378,0.008737465
b4649,-1.421313342
b0709,0.799273292
b1684,-0.410510297
b2703,-1.447108978
b2190,-0.018166263
b2961,0.352241008
b4616,-1.149434488
b2494,0.407386126
b3978,1.192804493
b3821,0.868154136
b1577,-0.843996727
b3880,-0.3511899
b2206,0.522612706
b3780,0.206821972
b0235,-2.160020356
b1178,-3.245457151
b3901,-1.168882446
b2230,-0.527375705
b2574,0.828435993
b4206,0.569931362
b3226,0.448916747
b1269,1.343355736
b1931,0.132852864
b1728,-0.446902987
b3979,1.298921232
b1885,-0.785894906
b0137,-1.263544394
b0174,0.63125123
b1209,0.546730323
b2034,0.573519863
b1683,-0.394096804
b0312,-0.398577287
b3805,-0.031774432
b1284,-0.015858863
b1472,-2.624434276
b0637,1.046805634
b0756,0.117015438
b0608,-0.261013904
b3100,-0.140454815
b0716,-0.225469129
b1529,0.628480999
b2274,-0.62551623
b1436,-0.396400726
b3164,0.749523737
b4555,-0.100110036
b2503,-0.73588627
b0109,0.64854025
b1335,0.890759167
b3145,-0.354792847
b3750,0.042202497
b3781,0.526613907
b0294,-1.468136049
b1281,1.572421516
b4514,-0.250286494
b1787,0.023134311
b2444,-0.75345204
b2265,0.249574046
b1132,0.451592706
b1856,-2.876239939
b3332,-0.685182836
b1295,0.851078219
b2688,0.188862542
b0822,0.677684823
b0231,-0.342750457
b3533,-0.394384613
b2201,0.151354478
b1490,-0.689163429
b0303,-1.521340209
b0437,0.074707939
b2977,0.476397335
b4226,0.710579673
b4442,0.008027691
b0180,0.431784889
b2938,0.547870394
b1385,-0.300988722
b2332,0.072895926
b2321,0.662089355
b3342,0.71431252
b3974,0.302073899
b2784,0.317515488
b3176,0.053676178
b4677,-2.03797347
b2299,0.428784272
b0283,-1.002217462
b1495,-0.965862155
b4193,-0.827279813
b3322,-0.156765206
b0271,-0.445546053
b0408,0.63812828
b0920,0.104686397
b1568,-0.599901222
b2769,-0.351654159
b2411,0.141257467
b4394,0.61312272
b0417,0.057948611
b2518,2.427428444
b3573,-0.287119731
b1148,-1.215750242
b0354,0.817001827
b2133,0.151095017
b4162,0.40160283
b0766,0.447968301
b1701,-0.753993874
b0615,-1.43343246
b2874,-0.402976058
b3269,-0.623656001
b1774,-1.127879562
b0741,0.391533347
b1759,0.601202723
b2479,0.494811409
b1323,-0.010533182
b2883,-0.524041462
b0068,0.493395637
b2205,0.326698125
b2721,-0.732848472
b3574,0.474679854
b1817,-0.197435293
b0629,-0.667042989
b1670,-0.521513176
b2937,0.814775564
b1318,-1.209697431
b4253,-0.239607729
b1900,-0.543341765
b4043,0.212013682
b2202,0.195758857
b1454,-0.567776527
b1467,-0.771253571
b2343,-0.063808663
b3667,0.075677562
b4653,-1.081008574
b0234,-0.724401954
b4173,0.23732871
b4713,-1.416151974
b2412,0.340684679
b1838,-0.067195233
b2641,-0.004434162
b3472,0.233410587
b4678,2.168540661
b0933,0.042607652
b4623,-0.28939032
b3747,-0.052848839
b1538,0.28517186
b4634,-0.619650372
b0717,-0.659227655
b3438,0.57910226
b4608,-2.288723666
b1883,-0.667931359
b0823,-0.727087279
b0696,-0.43291271
b2726,-0.276062523
b4415,-0.523419473
b1008,-0.831069701
b4307,-0.289397177
b3400,0.177191105
b2620,0.634454138
b1695,-0.600134466
b0926,0.882958217
b3531,-0.397185902
b4502,0.44566754
b4684,-1.626005352
b3984,0.854134762
b1227,-0.064379379
b3529,0.234895426
b4177,-0.26619912
b1274,0.274435721
b1742,-0.453481688
b0414,0.124162299
b0727,1.570699659
b1570,-0.040507326
b1985,-0.367718924
b2209,0.029203182
b2611,0.870688543
b0175,0.717590597
G0-10738,-0.575851047
b3771,0.034913327
b0834,0.208080163
b2231,0.39701551
b3523,-0.062417625
b2972,-0.454599475
b0619,-0.055693437
b1156,-1.343547824
b1226,-0.044085967
b3379,-0.515073928
b2435,0.379576686
b3971,-1.074259845
b0438,-0.181552799
b0237,-0.1425824
b3157,-0.062552243
b1561,-0.07440377
b4295,0.171133873
b0571,1.260732447
b0781,0.821810436
b2522,0.281090839
b1006,-0.473835953
b0719,-0.79092344
b3541,-0.660223096
b0839,0.110161285
b2920,-0.322500461
b3786,0.417413952
b0788,-0.472082691
b1857,-4.112407454
b4296,-0.348855222
b4014,0.993278907
b1754,-0.064730628
b0383,0.064297177
b0642,0.324578298
b3077,-0.967370956
b4265,-0.136863691
b3726,-0.258698111
b1041,-1.12047741
b0660,0.097626606
b4332,-0.194263583
b3395,-0.489617659
b4329,0.444026444
b1043,-0.113616918
b1771,-0.380939664
b1624,0.084106792
b1377,-0.500804402
b0345,0.288114965
b4701,-1.298345143
b2711,-0.740428404
b0941,-0.451090789
b1222,0.041120325
b0513,-0.600999988
b2892,0.203213887
b0410,0.813241492
b3273,-1.443440515
b3309,0.828800285
b0862,0.513655496
b2365,-0.583055267
b4481,0.24766892
b3463,0.252736936
b2092,-0.360448732
b1336,-0.441443574
b1487,-0.508542397
b3159,-0.055546305
b2512,0.436230311
b3582,-1.320675233
b4601,-1.32657478
b0568,-0.519592847
b3417,0.806284835
b3916,-0.226991206
b0246,-0.478161736
b2940,0.766125381
b1125,0.694631484
b3575,-1.097239655
b3934,0.593131973
b4199,-0.338731569
b4580,-0.049234687
b1093,0.410187549
b2780,0.458555189
b3279,0.293142873
b0553,-0.369510313
b1753,0.18745264
b2761,-1.284776103
b2293,-0.280099128
b2131,0.30732494
b2157,0.132844542
b1376,0.110159982
b2632,-0.598886887
b1346,-1.718249935
b1617,-0.871209805
b2897,0.371023023
b3346,0.55546152
b2906,-0.18588039
b2796,0.249078071
b0008,0.151235971
b0178,0.251476122
b0545,-0.520874231
b4122,-0.940150805
b2981,-0.935294895
b3540,-0.774116896
b0524,0.308624514
b2960,0.393459434
b1870,0.234541672
b1466,-0.945770125
b3850,0.086830991
b1344,0.890953781
b1593,0.30709913
b1807,0.538495761
b2186,0.438193213
b1951,0.206019043
b2375,0.283415872
b1823,0.312308993
b2445,-0.620418252
b0792,-0.606624155
b3211,0.288410544
b4570,-0.527810433
b1014,0.337191763
b3958,1.679626311
b2283,0.050837647
b4079,-0.369875694
b2001,0.404350529
b4475,-0.280688871
b1828,-0.272137768
b3048,-0.747063415
b3140,-0.954402545
b2908,-0.082366035
b3023,-0.434472675
b1193,0.681330749
b4492,-0.285870191
b1930,0.11748622
b2297,-0.45650542
b3199,0.221279365
b4375,0.877690925
b1789,0.418620737
b2490,-0.546264963
b2951,-0.304483579
b4086,-0.555490897
b4294,-0.243911191
b3340,0.635076049
b4459,0.025401222
b3972,0.564688842
b3173,-0.233868674
b0205,-1.836284481
b1794,0.49849369
b3803,0.148751644
b4204,-0.175997818
b3262,-0.597295689
b1224,-0.295598734
b4503,-1.088301129
b4146,0.583464001
b3359,1.783294844
b3647,-0.734500531
b2410,0.255242243
b4477,-1.224918011
b2623,-0.495226573
b1645,-0.534472228
b2033,0.628349919
b4356,-0.34143645
b1747,-1.038892295
b4576,-0.457801764
b2459,-0.933027536
b3732,0.492201722
b4423,0.21827765
b4392,-0.049154725
b3241,-0.099089029
b3028,0.59843809
b3734,0.640971705
b4484,0.688979491
b4019,-0.142836398
b3825,0.302830112
b1105,-0.220295462
b3559,0.003572176
b1846,-0.198586944
b1871,0.043778692
b2759,-0.739052525
b4461,-0.05524952
b3658,-0.49503444
b3724,-0.090676664
b2603,0.116116309
b3020,0.353212161
b0224,0.471489327
b3019,0.539289398
b4648,-0.885617487
b3338,-0.308400533
b2965,0.853838429
b3989,0.003895537
b2988,-0.081775904
b3451,-0.824753649
b0365,-0.510613808
b3310,0.867609964
b1949,0.52659303
b4075,-0.344772649
b0530,-1.362484748
b1886,-0.582273465
b2959,0.217535564
b3499,0.274243968
b1058,-1.026230615
b0118,0.590235693
b3092,-0.549915967
b3098,-0.218656575
b0621,-0.896080315
b0128,-0.085843154
b1255,0.308154251
b0651,-0.015763782
b2044,-0.52977897
b2257,-0.598055854
b3099,-0.238151499
b2966,-0.052002592
b3983,0.883868622
b4033,0.759423769
b3410,-0.636658622
b2625,-9.570130325
b4224,-0.680993632
b3339,0.392841572
b3447,-0.049611995
b0963,-0.313608029
b2791,0.272518364
b3170,0.778504654
b3018,0.58365725
b2689,0.464744035
b1317,-1.669261584
b2949,0.225174346
b2279,0.497802048
b0189,0.01764628
b1097,0.388231612
b3127,-1.824587293
b1267,0.18148788
b2487,-0.665050857
b3785,0.014560594
b2515,0.061744459
b0353,-0.309638201
b3605,-0.337171789
b3446,-0.382159998
b0367,-0.57528872
b1826,0.488914269
b0101,0.063712072
b1622,0.25060519
b3905,-0.826442329
b0091,0.177069262
b0797,0.411811959
b0574,-0.576672898
b1107,0.244133008
b3026,-0.266095136
b2577,-0.238809828
b2663,-0.981196463
b2828,0.347721065
b3636,1.120564207
b0889,0.008424034
b4037,1.046094952
b2156,1.400748077
b0436,0.526748477
b2291,0.376689154
b3752,0.036073597
b4674,-3.704377858
b1296,-0.09976599
b3349,0.422338068
b1892,0.902281155
b2652,-2.650070423
b1175,-0.202128408
b2709,-0.532489557
b4136,-0.069850433
b0481,0.451741165
b4567,-0.271660655
b3549,-0.000281724
b2360,-1.075375287
b2362,-0.94812021
b3330,-0.355187766
b4144,-0.05504525
b1535,0.240855334
b3274,-1.26094056
b3736,0.905998358
b3097,0.031451892
b3386,0.125617313
b1150,-2.043588922
b1672,-0.320622266
b3169,0.516385953
b4636,-1.285303712
b0811,1.434523566
b1484,-0.893934677
b1015,0.575584356
b3193,0.223415496
b3650,0.091447749
b4077,-0.502345115
b1818,-0.343401531
b0760,-0.303131439
b0923,0.218452813
b0517,-1.118941355
b2324,0.138607369
b3733,0.531347072
b1122,-0.131384915
b4460,-0.583339154
b3656,-0.673161364
b1236,0.177800309
b0998,-0.641355784
b1634,-0.641266831
b1277,0.221495354
b0990,0.340321509
b2083,-0.401053776
b4409,0.315237046
b2509,0.480506383
b3404,-0.106700599
b0833,0.476866684
b2629,-0.276580649
b0983,-0.364255031
b1485,-0.454801683
b1613,0.027205377
b3653,-0.035341494
b0424,-0.181871928
b4352,0.180105106
b4486,-0.324557161
b0188,0.224053908
b2733,0.289795442
b0493,-0.169320053
b4692,-1.220357853
b1263,-0.142427893
b1567,-1.153471878
b1698,-0.66816274
b2807,0.418809455
b3723,-1.180663106
b4059,0.139951467
b0170,0.556503081
b3282,0.095244151
b2093,-0.322592541
b3514,-0.177147973
b2422,1.126896639
b4331,-0.153593316
b1844,0.406980641
b0342,-0.626556679
b4368,-0.558899888
b1587,-0.6584232
b0357,0.06813384
b3051,-0.453340493
b3298,0.787105324
b2446,-0.264318495
b0759,-0.375131194
b3219,11.43354125
b2008,-0.165504174
b2159,-0.021645808
b3801,-0.33537167
b0433,0.42690606
b2818,1.8425009
b4314,-0.253882207
b4169,0.219998572
b1581,-0.629850624
b0942,-0.308036346
b1343,0.230704007
b3089,-1.331824359
b3532,-0.238203712
b1703,0.003463897
b2097,-0.354976098
b1076,1.461785262
b2437,-0.555993541
b2506,-0.063701972
b1641,-0.246672764
b3132,-0.764473474
b0039,-0.224381038
b3779,0.059804532
b2893,0.417495035
b3912,0.145442025
b2200,0.153162462
b0120,0.807098028
b0515,-0.428518675
b0734,-0.141084725
b0726,1.426820885
b2493,0.614132469
b4312,-0.399993298
b1009,-1.497983939
b1176,0.202827386
b2485,-0.791459471
b1242,-0.200701022
b3050,-0.599783918
b3256,0.314752632
b2263,0.73160523
b3564,0.151486328
b1256,0.507604567
b4361,0.193673118
b4603,-2.875241198
b2240,-1.952367319
b3124,-0.431707792
b2637,-0.411861546
b0403,0.259586316
b0400,-0.352267073
b0765,0.103172956
b2284,0.129916283
b2463,0.227662229
b0728,1.852768152
b0838,0.105740647
b2237,0.824177598
b2533,3.143540747
b4340,-0.007724779
b0169,0.546648777
b2395,-0.268649784
b2646,-0.1840839
b2069,0.247076847
b0206,-1.299931097
b3933,0.630755646
b1714,0.58317235
b1117,-0.048857326
b0776,0.088098561
b2610,0.290597102
b4633,-0.213787635
b4297,-0.456346181
b4476,-0.637212946
b0636,1.073364534
b3795,0.425738422
b4154,-0.234590052
b1233,0.398148748
b3232,0.426127337
b3812,0.306821291
b3481,0.82681225
b0026,0.108068085
b2058,-0.20523236
b4565,-1.051823638
b1308,-0.052228361
b0472,0.453336195
b2808,0.445182833
b3449,0.222126572
b4631,-0.444996891
b1654,0.512354009
b0860,1.344030476
b2588,-2.929366104
b1038,-0.652839041
b0592,0.65363652
b4646,-0.288482205
b4427,-2.828144114
b2594,0.428206113
b0236,-0.76874272
b3057,0.269882637
b3308,0.784582561
b1825,0.516104476
b2280,0.341278501
b4550,0.27393864
b4022,0.288733119
b3637,0.913582041
b3502,-0.512359414
b2532,0.422630977
b0909,-0.083653319
b2511,0.248795164
b2188,0.228842784
b0529,0.578608486
b3123,-0.326905239
b3807,0.833974478
b0907,0.438928087
b2095,-0.275026168
b2645,-1.253960704
b3375,0.569676866
b3134,-0.854112413
b4266,-0.618213735
b0611,0.431935813
b2976,0.194339479
b3802,-0.238034569
b3731,0.483945761
b2720,-0.632751929
b0729,1.743168405
b1746,-0.519447563
b3452,-1.098403307
b3480,-0.431443768
b4449,1.14635386
b0396,-0.137359718
b3524,-0.47238452
b0119,-0.595847529
b1658,0.824914756
b2377,-0.388105188
b3259,0.613364383
b0306,-0.166520596
b3385,0.208595787
b1960,0.28396624
b0305,-1.049310553
b1907,0.41516872
b3407,0.141837915
b1671,-0.131197319
b1268,0.247326453
b2916,0.660117998
b1063,0.119339547
b2051,-0.639742503
b3297,0.903999512
b3508,0.278774917
b3595,-0.194611485
b1748,0.285899029
b3337,0.236022154
b1067,-0.192140854
b4588,-1.023479287
b1578,-0.52406936
b2751,0.656874125
b3264,-0.240812018
b2886,-0.388711105
b1936,0.011106571
b0683,0.490507204
b2153,1.842066383
b2747,0.36194343
b0095,0.114303794
b1171,0.424912651
b2904,4.53206878
b3764,0.414564593
b2738,-0.843468797
b1660,0.068034233
b0031,1.403746357
b3735,0.770893468
b4420,0.235678616
b4441,0.978918
b2587,0.368437181
b0411,-0.019601801
b1186,0.273530849
b2134,0.463656353
b2323,1.037633031
b2992,-0.140043362
b1981,-0.290585727
b2750,0.868407909
b2546,-0.575017999
b0826,-0.065011449
b1500,1.117393178
b3390,0.595857201
b0610,0.539820859
b4117,-0.619965345
b2249,0.111127933
b0048,0.776060888
b2702,-1.716682133
b3049,0.124148058
b1764,-0.079868374
b1968,-0.778149025
b4624,-0.056234504
b3604,-0.059666238
b3996,0.317699793
b1441,-0.604904032
b3067,0.256482003
b0073,-0.439677913
b4685,0.738387799
b0803,0.397984804
b4138,-0.31887919
b2149,0.023580933
b0870,-0.056241115
b3307,0.855081995
b1650,0.009373127
b0633,0.575821918
b1633,-0.082324374
b4337,-0.044553636
b2544,-0.600764338
b3746,-0.290660172
b2387,-0.832236289
b0808,-0.255146704
b1249,0.217143922
b3231,0.99330109
b2390,0.747597114
b2801,-0.927705241
b1778,0.512696614
b1259,-1.434795206
b4705,-0.408373098
b0911,0.753811917
b1597,-1.215289975
b0960,0.264208639
b2005,-0.693440172
b3813,-0.115148293
b1033,0.078929921
b4414,0.683788849
b0552,0.258244053
b1700,-0.70274137
b0077,0.15551072
b1276,0.19767034
b2003,-0.822313765
b4438,0.188335926
b3345,0.414987086
b0455,0.970714333
b0372,-0.138109607
b3469,0.983235109
b0722,1.572865707
b2374,-0.298702804
b4123,-0.591867929
b1708,0.505032917
b3751,0.033147278
b3929,0.071170712
b4360,0.53196992
b2774,-1.959752141
b3986,0.792296814
b3708,-0.350517845
b4389,0.228891938
b2550,-0.349997409
b2349,-0.015898499
b1806,0.243349445
b3101,-0.585062132
b0366,-0.787178943
b4065,0.243955778
b2755,-0.342817056
b3856,0.028901134
b1599,-0.162719661
b1927,0.116844106
b4466,-0.789181692
b0912,-0.151437698
b1473,-0.074677209
b1331,0.383898647
b0426,0.286651131
b2055,-0.591014488
b0356,-0.017288328
b1307,0.384832492
b1674,0.352427672
b0591,0.516368558
b4533,-1.065575589
b4088,-0.338943891
b1737,-0.550130231
b4639,-0.23694045
b1430,0.013724235
b4683,-2.758681232
b0606,-0.331660227
b0750,0.867683683
b0905,0.734858117
b2955,-0.190339248
b4558,0.399434999
b3809,0.525299342
b1514,-1.280985969
b2292,-0.181625053
b2847,-0.339863799
b4406,0.014392167
b0398,0.058915487
b2762,1.267255967
b2106,0.319365614
b1515,-0.801665807
b4219,-0.29580218
b3874,-0.574596148
b0994,-1.02565388
b2580,0.031225266
b0810,0.922787414
b1003,-0.672271813
b4062,0.367568876
b0825,0.287918181
b1891,0.685158977
b2982,0.378025818
b1548,-0.727279649
b2285,0.11927612
b1221,-0.323480063
b4400,-0.212400782
b3070,0.399737215
b4520,-0.796406839
b0379,0.659600552
b1501,0.147436886
b2333,-0.955987459
b1086,0.802838894
b1722,1.295661461
b3162,0.133995709
b0865,-0.116915224
b0981,-0.248841261
b3054,0.225627317
b2697,0.31890692
b3895,0.189460593
b0898,2.166507814
b2328,0.088411521
b3551,-0.117829822
b1788,0.354340514
b0300,-0.457978004
b1004,-0.60413242
b2043,-0.204054813
b0969,0.246985176
b3500,-0.144317614
b0854,1.257896008
b1373,-0.496716625
b1282,1.369889575
b2264,0.159471133
b3923,-0.518437853
b3957,0.917381485
b4258,0.244878536
b3819,0.176191763
b1982,-0.281073202
b0259,0.274059738
b4488,0.679206595
b4076,-0.665165919
b2812,0.787944091
b3287,0.286266397
b0413,0.285030042
b0071,-0.675214943
b3617,-0.543556616
b4373,0.812163681
b2746,0.26915471
b2261,0.116110297
b2827,0.121751981
b1223,-0.320515546
b2514,0.301763635
b3938,0.465121735
b0363,-0.79899494
b0720,0.937657305
b4299,-1.376351717
b4637,0.563176588
b2382,-0.330031587
b0656,0.486042475
b2388,0.155241583
b0557,0.301159617
b0004,0.499548755
b3272,-1.152232682
b3031,0.084128819
b1819,-0.344507757
b1779,-0.042446789
b2041,0.393609366
b0465,0.077415933
b1969,0.131167918
b4669,0.982072829
b1847,0.867145387
b0650,-0.496211848
b2749,0.561014063
b0111,-0.138028738
b2817,0.866217968
b2911,-0.109349325
b0882,-0.376983831
b3772,0.067161689
b4372,0.888614333
b0599,-0.391359494
b0035,-0.441864978
b0892,-0.013551097
b1275,0.018827866
b3645,-0.239134419
b4235,0.200904409
b2565,0.500916592
b3011,-2.72266969
b1555,-0.767609356
b1234,0.102755694
b0130,-0.007419622
b4096,-0.142002818
b1301,-0.880503374
b3434,0.147619518
b3191,0.193768462
b0752,0.223646487
b1521,-0.831280176
b2555,0.171318308
b0420,0.398697734
b1315,-0.422039575
b1859,-1.655614843
b0115,1.004103209
b1164,-0.2337406
b4112,-0.227364221
b4261,0.496786133
b4069,0.609022268
b0252,-0.054917098
b2548,-0.91851491
b4355,-0.37712303
b3022,0.154529099
b1325,-0.174419006
b0908,0.156336125
b4032,0.638085674
b3922,-0.434252077
b0894,-0.546279834
b2924,-0.067714693
b3945,-0.832160424
b2166,-1.160653731
b4362,0.421185496
b0971,-0.359826312
b3056,0.091112586
b1496,-0.925534647
b1719,0.017465649
b3220,12.56912234
b3988,0.347633099
b3883,-0.419365652
b1027,-0.63417265
b1172,0.255936061
b3546,0.069258091
b3791,-0.004761669
b3800,-0.62826884
b1878,0.077788623
b0989,0.187866378
b0569,-0.620543723
b2599,-0.398999739
b4262,0.067901008
b0053,0.457081925
b0431,1.224352365
b1463,0.581181535
b2124,0.460459707
b1619,-0.61412378
b2821,0.265331499
b0844,-0.139994538
b4085,-0.779442832
b4001,-0.045943171
b0872,-0.043251871
b0382,0.485541966
b3029,-0.081919365
b1890,-0.095493998
b3585,-0.501623837
b0269,-0.373941226
b1777,0.647387053
b2217,0.21402621
b1865,0.294730391
b3352,0.037292268
b2251,0.334001878
b2363,-0.243655044
b3940,0.171959586
b0639,0.216619412
b2009,-0.155309779
b4510,0.205947971
b3889,-1.353366588
b4680,1.92095741
b0072,-0.540158155
b4702,0.9686243
b3040,0.370156155
b2022,-0.091798243
b3209,-0.138731026
b4383,-0.118684973
b3963,0.369028434
b4412,0.030041016
b1402,-0.48405697
b2310,1.112611069
b4015,1.506288618
b1924,-0.133995671
b0706,-0.871092722
b4402,0.146390504
b1163,0.507729015
b1394,-1.01128421
b2392,-0.427614545
b3197,0.213271815
b4303,-0.139462303
b0214,0.528526635
b1596,-0.510967526
b4225,-0.67081961
b0129,-0.930194066
b2867,-0.430672121
b3597,-0.098032031
b1208,0.563298554
b0160,0.1541982
b0506,0.348972
b3567,-0.248893024
b2829,0.167985535
b1304,1.082072971
b2787,-0.508524826
b0757,-0.184287451
b0076,-0.019325237
b1664,0.034461434
b0735,-0.052009471
b0627,0.536990666
b3655,0.073885661
b4203,1.088934229
b0327,-0.993719804
b2568,0.58580733
b4063,-0.32506504
b2308,0.852397811
b4242,0.656618539
b2642,-0.168058197
b1190,0.022733336
b1333,-0.520131173
b1972,-0.385580905
b2079,0.295128522
b3687,-0.340559327
b2763,0.565424528
b3600,-0.058366536
b2523,0.242723691
b1218,0.017023235
b4134,-0.775018069
b3094,0.442962026
b3565,-0.411580131
b3824,1.128135946
b2098,-0.489367968
b4479,-0.18908522
b0164,-0.173469948
b1361,-0.830958121
b4050,1.054290497
b1829,0.462489666
b4244,1.509834838
b0331,0.3332993
b2513,0.24004662
b3102,-0.310133873
b0653,0.225959193
b0658,0.148132143
b1183,0.267486285
b4055,-0.100086682
b0635,0.51208117
b0955,0.038366691
b2530,0.304917464
b0113,0.728666917
b1569,-0.75973791
b0578,0.229536834
b1120,0.06866649
b1356,0.51789751
b1522,0.013627074
b2624,-0.737368606
b2543,-0.219697064
b1740,-0.198350225
b3055,0.662729209
b1077,1.200948005
b4109,-0.208690814
b1137,0.121214493
b4115,-0.617731723
b0183,0.423596422
b1138,0.365970043
b2507,1.074048914
b2571,0.476233257
b4315,-0.014573637
b3739,1.327165584
b2631,0.079956299
b1046,-0.465733993
b2423,0.57046679
b3909,-0.467687978
b2353,-0.154949109
b2172,-0.123710786
b1811,0.18565794
b2975,-0.071927738
b2756,-0.504108092
b0800,-0.227895984
b1450,-0.329472331
b1635,0.163864069
b0799,-0.025524877
b0351,-0.180435246
b4632,-0.365779832
b3700,0.780817198
b3614,0.400646984
b1098,0.361710556
b2170,0.134087776
b3255,0.455990459
b0541,-0.108907676
b2609,0.71464773
b3660,0.220489853
b1280,0.201307181
b4129,-0.306298302
b2101,0.662931845
b2825,-0.38182059
b1556,-0.778689285
b1302,-0.500385482
b1520,0.033561492
b0850,0.677972749
b0692,-0.493159986
b1349,-0.566346207
b3717,-0.025580625
b1197,-0.495618047
b4230,-0.680411482
b4585,0.135661969
b1359,-0.55468011
b2962,0.157224055
b2685,0.802224069
b1329,-0.166551968
b2538,0.366372859
b1007,-1.123410191
b1959,1.248783774
b0710,-0.079846606
b2176,0.213207678
b0471,0.271249759
b2926,0.453152601
b2146,-0.839911426
b3074,-0.586245615
b4011,0.158304597
b0682,-0.266124116
b4598,0.444394403
b1480,-0.331361462
b2678,-0.868437752
b4251,-0.098475711
b0689,-0.110065182
b1448,0.012781408
b1512,-0.992925609
b3250,0.554024514
b0286,-0.591580809
b0921,0.443147834
b4485,-1.091681504
b0631,0.20171756
b1261,-0.152855902
b3740,0.569024946
b2348,-0.933303672
b0428,1.149657596
b0308,-0.199591735
b2298,-0.644057883
b2570,0.457350637
b1595,-0.436892541
b1334,0.443657131
b1773,-0.664512917
b3252,0.155234928
b1991,-0.029692879
b1821,0.167631583
b4366,0.297624104
b0761,0.145773408
b3131,0.469094402
b2461,-1.307392663
b0953,-0.370616306
b0152,0.269374194
b0457,-0.257175432
b1237,0.104034325
b4397,0.386768882
b0742,0.837846134
b0285,-1.172702151
b3060,-0.207568495
b1858,-1.487283784
b2505,-0.475087661
b0084,0.269958156
b3175,1.382808996
b4704,0.499252117
b0777,-0.206154336
b4654,-0.388724005
b0036,-0.262875772
b0514,-0.183713667
b1262,0.086130396
b1780,0.326256979
b1092,0.56344572
b3409,-0.498734284
b0132,0.2935892
b0841,0.536401872
b0556,0.004497982
b4004,0.039512682
b4245,2.071589261
b0253,-0.413956446
b2805,0.139942636
b4205,-0.237167122
b0027,0.149167135
b3025,0.135302162
b1669,-0.705239125
b3492,0.227299428
b4590,-1.833241855
b4445,-0.432059276
b2921,-0.571709971
b4044,-0.051802099
b2837,0.137205434
b0190,0.224050432
b2094,-0.311319071
b3594,-0.057422814
b2909,0.264379656
b3663,0.174731185
b1983,0.2489793
b3632,0.180771489
b4172,0.176899169
b1786,-0.405195601
b0762,0.292211322
b2562,0.879161236
b2989,-0.363599167
b1993,0.387817374
b1447,-0.149060001
b4346,-0.473650639
b4432,-0.082859841
b2196,-0.246103816
b0204,0.494080697
b2089,-0.233636552
b4398,0.306245687
b1580,-0.26116396
b0361,-0.514495034
b0676,-0.114762401
b3212,0.417360272
b1124,0.750850561
b2195,-0.232375774
b2023,-0.050517697
b0273,1.439665449
b2141,0.398011858
b4421,-0.503324449
b3440,-0.113655744
b2832,0.307559538
b1863,0.424100433
b1869,0.103577263
b0387,0.147738365
b2012,0.771826674
b4009,0.790751506
b3005,0.338870156
b1332,0.982148021
b1709,0.064262043
b2619,0.575421887
b3758,0.941435803
b1943,0.284365808
b3161,0.167533561
b1271,0.15612307
b1727,0.6212281
b3085,-0.038702898
b2993,-0.134182148
b3335,-0.214992865
b1414,0.231778187
b4410,0.838526532
b3521,-0.395026132
b4643,-0.464004962
b3260,0.863490785
b3485,0.307320599
b3970,1.06796367
b3854,0.765844526
b1134,0.444192763
b4149,0.198411312
b4218,0.245211587
b0376,0.430011126
b4324,0.217212032
b0973,-0.768587457
b1644,-0.37599107
b3956,0.337162497
b2757,-0.309604578
b1542,-0.472318455
b0110,0.131689485
b1083,0.560949326
b0915,0.431101035
b2572,0.417900259
b4658,-0.017818289
b2281,0.256974864
b3527,0.303166274
b0730,0.299321094
b2719,-0.394860261
b3592,0.694131495
b0775,0.640377906
b3275,0.564899534
b4024,0.749927997
b1607,0.916225614
b4553,0.455548919
b3188,-0.124103865
b1062,1.960204092
b2589,0.599777966
b3638,0.327302838
b0264,-0.05703932
b2608,0.633348436
b3915,0.176884767
b0975,-0.504957886
b1950,0.390054007
b1238,0.655888106
b3619,-0.05609202
b2415,0.428922255
b4264,-0.151208911
b4212,0.452205979
b0425,-0.059064222
b1339,0.30196187
b1032,-0.299889576
b0490,0.197972373
b0082,-0.020409035
b2429,-0.504845021
b0577,0.177717284
b0780,0.173340199
b2715,-0.148100398
b0184,0.586964425
b2896,0.228439518
b0212,-0.215034087
b1498,-1.009622131
b1772,-0.392155693
b1994,0.41849408
b3239,-0.20273082
b3906,-0.882054221
b1689,-1.317026103
b3820,0.548093169
b3399,0.189682887
b4521,0.039503359
b0311,-0.542562806
b1648,-0.088838873
b0244,0.235277125
b2840,0.427856783
b1711,0.416331283
b4166,0.464189592
b2364,-0.482901728
b1745,-0.561318505
b1879,0.335939733
b2140,0.682664275
b2302,0.475822762
b4302,-0.472458622
b3458,-0.883079648
b2615,0.366898997
b3093,-0.623547137
b1292,-0.078917467
b4464,-0.474167747
b1094,0.34352717
b1000,-0.273264817
b1513,-1.583730425
b1963,0.157046784
b4321,-0.568870861
b2462,-1.238605704
b1589,-0.753989651
b0976,-1.015488728
b3676,-0.067929061
b2111,-0.731779904
b2614,0.065201562
b4655,-0.31635293
b2502,-0.292284086
b2901,-0.184608006
b3494,-0.499703521
b4513,-0.112993925
b0843,-0.175391622
b1475,-0.513562404
b4676,0.371261683
b2380,-0.135345398
b3344,0.263717268
b1546,-0.646865209
b2843,-0.066248609
b0723,1.767419157
b3071,-0.345497007
b4282,-0.357840138
b3213,0.201617997
b1199,-0.182940767
b1731,0.609617219
b1159,0.023204186
b0051,0.352325399
b3354,0.330943844
b1300,-0.49873365
b1688,-0.050544987
b1630,0.893377269
b3715,0.312042063
b3306,0.856056211
b4156,-0.617739365
b0349,0.154335168
b1191,-0.123282369
b1494,-0.371796328
b0665,0.926618895
b3412,0.522889822
b4599,-0.277880111
b1379,0.931243027
b2638,0.082058517
b3184,0.61693213
b1877,0.262153732
b1602,0.183214492
b1508,-0.267691388
b1921,0.512783054
b0239,-0.043000718
b4606,-0.608719232
b4119,-0.867263798
b4176,0.191357243
b1141,-0.33444824
b1803,-0.333045106
b4544,-0.195219851
b1914,0.583131742
b4263,-0.119123783
b0906,-0.219455607
b4554,-0.300850489
b2282,0.15387682
b1947,0.181817377
b2164,-0.407519828
b4061,-0.320440737
b4179,-0.22701929
b0146,-0.217243891
b0177,0.218863317
b1912,0.371569095
b1155,-0.633325287
b3977,1.703660762
b2598,-0.023685063
b3755,-0.189183311
b4133,-0.548254471
b2826,-0.431331945
b0593,1.143437676
b1717,0.509347722
b4002,-0.34113051
b4114,-0.541251455
b1598,-0.549785733
b2471,-0.245566573
b3930,0.798393746
b0537,0.110755512
b0019,0.30516596
b0944,0.2177506
b3289,-0.173058314
b1140,-0.292646497
b2123,-0.131505837
b3868,0.806466986
b1915,1.017553644
b2681,0.163140179
b2510,0.027049593
b2021,-0.281141852
b3152,0.229406543
b3177,0.174272005
b3670,-0.041083113
b2497,3.189496711
b0813,-0.028295521
b0098,0.07297881
b3397,1.416154539
b0085,0.185969108
b4384,-0.01870001
b3242,-0.004608861
b3396,0.858693793
b4170,0.054920816
b2944,-0.053805861
b1922,1.42128417
b0473,-0.310133948
b3775,0.308437601
b3848,0.038489255
b1676,0.121861739
b2350,0.602956803
b2561,1.054830079
b2575,0.489135917
b2991,-0.282576149
b0542,0.507554729
b4369,-0.082156437
b0685,0.756518741
b3787,0.356894384
b1340,0.480898917
b2389,-0.227858539
b3129,-0.166174413
b0598,0.159234183
b1217,-0.361187465
b2775,-1.281760151
b0852,0.363042744
b0687,0.283526359
b1195,-0.387258069
b3911,-0.116499787
b1438,0.016510282
b1705,0.390756234
b3118,-1.108351469
b4458,1.514036698
b2524,0.427228428
b3350,-0.179937459
b0712,-0.485429474
b1066,0.047916291
b3566,-1.569688152
b2253,0.448168608
b2102,-0.009713045
b4386,-0.011675555
b2894,0.404712817
b2215,0.194971045
b0589,0.050788667
b0249,-0.070459665
b2739,-0.615225224
b2925,-0.012435793
b4269,-0.123442011
b3348,0.693319703
b3355,0.008382774
b3844,0.215587551
b3994,-0.289600554
b3202,0.118753815
b1194,0.281154818
b3677,0.344363288
b2252,0.694009139
b3470,0.554676628
b1827,0.350446992
b2745,0.262635567
b3238,0.519606539
b0375,-0.91381321
b1552,-0.000965825
b3475,0.385261774
b2258,-0.230192867
b1358,-0.581510723
b2417,-0.04530771
b4141,0.307650964
b1565,-0.104197511
b0554,-0.883767588
b1571,-0.422559192
b2075,-0.095960492
b4252,-0.467543641
b2706,-0.597812919
b1362,-0.335272653
b2875,-1.390177073
b2907,-0.178316807
b1167,-1.055187704
b4237,-0.382276073
b1322,-0.192175223
b0504,-1.22919454
b2519,-0.141420893
b3280,0.04919409
b0055,0.261395306
b3894,0.515520797
b3292,0.129366758
b1088,0.650071287
b3711,0.444083037
b0851,0.45302292
b2413,0.257940058
b4447,0.152388731
b1491,0.061946192
b1713,0.281836603
b2305,-0.231562016
b2370,-0.204917797
b1452,0.537280141
b1469,-0.890300867
b3230,0.839965916
b4577,-0.275691778
b3830,0.473595904
b0644,-0.619367564
b1113,0.494722016
b0999,-0.403688749
b0938,-0.49489536
b1651,-0.038243268
b2744,0.32784587
b1524,0.602517363
b1843,0.393130858
b2593,0.105866849
b1557,0.214791073
b1756,0.252311014
b1697,-0.443449387
b0564,-0.225017369
b0630,0.63761788
b1451,0.018165709
b1583,0.258098467
b2432,0.585916713
b4517,0.215304045
b3293,0.206152257
b1180,-0.280836219
b4575,-0.060183987
b4165,1.049398009
b2369,0.278216502
b0957,0.006548882
b0867,-0.216780082
b3810,0.327563237
b2741,0.159852579
b0527,0.281880806
b4194,-0.458154155
b3936,0.699871477
b1090,0.637257613
b2235,0.184218166
b3033,-0.366671519
b1054,0.122177037
b1793,0.10298875
b0228,-0.592401869
b3312,0.879661296
b2184,-0.148184227
b2782,0.10682998
b3862,0.008969393
b1064,-0.559992071
b1904,0.489177077
b3321,1.072594212
b0600,-0.413902394
b4376,0.062072697
b0032,3.025906346
b2573,0.606530104
b3568,-0.573943034
b2473,0.042086756
b1990,0.088224744
b3838,0.135595985
b1049,0.376299444
b1631,0.379915295
b3313,0.912271969
b1519,-0.118877738
b0274,-0.041543647
b2194,-0.220017447
b2127,0.254995466
b0502,-0.057273446
b2716,-0.068277093
b4090,-0.249534457
b0664,0.700474859
b2158,0.397297186
b2525,0.356002242
b1808,0.270788601
b3753,-0.118620156
b4248,-0.223019888
b1421,-0.012429528
b1986,0.354679359
b2006,-0.201893276
b3058,0.286286114
b2416,0.050642746
b1853,-0.109116844
b0721,1.042176099
b3857,0.355291362
b0299,-0.155562347
b0023,1.122454097
b0002,0.860248327
b1314,-0.844918196
b3065,1.329947594
b3538,-0.204734593
b0704,0.10991522
b3153,-0.05698264
b3712,-0.249236766
b0458,0.865319985
b1655,0.581146161
b4587,0.193624056
b3689,-0.135055149
b2272,-0.590748532
b1189,0.115501921
b2705,-0.687917276
b0806,-0.485381582
b4035,0.832157906
b1792,-0.427065402
b1374,-0.039896411
b1763,-0.144084788
b1887,-0.164251556
b0804,0.940664459
b2579,-0.359844304
b3471,-0.151886732
b4121,0.664289088
b2175,1.069208094
b4301,-0.773302986
b4592,-0.169314172
b4436,0.113847855
b3174,1.131485231
b2779,-0.114866741
b1347,-1.288069799
b3835,0.193684948
b0219,0.112670215
b2254,-1.037055098
b3610,0.162308226
b2091,-0.645176097
b1573,-0.391300203
b2173,0.623915978
b0030,-0.276010485
b1925,-0.07774265
b2736,-0.709280546
b1289,-0.358357417
b2182,-0.036446158
b1834,-0.12104198
b1345,0.283143253
b1618,-0.230847973
b3866,0.392609729
b1564,-0.407926024
b4211,-0.260147671
b2303,0.416354685
b0330,-1.421407315
b2531,0.92690083
b3761,-0.189276426
b0758,-0.263673047
b3845,-0.129735164
b0724,1.715719873
b0959,-0.060104933
b1220,-0.140487091
b3314,0.885178442
b3387,0.281298962
b2185,0.696088137
b1305,0.663159294
b1582,0.54662585
b2424,0.173096987
b2793,0.838027175
b1977,-1.153350539
b0258,-0.183363442
b3358,0.137205356
b1813,0.130104909
b3457,-0.832562007
b3294,0.802794211
b4209,-0.692284457
b3486,-0.474714933
b1213,0.693484058
b1294,-0.088589618
b1298,0.445399105
b3630,0.109635256
b1258,-0.731427897
b3154,0.363995501
b0070,0.358668665
b2752,0.24330539
b0328,-1.276873035
b3671,-0.280279146
b3887,0.306145224
b2880,-0.417744531
b2013,0.423063169
b4413,-0.656614218
b3320,0.956624943
b1303,-0.089037374
b2868,-0.622123854
b4195,-0.299883563
b3319,0.885568852
b2895,0.332209451
b1957,0.314434876
b2409,-0.041625891
b0505,-0.16206871
b0849,-0.241723417
b4679,-0.724659115
b0991,0.231509138
b0018,-2.099792811
b1065,0.897421437
b1833,0.226710813
b4189,-0.977725173
b1118,0.237256803
b2662,-0.298708404
b4310,-0.872418637
b4067,0.129927307
b3468,0.381584825
b0268,-0.372845531
b0715,-0.44614736
b3831,-0.596670028
b3083,0.064538857
b1433,0.784473762
b3333,0.047998665
b3704,1.233611296
b0103,0.790815594
b4444,-0.336218094
b3459,-0.012588095
b2676,-0.933944829
b3110,-0.497023123
b4305,-0.800205856
b3806,-0.052702383
b1270,0.033028247
b2436,-0.046411864
b1060,-0.460050488
b1970,-0.129281155
b1089,0.513681825
b3225,-0.723218862
b0773,0.356089413
b4424,-0.032476986
b2063,-0.254891444
b2811,0.133831415
b4254,1.85671549
b3311,0.92326464
b4708,-0.262445231
b1084,-0.066226382
b1442,-0.245432791
b1551,-0.080801945
b1253,0.943602645
b3432,-0.012455845
b1231,1.640581592
b4057,-0.11522085
b3968,0.569118479
b3090,-0.163654403
b0451,1.519337802
b2239,-0.17685434
b3133,-0.31192689
b0114,0.894031903
b1327,-0.22107969
b1940,1.099250514
b2830,0.331791183
b2923,0.557372393
b2558,0.3542767
b3317,0.901294583
b1071,0.527530918
b0968,-0.062395399
b0182,0.425165032
b0461,0.175805036
b4396,-0.077486641
b4451,0.900320215
b4393,0.227617241
b3804,0.051048282
b2244,0.108203939
b1278,0.249861632
b0324,-0.054541805
b4089,-0.361323496
b3601,-0.266096419
b3766,1.230719996
b0805,1.823536648
b4609,0.370240698
b4239,-0.781617383
b2242,-2.422346996
b1130,-0.036649702
b1287,-0.182205376
b2165,-1.048800301
b1841,0.49026167
b4256,0.754840333
b3661,-0.145733569
b4440,0.352092536
b3550,-0.283310154
b3851,0.577895139
b2616,0.274349701
b4025,-0.010727626
b4595,0.291098288
b0150,0.088696587
b0265,-0.190779761
b4532,0.250230293
b1632,0.372101119
b2683,0.477842067
b3561,-0.327956374
b1426,-0.705905636
b1732,-0.132554771
b1434,0.330871521
b1614,-0.216800572
b2520,-0.236941428
b3402,-0.080809659
b0021,0.204369347
b2591,0.806850494
b0167,0.014211164
b3278,0.70737974
b4578,-0.940393147
b2748,0.846359522
b3299,0.554406733
b2792,0.425797234
b3552,0.95638258
b1610,0.013903158
b2764,0.042833249
b1024,-0.589512473
b0037,-0.410831785
b0215,0.548068846
b2024,0.003565679
b0422,0.461297723
b4505,0.12372529
b0890,0.030052118
b4525,-0.409043707
b3383,0.14080475
b4306,-0.402624677
b3842,0.614171058
b0005,0.989382739
b0924,0.061651543
b3516,0.288033191
b1758,0.208927167
b1265,-0.591894341
b2019,-0.090789644
b2802,-0.475507759
b1550,0.804929086
b3598,0.132486677
b1112,-0.248800019
b1037,-0.326577776
b1901,-1.174715352
b3863,-0.191074289
b0450,2.758290249
b0583,0.938587465
b0751,0.452232342
b0866,-0.137357927
b2148,0.579588846
b4280,-0.418022669
b4053,0.205207011
b2032,0.478877264
b2074,0.450031148
b1382,-0.097810575
b0157,0.666024372
b2831,0.233919842
b3728,0.701570493
b1079,1.125879678
b1798,-0.096694867
b0380,-0.108190489
b0494,0.267502524
b2036,0.300247775
b3756,0.695393186
b1620,-0.521345252
b2035,0.431734791
b4322,-0.205374907
b0764,0.126328234
b2317,0.570504216
b3757,2.146665269
b0498,-0.586986905
b2815,1.509442925
b4370,-0.031496698
b1040,0.172721097
b2192,0.264121016
b2419,0.438185396
b4145,-0.156385098
b0201,0.533143447
b0695,-0.294666504
b4698,0.014802788
b1018,0.924235725
b0640,0.606589805
b1783,0.33066701
b2542,-0.346078292
b3754,-0.26162466
b3012,-1.571726498
b0014,-0.295501606
b0965,-0.242308997
b3165,0.866405454
b4364,-0.04258372
b1605,-0.078479403
b2927,0.356666152
b4557,1.193370515
b1341,-0.119815968
b1628,0.495260738
b2768,-0.462013097
b3928,0.059394162
b2128,-0.05698583
b1198,-0.273974344
b1718,0.364409494
b2607,0.597964677
b1781,-0.08557086
b3316,0.925472464
b4589,-0.671387121
b0932,-0.133427012
b3398,0.379283375
b3959,1.799167814
b2314,0.192077993
b0368,-0.147509666
b2142,0.284979669
b1636,0.415747757
b0624,0.264966243
b0774,0.52470255
b1216,0.35322646
b1755,-0.157338948
b1174,-0.250361435
b0713,-0.366475188
b2853,-0.639779734
b2441,0.446541373
b4493,-0.265163224
b3465,0.255264441
b3608,0.232689612
b2379,0.469775983
b3627,-0.138763529
b3445,0.144938985
b4515,-0.289164537
b4007,0.893528505
b4187,-0.024576681
b0213,0.41700829
b3318,0.891599758
b2841,-0.137241083
b1822,0.571836736
b4641,0.711753797
b4040,0.384831568
b0020,0.418132658
b1370,0.018790527
b2714,1.1831358
b3917,-0.420632841
b2104,0.041552088
b1532,0.127460459
b3045,-0.590243312
b0313,0.062704219
b3921,0.198670029
b0462,-0.059018691
b1511,-0.754983385
b3421,-0.189498604
b3439,-0.264742229
b1685,-0.620064343
b3130,-0.309064213
b3616,-0.512547344
b2592,-0.431582223
b2967,0.21791529
b3774,-1.566947414
b0412,1.258086326
b2053,0.062290567
b2295,0.136815498
b0638,0.140222154
b3987,0.415301501
b2086,0.148397239
b4483,0.032624827
b0779,-0.223182233
b3674,-0.582077292
b1812,0.196643656
b3415,0.274394549
b3798,1.563851161
b2236,0.282916338
b4418,0.457699215
b3224,-0.730127546
b3993,-0.437273086
b4046,0.29176362
b4072,-0.732661854
b0298,0.155457309
b4697,-0.348345292
b4267,-0.835676495
b3495,-0.357409776
b1044,0.131905796
b1661,-0.314479668
b1021,-0.499072401
b0668,1.220470229
b1608,0.316060415
b1653,-0.400447537
b3009,0.291753612
b1398,-0.258464656
b0858,0.503793015
b2219,-1.137148403
b1734,-0.146609328
b1531,0.341476463
b1725,-0.820587877
b4116,-0.513763785
b0010,0.133603364
b0390,0.396387307
b1465,-0.469553314
b1609,-0.345024631
b2559,0.698089708
b4016,1.192235649
b2869,-0.863894313
b2665,-0.584338039
b1053,-0.622213694
b0003,0.516685571
b0445,-1.180750141
b0821,-0.086743256
b0966,-0.265018872
b3305,0.815107909
b1326,0.112744891
b0641,0.379734284
b2327,0.149292761
b4188,-1.057888007
b0050,0.23264661
b0739,0.466535261
b0065,0.234873057
b2628,-0.317645945
b4443,2.748331501
b0587,-0.010630759
b3103,0.290120773
b4547,-0.414822966
b1946,1.237158771
b3222,-0.542158138
b2007,-0.158690075
b4611,0.002274606
b0078,0.005408531
b2903,4.386578609
b2020,-0.289515322
b2605,0.18349591
b4164,1.3679347
b0173,0.129079331
b1177,-0.252501342
b2449,-0.456876965
b0389,0.287149207
b0859,1.153533655
b2040,0.373580663
b4259,0.054302792
b0778,0.285811733
b0845,0.182214782
b2433,0.272816309
b2667,-0.016639439
b2103,-0.110107538
b3777,0.186094048
b0466,0.258377166
b1011,-1.033170143
b3536,0.024039867
b0256,-0.057116817
b0916,0.490185051
b2979,0.039490172
b0001,1.026406615
b3760,-0.003795053
b0038,-0.496343782
b4348,0.252058197
b0209,0.19880183
b4319,-0.768751102
b4512,-0.845870426
b1600,0.188922028
b4353,0.20190527
b1518,-0.968432036
b4613,-0.1633527
b3204,-0.089190433
b0399,-0.03526268
b2578,-0.025709689
b4566,0.007908264
b3698,0.846157697
b3727,-0.142114173
b4527,-0.256402565
b2621,-0.156461307
b1716,0.395740772
b1839,0.137797035
b2804,0.165932279
b4326,0.339116379
b2584,-0.211861385
b2622,0.050565797
b4214,-0.172381796
b0015,0.18619865
b4573,-0.321901075
b0338,-0.175937496
b0818,0.610483389
b0198,0.195682954
b0207,0.283721224
b4627,-0.211385015
b1562,-0.311344463
b4249,0.020864799
b1091,0.883412514
b4159,0.011712862
b1997,-0.440364619
b0659,-0.06902126
b1919,-0.078386016
b2659,-1.159263626
b2501,-0.156521823
b0904,-0.096450282
b2071,-0.483593278
b2601,1.093765494
b3105,0.546227605
b2666,-0.341682643
b3557,0.17322759
b3107,-0.310862535
b4318,-0.573449224
b3790,0.142369204
b3885,-0.051284039
b0812,-0.648313282
b3382,-0.272847258
b3155,-0.24807864
b2238,-0.650423309
b4278,-0.070057253
b0962,-0.07567301
b3620,-0.196741117
b0487,0.040547362
b0694,-0.247314164
b1201,-0.181989262
b2476,1.590126307
b1525,0.010302257
b3069,-0.276143058
b2177,0.048936377
b3976,1.68357769
b0086,-0.05285777
b3602,0.324260279
b0430,1.105709432
b0786,-0.348427794
b0126,0.423221371
b4618,-0.289880971
b3021,0.310557097
b3427,0.099979556
b3799,1.451515006
b2682,0.549146511
b3466,-0.008454627
b3669,0.434243415
b2189,-0.618400751
b0163,-0.158059542
b0429,1.060827183
b4342,-0.177802727
b3635,0.462058252
b2259,-0.188211928
b3233,0.142492037
b0075,1.009734938
b3990,-0.50506627
b0440,-0.088788472
b2535,-0.476457681
b0480,-0.23488037
b1750,-0.114776392
b4504,-0.820860742
b2174,0.547768209
b1250,-0.212300677
b2508,1.613711812
b3448,-0.297131194
b0176,0.595677999
b2686,0.708777615
b2824,0.133308485
b4139,-0.779912412
b3623,-0.140135586
b1536,-0.448452417
b1129,-0.207388778
b3095,0.120193435
b3991,-0.489937807
b2011,-0.020816579
b4645,0.371428216
b2135,-0.173933981
b4408,-0.203729193
b3183,0.657482833
b1675,-0.180012961
b3008,-0.208428786
b2717,0.199830695
b0404,0.223936466
b1202,-0.670927994
b1984,-0.821257459
b4417,-0.484186466
b0753,-0.3636164
b2080,-0.463649015
b0448,0.115415547
b0861,0.595807375
b3408,-0.186988719
b2126,-0.08629581
b4529,0.453658894
b1545,0.057122926
b2468,-0.364652504
b3053,-0.192286161
b0325,-0.429584345
b4538,-0.420379517
b1941,0.693731332
b0711,-0.338088533
b1002,-0.682604688
b2877,-0.979210765
b3403,-0.53834607
b0964,-0.0113345
b0708,-0.21287243
b0836,-0.721399264
b1917,0.056528604
b3249,0.876507388
b0453,0.088940269
b2600,0.942098074
b4411,0.108193362
b4382,-0.624680127
b1290,-0.057378581
b1248,-0.153632732
b1123,0.494840202
b3361,-0.266497706
b2163,-0.526644826
b3716,0.433904361
b0871,-0.205890396
b2786,-0.182144146
b3117,-2.508367238
b3518,-0.53425163
b1461,-0.05556259
b2347,-0.107519155
b0736,1.294405183
b3505,0.191492188
b0897,-0.231944086
b0391,-0.552327835
b0596,0.683908463
b2661,-0.378087361
b2210,0.893816878
b2860,-0.3896486
b3444,-0.143777756
b3797,1.470117193
b4425,1.366872877
b0652,0.214137704
b1380,-0.462167312
b2743,0.264923129
b2735,0.114322201
b4255,-0.160561138
b0829,-0.012760716
b1273,-0.172334816
b0901,0.493581112
b2025,-0.074852219
b4387,0.451011378
b0875,0.154103115
b2250,0.676575834
b2814,1.389391688
b1266,0.077040343
b2378,0.315231506
b3113,-0.395511031
b2672,-0.499134974
b0796,-0.113317209
b4673,-0.860721084
b1299,0.572941435
b2844,-0.18291076
b3043,-1.180723236
b3515,-0.659350347
b3414,0.529979022
b2030,0.338084651
b2790,-0.327562553
b2528,0.012439701
b4006,1.789388093
b0419,-0.485454263
b0604,0.052634441
b4542,0.277528002
b1625,0.332357103
b2052,0.001983884
b0793,-0.670977485
b1770,-0.296890377
b4073,-0.784038728
b2404,1.632488279
b2450,-0.23418217
b1257,0.201661274
b4545,0.001575936
b3788,0.224707071
b0978,0.163001604
b2425,0.122183214
b1849,2.15197059
b1739,-0.351077235
b2669,1.122001767
b3116,-1.080569866
b0476,-0.607131737
b0496,-0.298280558
b3497,0.062612397
b0009,0.050203043
b0678,-0.288436284
b2267,0.01959186
b0052,0.557868772
b1114,-0.008033895
b0566,-0.060498008
b1036,-0.599282967
b3205,-0.296372923
b4163,1.225549156
b0848,-0.036017708
b3855,-1.202170806
b0974,-0.406274724
b0315,-0.269902396
b0828,0.108849381
b1743,0.267918913
b2401,1.48694307
b3206,-0.435579808
b0605,-0.209134687
b2819,0.349160855
b4290,0.134675844
b1896,-0.354062029
b3748,-0.24549921
b2777,0.30584654
b1996,-0.402893342
b0516,-0.538820461
b0056,-0.239009167
b1462,-0.648490799
b3884,0.03822374
b3742,0.87723609
b2068,0.077909539
b1729,0.178296091
b2691,1.880901426
b2105,0.095222226
b2331,0.149168435
b1082,0.54870103
b2440,-0.558638524
b3693,-0.778180296
b3924,0.075433345
b2597,-0.628581108
b3315,0.996078825
b1926,-0.166275158
b2178,-0.128452718
b2521,-0.419245239
b3817,-0.107557607
b4273,-0.517834518
b0092,0.01403872
b1449,-0.126843521
b3168,0.535487232
b4071,-0.929232476
b3304,0.847307624
b0443,0.686334368
b4178,0.571135168
b4625,0.067124404
b1051,0.202908782
b4474,-0.584308348
b0485,0.797589618
b0622,0.290604691
b1507,-0.295744147
b4456,0.24343239
b1639,0.503248679
b0956,0.128363109
b0352,-0.388530452
b3430,-0.042301376
b0855,1.108847075
b0489,-0.323507944
b3362,-0.159723785
b2366,-0.230155114
b4437,0.130638015
b0409,0.523518314
b4271,-0.251675732
b4518,-0.521496028
b3522,-0.334447312
b1144,-0.112094105
b4536,0.627654807
b4135,-0.092071711
b1988,1.352861883
b0275,-0.045945532
b1293,-0.008613917
b0123,-0.639948668
b1131,1.209927616
b0153,0.254209916
b2742,0.813087006
b3688,-0.319062093
b0060,-0.139147734
b4381,-0.777693754
b0459,0.397947318
b4241,0.615123818
b1902,-0.8312728
b4403,0.281620037
b4561,-0.404102045
b3455,-0.813808058
b2160,-0.221593807
b0795,-0.330894853
b4210,0.238502638
b3796,1.676255082
b4596,0.297542009
b1881,-0.267515493
b2475,0.4550039
b3290,0.114028412
b2018,0.217678437
b2290,0.306081644
b0992,-0.230454724
b4240,-0.414154286
b4472,-0.059678278
b3629,-0.132729472
b0304,-0.661792007
b0814,-0.056224904
b1252,0.315819215
b2674,-0.735887953
b2154,-0.164618381
b4118,-0.790070492
b1399,0.005349295
b2218,0.061259989
b3995,0.37133839
b1055,1.054879944
b3277,1.645999912
b1549,-0.469600988
b3276,1.156126999
b2216,0.155313296
b2015,-0.262177103
b0903,-0.813099243
b3474,0.107038462
b1110,1.320566419
b1483,-0.300936513
b2169,0.014208126
b4528,0.2859853
b0495,0.24212645
b1096,0.528540141
b1523,0.73126434
b2179,0.043995937
b4582,-0.470771613
b2668,-0.34476249
b3696,-0.063429702
b4498,-0.569248575
b1842,0.778465229
b4569,0.339387477
b2692,2.101882161
b3828,-1.119538448
b3268,0.514929152
b0702,-0.137350093
b2125,0.116478455
b4686,0.741485907
b4511,-0.028016887
b1162,0.126528135
b3429,-0.125297372
b1492,-0.237335003
b1820,0.133463909
b3010,-1.119096574
b0900,0.056972966
b1836,-0.021721263
b2088,0.152728914
b0988,0.845535969
b2150,-0.059936332
b3425,1.254245863
b4140,0.133097898
b3456,-0.933420556
b1047,0.382544075
b0373,0.094344015
b4070,-0.545735649
b0830,0.45472978
b1328,-0.129937467
b1594,0.149206953
b2187,0.798317968
b2627,-0.435311537
b3258,0.161798416
b0597,0.81091943
b2037,0.300751969
b4428,-0.650678298
b0846,0.1141664
b1590,-0.390830422
b3487,0.06870726
b1566,-0.280262176
b4429,-0.348528038
b4454,-0.256521037
b0394,-0.093660148
b0579,-0.043199943
b2144,0.558201396
b4092,0.174009285
b4268,-0.663254952
b3992,-0.50895714
b0033,2.877579769
b0832,0.79190513
b2606,0.430244653
b2929,0.227117381
b3892,0.335720366
b1431,-0.180734577
b1611,0.196453394
b2660,-0.44911231
b0958,0.100867286
b4672,-0.005875356
b1666,0.497267557
b3707,-0.4078288
b3291,-0.170107051
b3570,0.529261184
b1493,-0.217705959
b1975,-0.897041731
b2556,0.22907208
b4127,-0.197507963
b3267,0.48074692
b0570,-0.215526546
b0162,0.061867866
b4597,-0.130294326
b4125,0.060231854
b0536,0.294060217
b2527,0.391877251
b4168,0.616084348
b0337,2.303280319
b3662,-0.649069836
b3032,-0.367924539
b2414,0.357896112
b0066,0.528380937
b2181,0.206764064
b4455,0.559694857
b0288,-0.002537472
b0917,0.675461637
b0093,0.224085825
b0293,-0.275567493
b0886,0.105554355
b0543,-0.048800348
b2245,-0.004199144
b4480,-0.419357222
b1814,0.132633674
b1768,-0.094042731
b2732,-0.872216012
b1260,-0.191784571
b2963,0.061660191
b0067,0.08959281
b3125,-0.39940896
b4670,-0.407210751
b4003,-0.250806019
b0233,-0.266896622
b3703,0.987247832
b1070,0.352211278
b2307,0.948820659
b0464,0.616267266
b0248,0.020013666
b3886,-0.376632699
b0857,1.06050023
b0885,0.339651113
b1726,-0.033925416
b2000,1.54938576
b3453,-0.748645937
b1649,0.349135018
b2928,0.097232151
b0798,-0.731206082
b3073,-0.305062263
b3044,-0.219625762
b2673,-0.565082797
b3556,0.519142973
b2670,-0.069164633
b1102,0.021095129
b2214,-0.044872952
b2403,1.479599312
b1139,0.330591752
b1279,0.226559311
b1342,-0.099009645
b3622,0.058719015
b0831,0.610411123
b2766,-0.602016796
b1855,0.174396991
b1724,-0.53160247
b3668,0.483717122
b1297,-0.00497207
b0124,0.105663272
b1321,-0.21392275
b2256,-0.148286328
b3351,0.588503105
b1219,-0.407690083
b4217,-0.148607763
b1481,0.595278826
b4056,-0.045924059
b2969,0.278838554
b0582,0.035749458
b3939,0.622148912
b1291,-0.090288133
b4008,1.83072073
b0208,-0.159081511
b2260,0.234562837
b4060,0.371070931
b0094,0.382218474
b4030,1.156695443
b2038,0.215747601
b4020,0.357279367
b0972,-0.294269234
b3356,0.210523965
b1397,-0.325364869
b0670,1.505361311
b4385,0.588006829
b1585,0.205671623
b2664,-0.195201841
b1427,0.215443953
b4535,0.605400938
b1918,-0.172247765
b3462,0.023342457
b4647,-0.44929632
b0869,-0.195629397
b0171,0.963042494
b2816,1.24084248
b3006,0.451039816
b4354,-1.077580419
b0555,-0.359772917
b4439,0.017744107
b2713,-0.487663181
b1945,0.785857166
b1243,-1.519325576
b2342,-0.704268024
b3171,0.828894762
b2112,-0.328307301
b0522,1.66115388
b4667,-0.647558958
b2899,0.026235701
b2958,0.614295906
b1987,0.316475119
b2143,-0.228870562
b4450,-0.242006658
b4431,0.072970387
b0148,0.047742104
b0158,0.06549507
b2618,0.678487968
b3714,1.396688951
b3163,0.424414932
b3428,-0.201832708
b4191,0.387905973
b1541,-0.247325363
b1805,-0.375518207
b0191,0.01785836
b4487,1.07193799
b2586,0.10633891
b0558,-0.61673682
b3654,1.512331733
b1013,0.326258305
b1179,0.396965778
b3852,1.750254804
b0155,-0.104860075
b1135,0.821282501
b0876,-0.635101641
b0884,1.039622722
b0925,-0.152169587
b2496,1.191878085
b0446,0.382382757
b1533,0.785798885
b2990,-0.299628483
b2136,0.430649131
b2442,-0.22227288
b2722,-1.032154458
b4407,-0.557061885
b0468,0.456271585
b0090,0.03706793
b2866,-0.645020848
b4281,0.108594867
b1429,0.07339828
b1488,0.484963868
b0307,-0.271738463
b2085,0.753295359
b0755,-0.256069935
b0899,-0.27125431
b4593,0.067589798
b1586,-0.539086515
b2560,0.198041794
b3607,0.57729188
b3467,0.274448811
b0069,-0.244058051
b3247,0.431039965
b4422,-0.285981926
b1626,0.551767964
b2536,0.145360534
b3343,0.365629721
b1696,-0.294886342
b3872,-0.069241135
b0594,0.852649038
b3517,0.005980986
b0024,0.059521616
b1396,-0.259569107
b2466,0.836035414
b4292,0.15876492
b2499,1.77520334
b3954,0.695197666
b0672,1.325645723
b1020,0.519897351
b1932,0.89672932
b4227,-1.081832285
b2833,0.442063536
b3364,0.022503279
b2500,1.246119698
b2803,0.041118787
b3302,0.79464738
b2864,0.472508778
b1553,-0.240820881
b3059,0.109849177
b4470,-0.406169812
b2318,0.464955793
b4093,0.557238999
b3501,0.305232252
b0744,1.936280605
b4638,0.218114406
b1445,1.033701095
b1601,-0.126823532
b4064,1.96438963
b0581,-0.275589138
b0707,-0.089500066
b0880,-0.638680321
b1591,0.140683645
b4664,-2.165403496
b0245,-0.127448992
b2130,-0.349762321
b2326,0.343898446
b2582,0.628612609
b0200,0.189161334
b1528,0.124898215
b2809,0.222451644
b3651,0.132894369
b0995,-0.13262546
b1474,0.016898507
b3014,0.223027249
b2399,-0.054755251
b0281,-0.165897534
b0584,1.065882661
b0743,2.202468965
b4351,0.339980525
b3829,1.090834417
b0016,-0.008405714
b1668,-0.361732641
b1910,1.570991346
b3460,-1.009057179
b1992,0.521586917
b0856,1.347115006
b1592,0.16333709
b1956,0.099376064
b2099,-0.255551422
b4320,-0.367632342
b0187,0.217731461
b1795,-0.596347497
b2696,0.041100557
b1444,-0.118362147
b0081,0.317594692
b0272,1.613816839
b2545,-0.486569858
b3406,0.4165933
b0186,-0.121728947
b1042,-0.505032766
b0329,-0.856883769
b0427,0.377710609
b0749,1.967348464
b1627,0.83052404
b2220,-1.05214621
b2781,0.062949216
b4568,-0.526987964
b4013,-0.383222266
b0266,0.229246333
b3839,0.494163636
b1119,0.041696903
b2822,0.027648059
b2861,-0.320586688
b3555,-0.424338485
b2155,1.172924812
b4430,-0.458538231
b4690,-0.413553359
b4712,0.017600922
b4516,0.051396241
b4357,-1.080119431
b1659,0.096692271
b0586,-0.080931697
b1145,0.172785919
b0216,0.911824865
b2865,0.391847878
b1244,-0.808208073
b3203,-0.259965497
b2539,-0.310926764
b3179,0.102036863
b3261,0.597713445
b0280,0.116113185
b0559,-0.355755353
b4687,-0.131825577
b1563,-0.426289568
b3243,-0.19723587
b0047,-0.182818808
b1206,-0.2958504
b2311,1.201048089
b3893,0.207123187
b3946,-0.61075458
b4298,-0.475581771
b1085,0.225221096
b3890,0.169939203
b1678,-0.521119836
b2617,0.48549078
b1920,0.512433993
b0418,0.137923082
b2912,-0.082749318
b0250,-0.175879368
b0442,-0.298536569
b4457,-0.224233016
b4323,-0.203761536
b2067,-0.08245476
b3300,0.743440375
b0142,0.090170607
b1478,-0.240206462
b1840,0.236908342
b3106,-0.02614705
b4551,-0.248439614
b3621,0.160274637
b2405,0.303537347
b0384,-0.02684549
b1482,-0.835735837
b3967,0.003687556
b1025,-0.378788609
b1976,-0.891586515
b1019,0.753526002
b3793,0.413322673
b1640,-0.057419447
b2504,-0.107472333
b4537,0.58720536
b2213,-0.211002171
b2604,0.030113346
b2312,2.025475968
b3631,0.009184312
b2942,0.574300665
b4317,-0.341044812
b1205,-0.926623315
b4272,-0.241897301
b3548,0.40762022
b4662,0.885704984
b1762,0.495245451
b0595,0.768018093
b3207,0.261309861
b1413,0.083617063
b3685,-0.509278549
b3926,-1.23122877
b0144,0.127349901
b3539,-0.121048907
b1558,0.590716927
b2900,-0.04211457
b3599,-0.468466572
b1056,0.752965934
b2698,-0.261026765
b2552,0.078235728
b0479,0.074182615
b1784,-0.334757012
b3360,0.406685983
b2152,1.439653418
b3537,-0.629412434
b2474,0.146182419
b0950,0.435429236
b0662,0.482265095
b3353,0.063083248
b3454,-0.639143179
b1440,-1.075029174
b2180,-0.120424199
b4289,0.122932141
b2529,-0.03940499
b1061,0.728216388
b0590,0.262019852
b3369,-0.280940081
b3496,-0.436057384
b3853,1.343979083
b1923,0.230652029
b0623,0.252989918
b0580,-0.018080289
b1944,1.292913423
b3082,-0.068059806
b0199,0.37073457
b0817,0.472744745
b2693,2.245224847
b2167,-0.393309255
b2304,-0.580984931
b3512,0.245030701
b1882,-0.363972026
b2398,-0.458148224
b1109,0.089497524
b4668,-1.615824952
b1375,0.102107829
b0666,1.280096753
b0987,-0.204488775
b1954,-0.455108439
b3024,-0.423991844
b4642,-0.191354936
b3606,0.815248481
b1776,-0.026127308
b1799,-0.428711746
b4571,0.336559623
b3148,-0.418627009
b4018,0.508823229
b1241,-0.801490548
b3864,0.249967868
b1534,0.268958162
b4546,-0.05380919
b4378,0.186562401
b2306,1.114875537
b4688,0.004393126
b2397,1.318481252
b2936,0.15684611
b4128,-0.423089065
b1099,0.066091214
b0528,-0.161288694
b1642,0.004139279
b1938,1.206445129
b2753,0.644288615
b2082,0.265316809
b2354,-0.035299389
b2381,0.051247321
b3413,0.187654005
b4691,1.043879239
b3042,0.095081505
b3081,-0.958635531
b0397,0.22677273
b0878,-0.266544648
b3827,0.991080029
b0064,-0.470891928
b0873,-0.481793325
b2731,-0.74527272
b2838,0.921720323
b3431,0.012539645
b1906,-0.662083954
b1544,-0.02571392
b2028,0.25180274
b1971,-0.341199793
b0790,-0.083733799
b4399,-0.414079533
b2602,-0.454521841
b1736,-0.291485503
b4113,-0.255686737
b0147,0.117323902
b1526,-0.318631274
b0546,-0.119442049
b1953,-0.511322236
b1800,-0.661653523
b1738,-0.485827499
b3128,-1.118180824
b3223,-0.646395344
b3503,-0.341786654
b1143,-0.059902177
b2026,-0.277684349
b1707,-0.037181293
b1942,0.498904952
b2910,0.001144912
b3003,-0.397621258
b0868,-0.192369289
b1355,0.095475959
b2712,-0.667001049
b2725,-1.064383312
b0346,-0.579099162
b1419,-0.819509666
b1958,0.25600674
b3034,0.311437026
b4446,0.612927538
b0022,0.414514666
b2315,0.008018818
b4350,-0.21220975
b4665,0.583106789
b2394,0.028039443
b2313,2.065491599
b4171,-0.067783196
b1760,0.079023836
b1045,-0.329503978
b0700,0.014461609
b2212,-0.209486898
b1330,-0.138523969
b3618,0.023046696
b0088,-0.019246973
b1306,0.463719299
b1584,0.038858307
b0454,0.015357689
b0482,0.264342233
b0523,1.745393455
b0952,0.079831286
b3665,-0.517432328
b2677,-0.066745635
b3088,0.429096135
b1423,-1.03850439
b4236,0.106362335
b0449,-0.136252214
b2797,-0.038516474
b4078,0.168096327
b4126,-0.082443893
b4663,1.27743027
b3535,0.89573475
b0634,0.731910214
b2322,-0.232815854
b1230,1.680565835
b4222,0.618157165
b1765,0.283615207
b0488,-0.571083777
b4167,0.002822776
b2876,-1.000548051
b3792,0.229715771
b0220,0.191566837
b1643,0.208754592
b0378,-0.015377813
b0360,-0.27472987
b2427,0.242085161
b3001,-0.559041117
b1229,-0.960310603
b1182,-1.377973777
b0049,0.092921959
b4367,0.493487795
b3969,1.451821855
b0791,-0.554795284
b3759,-0.536125744
b1647,-0.83292367
b0350,-0.014140846
b3221,0.811889126
b2785,0.355773513
b3218,0.659639662
b2340,0.754164954
b1712,-0.049898145
b3571,0.430898269
b3672,0.304282137
b1080,0.769195477
b0673,2.009598266
b3166,0.62836327
b3588,-0.481548684
b1439,0.025592696
b4068,0.550625891
b4107,0.028295539
b1692,0.073297409
b2679,-0.510446849
b2557,1.789753419
b3603,-0.070055407
b3528,0.022902698
b1406,-0.715233174
b0475,0.082823832
b0891,0.266933186
b4703,-0.423573385
b1188,-0.647651591
b1081,0.378552915
b3087,-0.606713599
b2457,-0.304339547
b2671,0.621298131
b3710,-0.042861736
b3545,-0.354643309
b4640,0.019123647
b1443,-0.226208536
b2470,-0.294861283
b1146,-0.243809313
b0491,-0.227968824
b1677,-0.019189647
b2540,-0.375336877
b2889,0.144146015
b4287,-0.056659143
b1422,0.154496988
b0192,-0.200120696
b1741,0.185359282
b4039,0.215132032
b4675,0.105919136
b4519,0.136239994
b0802,0.452257397
b4142,0.195845344
b2266,0.031730993
b0456,-0.490169772
b2464,-0.573780692
b4559,-1.033448579
b3625,-0.072297896
b4543,0.136692881
b4005,1.843364093
b2434,0.513506545
b4110,-0.781062268
b3920,0.586039739
b2438,-0.452908541
b4656,-0.220923393
b0484,-1.124474271
b3248,0.87404445
b4150,-0.200141516
b0746,1.966449912
b1247,-1.346581454
b1476,-0.141865157
b1530,0.103733521
b0585,0.092879478
b4433,0.05970274
b0573,-0.43660726
b3506,-0.113578974
b2325,0.702176956
b1057,0.363713865
b0883,-0.068465753
b2100,-0.35526412
b4124,-0.406076548
b3628,-0.10303966
b0949,0.584803337
b3534,0.591551078
b2430,-0.733369852
b0240,0.462634264
b3749,-0.802276287
b1072,1.580841612
b4111,-0.469077615
b1612,-0.240041778
b3039,0.047084042
b4336,-0.779774709
b0745,2.0340247
b1735,-0.255862754
b1667,-0.396289143
b1446,-0.075744692
b0483,0.394437752
b2351,0.355916072
b4452,-0.402289609
b1111,0.255571912
b4523,0.555707134
b3652,0.15753566
b4435,1.348247508
b0388,0.825853639
b1537,-0.232339087
b1848,0.094134027
b2583,0.19083193
b4584,-0.01163435
b3450,0.140923775
b2439,-0.417523794
b0099,0.607689772
b3210,-0.241414354
b1845,-0.059558649
b3167,0.460838543
b1897,-0.137637492
b3284,-0.134315516
b4023,-0.075510379
b2980,-0.029838467
b0316,-0.284199255
b2426,-0.365210987
b4327,0.057592557
b0565,-0.323983255
b0261,-0.388517564
b2707,-0.676522774
b1357,-0.140906809
b4216,-0.441915601
b0435,-0.27299723
b0336,3.014218279
b1283,0.378475873
b4706,0.286044878
b4707,1.038482434
b0083,-0.450389438
b1381,-0.13503939
b1911,1.739747924
b3336,0.399317789
b3208,0.010553575
b1106,0.191277749
b0221,-0.139444201
b0503,0.127524517
b2168,-0.121772544
b3142,-0.522423021
b3473,0.440746275
b1428,-0.274303636
b1715,0.528003935
b2137,-0.260292282
b3626,-0.169766872
b3303,0.845715844
b3547,0.822259554
b0251,-0.178563162
b3301,0.820762871
b3773,0.409276863
b3513,0.005931358
b0058,0.484697149
b2695,2.014450526
b3283,-0.154922018
b1733,0.182619352
b3918,0.185722232
b2151,-0.876495666
b4221,-0.064088885
b4270,0.563223058
b0699,-0.422899907
b0122,0.638015998
b2421,1.22431251
b2243,-1.176188054
b2428,-0.57830712
b0232,-0.08041824
b4490,1.097017987
b0794,-0.470356178
b4473,0.027746349
b1272,-0.016568764
b2017,-0.120130251
b4288,-0.151811209
b1415,0.170411877
b2541,-0.275170683
b1420,-0.898401417
b0679,-0.530703366
b2694,1.778004535
b0460,0.550987943
b1320,0.18457247
b1646,-0.540370141
b2255,-0.388830949
b4293,0.172058332
b3941,1.261095381
b4390,0.010501537
b2795,-0.694682982
b2352,0.460913837
b2820,0.19323796
b4137,0.32365461
b1916,0.154611189
b1403,-0.277339415
b0540,0.042065197
b4689,-0.448791958
b2275,-0.060597868
b2590,1.439576262
b0087,0.004982973
b1868,-0.149359438
b1246,-1.055686384
b2396,0.916596688
b2147,-0.516831771
b4614,-0.346503257
b0979,-0.181884023
b2835,-0.001922433
b2704,-0.768952036
b2129,0.002092401
b4026,0.90568875
b4291,0.055461131
b0202,1.6061301
b3743,-0.064928539
b0993,-0.078284291
b2767,-0.646788472
b1955,-0.160302663
b3437,0.747785047
b4522,0.656555055
b3910,0.741549433
b1629,0.451094205
b1652,0.375617334
b3068,-0.14907041
b1686,0.067720617
b4581,0.13363958
b0601,-0.254001168
b2341,-0.317811258
b0089,0.085639678
b0837,-0.268478264
b1895,-0.350246147
b4377,0.512558334
b3196,0.352651312
b0377,0.289937807
b4220,0.097627917
b1012,0.789010312
b4426,0.559801655
b0467,0.316682094
b1572,-0.09069444
b0881,-0.254647209
b1687,0.157611743
b3096,-0.288674497
b0318,-0.579325029
b0789,-0.491480322
b3832,-0.451443954
b0714,-0.564035835
b4468,-0.651715122
b3509,0.017026638
b3411,-0.013963354
b4626,0.403095639
b0747,2.13699739
b1432,0.118463992
b1665,0.844715034
b3943,0.270667586
b3624,-0.063576133
b2145,-0.302317466
b2039,0.119956107
b2800,-0.545962
b4051,-0.536272361
b2783,0.071781598
b4246,0.881893709
b1245,-0.950158898
b0046,0.125877629
b3519,-0.164400468
b4453,0.026985374
b3846,-0.272753584
b0225,-0.224131994
b1909,1.89676628
b2842,-0.013877469
b2798,0.148652016
b0980,-0.02324506
b1039,-0.741525156
b1384,-0.34690646
b0447,0.485643821
b4190,0.030267905
b3263,1.179911545
b3569,-0.11664519
b0211,0.909915038
b0282,-0.351146403
b0879,-0.375307472
b0203,1.35249977
b1251,-0.103307045
b0643,-0.709385661
b4148,0.437569031
b3836,-0.036071721
b2799,-0.583225619
b4045,-0.186970747
b2465,-0.668326318
b3873,-0.232307076
b1967,-1.409505595
b0392,0.021294359
b0748,2.215250637
b2289,-0.250495244
b4330,-0.465737785
b0677,-0.103077239
b2723,-1.118429183
b1517,-0.752581053
b4196,-0.25331607
b2675,-0.966719774
b1908,0.106770774
b2964,-1.508816144
b1181,-0.118532207
b1989,-0.270153095
b1477,0.344007339
b4539,-0.20875527
b2823,0.235234101
b3510,0.244882772
b1939,1.184132084
b2537,0.130159131
b2943,-0.271502311
b2839,0.064976556
b3794,0.550214837
b1285,-0.263781323
b3789,0.043540812
b1574,-1.228598202
b1962,0.18042075
b0226,-0.251788341
b0210,-0.222409555
b1400,-0.355555906
b0007,-0.377997115
b3960,1.837350163
b4467,-0.224546465
b3511,0.211672353
b1100,0.077063452
b0946,0.551212723
b2718,-0.046641103
b1050,0.083089854
b2724,-1.004538682
b4666,0
