Blattner,log2FC(yggS/WT_20nM PN)
b1211,-0.128553629
b0238,-0.761831382
b2649,1.087632344
b4660,1.241432587
b0469,-0.209360769
b2042,-0.348627915
b0526,-0.390584845
b3504,1.469661215
b1210,0.016084859
b3659,1.311171091
b3078,1.177905409
b3442,1.605195117
b0185,-0.170815263
b1471,3.439427885
b4497,1.189510935
b2109,0.527461482
b3730,-0.212957476
b0807,-0.45651128
b2287,-0.143980269
b1288,-0.28824271
b1691,1.52585904
b0632,-0.490228287
b3679,0.710157584
b3079,1.4846172
b3578,1.176556156
b3877,0.528641718
b3875,1.127972646
b2852,0.936968949
b0104,-0.164400894
b3784,-0.283493583
b0297,2.033346686
b2372,0.496286583
b2122,0.408415889
b0194,-0.465604403
b1310,0.828113978
b2549,0.512446337
b3682,0.781154692
b1029,1.101743563
b2081,-0.477909829
b3579,1.007585415
b1615,0.941795519
b4462,1.298074868
b1152,1.063869918
b2517,-0.401384993
b0125,-0.081516358
b1540,-0.086415712
b2585,-0.367156561
b3488,0.620144415
b0267,1.196355798
b3120,0.911733014
b3423,-0.278232552
b3816,-0.491327797
b4583,0.962437889
b2730,-0.595899879
b4027,1.271910008
b2288,8.35633E-05
b3181,-0.043864101
b4491,0.550189097
b4651,0.913186995
b2014,-0.761340548
b0441,-0.371977423
b0533,1.651039216
b3326,0.540356672
b3902,1.538407665
b0770,1.214280348
b0835,-0.776142956
b0928,0.042747738
b0661,-0.656531165
b1309,0.621102218
b4185,1.316171146
b0936,0.815704662
b1435,-0.610573128
b0511,1.282961715
b4391,-0.226131058
b4494,0.875093679
b1311,1.086535586
b2060,0.548521409
b1424,-0.1910586
b1393,1.135271391
b2056,0.655500009
b0243,-0.193280195
b3596,1.181000556
b2371,0.685197058
b4012,0.792572524
b1059,-0.104960634
b2633,0.398710823
b1974,-0.045730869
b1001,0.483831944
b0242,-0.224664457
b2108,0.559945898
b3720,0.783233658
b0279,0.888143196
b2320,-0.273786874
b1149,0.448114578
b0612,0.279162613
b4098,0.896714564
b3137,0.930713807
b0718,0.446574901
b0393,-0.544228712
b2120,0.604045137
b3644,-0.469103263
b1502,0.810198982
b2858,1.273214936
b4081,0.628940232
b2986,0.901557654
b4132,0.829167741
b3701,-0.337332234
b2644,0.810634676
b3121,1.000022057
b3251,-0.505572282
b0452,-0.044722936
b4325,1.069674258
b2368,0.318438085
b3370,0.586974088
b4105,1.219966166
b3580,0.359629426
b0347,0.929299073
b1203,-0.510377159
b3047,0.816627375
b0675,-0.265917062
b2995,-0.449246782
b2956,0.73894551
b0474,-0.294125772
b4047,1.397653411
b1978,0.192825002
b4365,0.885801748
b1961,-0.530813841
b3187,-0.157071494
b4650,1.330554439
b3323,0.218170393
b3858,-0.092232237
b3424,-0.120410817
b2855,1.13829133
b1459,1.014908575
b0133,-0.241843636
b2448,0.406554607
b0499,0.381562496
b1232,-0.266029701
b1366,0.622005338
b3833,-0.153818549
b3891,-0.081306051
b0344,0.954216559
b2492,0.346324602
b0535,1.330643402
b0771,0.497132501
b2806,-0.2852278
b3721,0.242291117
b3878,0.441328787
b0940,0.436848045
b1151,0.095660689
b3899,1.006602547
b0768,0.598494738
b4147,-0.404550175
b1087,-0.208173361
b3576,1.141902868
b2477,-0.193559793
b0532,0.595088726
b2891,-0.214160024
b1929,-0.497450349
b2917,0.186821475
b0698,0.483671961
b3953,0.699126984
b3035,-0.190747356
b3826,-0.212651341
b3859,0.043939704
b1505,0.63086363
b3084,-0.803381918
b0603,0.960222562
b0686,-0.144432119
b0738,-0.360256745
b2061,0.698801494
b0407,-0.11121131
b2046,0.227561338
b2957,-0.313214418
b4083,0.771243473
b1048,-0.325706653
b1035,0.006663282
b2636,0.881445331
b2367,0.393518036
b0731,0.647392289
b3982,-0.120986088
b0040,0.565824487
b0291,0.486031207
b1527,0.776234772
b1694,0.105170554
b2634,0.494456236
b3038,-0.153412519
b2729,-0.41815697
b4066,0.688747835
b0997,0.175958769
b4028,0.668440206
b4183,0.972291909
b0769,1.129371247
b4108,-0.066606632
b0693,0.449366126
b3484,0.841562773
b0334,0.992001792
b4552,0.736717291
b1387,0.642621889
b4257,0.902643794
b1785,0.827915784
b3189,-0.26428649
b0348,0.751777736
b2873,0.533012166
b0847,-0.385296031
b4029,0.395374623
b0310,1.355288535
b2888,0.704601482
b3017,-0.117713708
b3240,0.592100228
b1069,-0.46445554
b4174,-0.398034624
b4374,-0.059074558
b3143,0.676000466
b0684,0.149765317
b4388,-0.189312052
b2451,0.456650229
b3553,-0.358447915
b3119,2.005235086
b1905,-0.11965245
b2193,0.014955401
b2330,-0.5243474
b3919,-0.694783529
b2740,0.319731246
b2269,0.420261103
b3718,0.557633577
b2452,1.023318625
b2339,2.105812679
b2211,-0.690529105
b4358,0.731694658
b1157,1.003828291
b0864,-0.039795034
b0947,-0.279859715
b0984,0.415274831
b0518,0.964936155
b3641,-0.207525311
b4100,0.754411683
b1456,0.361738921
b1854,-0.657246899
b2400,-0.600520254
b2271,0.384862295
b2630,-0.209357799
b0733,-0.351305387
b0102,-0.346142294
b3562,0.803642697
b3925,-0.666823108
b0628,-0.395165463
b3666,0.200930714
b1411,0.231478488
b1455,2.908027523
b3770,0.258384645
b3590,-0.492082669
b3381,0.65190596
b1158,0.745901212
b4233,-0.216297073
b4038,0.344063029
b3876,0.33754725
b2358,3.231383629
b0674,-0.37887592
b0754,-0.383333756
b1876,-0.681622744
b4495,0.544478327
b2062,0.372407213
b4465,0.349953679
b2273,0.683041011
b0783,0.174309061
b3900,0.801939719
b0341,0.190327845
b1464,-0.287500896
b1409,1.497712442
b3266,0.415460903
b0913,0.357733789
b3867,-0.122499365
b4572,0.593731996
b2699,-0.338935116
b3080,0.331936572
b0139,0.277533069
b4313,0.819273502
b4099,1.01232844
b2952,-1.627097764
b4586,0.472920331
b0888,-0.370283577
b2484,0.492630927
b3642,0.432143696
b1604,-0.113181798
b2233,0.175701213
b3577,2.00731749
b3684,0.597547541
b0343,0.707226892
b1319,1.11253846
b2854,1.19284066
b2418,-0.331030674
b1133,-0.642707625
b3347,-0.017133428
b2851,1.132660093
b2647,0.602808643
b3443,0.800950501
b2386,0.674236305
b1623,-0.626372432
b0772,-0.33401562
b3384,-0.072065459
b2848,0.949711307
b0648,0.808977099
b3244,-0.266609129
b1690,0.732075688
b2481,1.208505271
b2576,-0.430701061
b2933,0.625221584
b0914,-0.5992024
b1215,-0.354822729
b2221,0.440705974
b2047,0.331364097
b0045,0.888346649
b4644,0.525498699
b2771,0.553926214
b0292,0.50772779
b3584,0.751334458
b1802,0.584643214
b3324,1.054611953
b2922,-0.076710728
b3393,0.789000942
b0229,0.45626007
b1153,0.398411992
b1503,0.654809969
b3640,-0.11376728
b3881,0.320131048
b1866,-0.412790975
b2849,1.001864405
b0136,0.65897692
b4500,0.248894256
b2121,0.401065498
b2569,-0.450740248
b3526,-0.313135347
b0197,-0.371677613
b3643,-0.513134124
b0135,0.855918258
b3483,0.727140909
b3738,-0.232092118
b0930,-0.472520286
b2871,0.232700572
b3843,0.022021321
b3062,1.107975538
b2453,0.510700027
b3907,0.779820417
b1372,0.412178417
b0335,0.600120275
b1851,-0.255669084
b3115,0.123368213
b3702,-0.428178557
b2309,-0.648322633
b4101,1.079018886
b3741,-0.587490967
b3709,0.199896062
b2357,1.709097912
b2483,0.228820563
b2595,-0.162591092
b3507,0.428462256
b2887,0.568504318
b3086,0.641696105
b4049,-0.364097878
b3962,0.141573327
b1337,0.154519502
b2970,0.44605248
b3691,0.32132483
b0996,0.56245625
b3376,0.49724839
b3586,0.540694929
b3965,-0.287425799
b1637,-0.199074529
b3380,0.300553357
b0501,1.091441602
b4308,0.851447267
b2850,0.515798895
b2171,-0.330206196
b0116,0.172776781
b1166,1.604688948
b3999,-0.068143467
b0276,0.179152874
b3265,0.520140171
b2635,1.170523298
b3150,0.014296126
b2161,0.470944716
b1621,-0.222683822
b2478,-0.154225896
b1749,-0.387657639
b1116,-0.312383886
b4102,0.967769668
b2355,0.559513172
b4106,1.413454802
b2335,0.435655012
b4130,0.077834071
b1850,-0.317018643
b4097,0.46007544
b4208,-0.199960795
b1101,-0.606149537
b0295,-0.048875167
b1388,0.650083695
b4657,0.632320379
b2385,0.484273692
b3334,0.511111489
b3657,0.467790603
b4401,0.074749629
b0547,0.370440569
b2971,1.355279031
b4120,0.227624259
b1460,0.854697626
b0386,-0.326985971
b2223,0.295879451
b2234,-0.080586534
b3228,-0.171678308
b3482,0.250784799
b3215,0.801301141
b2050,0.243223839
b0784,0.267896316
b2486,0.162418801
b2226,0.234252659
b0561,0.68453157
b1212,0.009064486
b2222,0.893038792
b4052,-0.346515628
b0333,0.850419121
b3680,0.613103381
b3072,0.166047637
b1115,0.40866129
b4506,-1.505483511
b1154,0.846506408
b0645,1.295164001
b2984,1.186233838
b4184,0.940507686
b0531,0.663378455
b0112,-0.816447301
b3178,-0.290565438
b1338,0.305397075
b1757,-0.79829099
b3149,0.114278138
b0681,0.439069348
b4131,0.287333594
b3076,0.589267416
b4186,0.267732727
b1767,-0.277543417
b3897,0.188865361
b3942,0.222960342
b1075,0.628168329
b0432,0.303905035
b3719,0.39133636
b0549,0.639744215
b0986,0.689992989
b4622,1.152087803
b1662,-0.252569825
b2296,-0.447130021
b2930,0.591655285
b2846,0.60845008
b4615,0.891761721
b4335,-0.048833107
b3778,-0.43651575
b3061,0.684455765
b3634,-0.448008489
b0193,0.122016871
b0618,-0.058319688
b2859,0.746662857
b0141,1.091952862
b4661,0.537696617
b0287,-0.302376646
b1264,0.040012098
b2710,0.527100528
b4021,-0.559648937
b2778,0.743324027
b2286,-0.225039796
b3888,-0.153215685
b2072,0.471769383
b2985,0.834441026
b3997,-0.090565566
b1815,0.311583965
b1816,-0.23298772
b0314,0.395565611
b3818,0.54901145
b2294,-0.364232104
b0296,-1.730383018
b0230,0.000869244
b0820,-0.533029102
b0985,0.540138759
b2270,0.220784724
b4316,-0.251170384
b3441,0.016858111
b3697,-0.285644897
b2356,0.229102615
b3613,-0.248681501
b0301,-0.099351152
b3368,-0.422500974
b2199,-0.767780904
b2879,0.119703623
b3158,-0.05783941
b0688,-0.169295829
b0042,0.190868457
b1889,0.780062413
b3392,0.346903249
b3374,0.148283137
b2241,0.007766825
b0477,-0.36047841
b2361,0.76490942
b2953,-1.166040161
b0319,0.222002759
b0544,0.728330212
b3649,-0.088463268
b0649,0.309426538
b4160,-0.218113088
b1952,0.304805095
b2758,0.431344095
b0166,-0.256335307
b2581,-0.429252229
b3591,-0.254319433
b0617,-0.039687113
b3331,0.130440834
b2383,0.115718467
b3686,0.059473966
b2700,-0.193097998
b3030,-0.266031363
b1121,0.348980844
b3195,-0.13653928
b0108,0.518818084
b1028,0.286185687
b4232,0.232630165
b2110,1.129230641
b2447,0.259908822
b3422,0.354104253
b0614,0.025230161
b1351,0.90431726
b2065,-0.108366891
b4041,-0.191794093
b2489,0.323097791
b3066,-0.115753897
b0028,-0.017342505
b2066,-0.314350026
b1026,-0.283008914
b4080,0.564509587
b1160,0.160280442
b3190,0.011058778
b2027,-0.032372635
b0939,0.452814391
b2139,0.16981332
b1350,0.166364402
b2115,0.330966596
b2914,-0.4715899
b2118,0.16253436
b3745,-0.324847602
b3847,-0.266013571
b0929,-0.647840686
b2224,0.531211729
b3478,0.263703515
b2073,-0.030260637
b1704,-0.468715189
b2950,0.632417081
b3426,0.014519884
b2491,0.301652206
b3949,0.203128984
b2248,0.232741021
b0463,-0.043254073
b2547,0.328096632
b3944,0.236098775
b3253,-0.077594771
b0054,-0.315723768
b2316,-0.101041431
b2701,-0.289674629
b4207,-0.481183362
b2114,-0.607854783
b4395,-0.181430053
b1457,1.076380132
b2029,-0.176113681
b3544,-0.682186297
b3935,-0.408480702
b2077,0.137738923
b2454,0.440543023
b0277,0.608823633
b0227,0.568383249
b0140,0.672693047
b0161,0.055991011
b0041,0.620189644
b4309,0.753726031
b0967,-0.366033731
b0154,-0.201657524
b0647,1.060478493
b2277,-0.083806127
b1560,0.036868817
b0697,0.316910294
b3216,0.794943325
b0705,0.015685984
b2947,-0.14652249
b2935,-0.306083989
b0887,-0.24861379
b2498,-0.497807414
b3927,0.000452361
b4311,0.563615171
b3002,0.267719066
b3227,0.436293171
b3388,-0.290843029
b0029,-0.027221075
b0896,-0.627001212
b3135,0.45416579
b0013,0.831200729
b1606,-0.000946436
b3405,-0.01623039
b0138,0.5880255
b4334,0.156070119
b0181,-0.268692891
b3950,0.376671
b4238,0.063212419
b2870,0.271666729
b3147,-0.244347788
b0931,-0.427912669
b1832,0.137151303
b0369,-0.232132047
b0922,-0.023094134
b3391,0.291792004
b0321,0.345898806
b0320,0.016042771
b3389,-0.331174535
b1860,-0.057326574
b2057,0.171482025
b3325,0.046264426
b1810,0.134953797
b3198,0.00893934
b0961,-0.621125551
b1576,0.715896052
b2229,0.70898715
b1386,0.44394391
b1864,-0.181040562
b3104,0.301051258
b0434,0.17619489
b4074,0.699577852
b3543,-0.414313611
b3678,0.26344317
b0222,-0.260800424
b1766,-0.258139146
b4508,0.324202677
b2119,0.413571898
b1161,0.867186842
b1023,0.420324983
b1486,0.093128099
b1390,0.405286089
b4471,-0.06868732
b3961,-0.045575496
b4048,0.58419669
b0613,0.666409025
b2059,0.220394626
b0512,0.514357523
b0416,-0.227312845
b0575,0.249994494
b0655,-0.483474385
b1363,-0.013632216
b1744,0.720669963
b1751,-0.582060113
b4161,-0.056986675
b0874,-0.732023993
b1254,-0.227202867
b4579,0.555747588
b3589,0.026016708
b4095,0.337971444
b3114,-0.348037564
b1410,0.257860423
b4328,-0.316072437
b3593,0.255288603
b0948,-0.549571247
b2004,0.416513374
b3464,-0.184021908
b2113,-0.117967159
b0381,-0.070931462
b3951,0.136449468
b0323,0.26135549
b0550,0.692695308
b3013,0.537143658
b0732,0.152293961
b1185,0.109959956
b1999,0.612998734
b2996,-0.000430087
b0127,-0.060210009
b0405,-0.571660523
b2760,0.525916979
b0478,-0.491572353
b2845,0.183305291
b2554,-0.261024157
b2268,-0.262098217
b3705,-0.342770475
b1830,-0.306439592
b4556,0.481185143
b0934,0.876809214
b3639,-0.033939875
b1873,0.468858267
b2770,0.296624411
b0508,0.119034203
b2232,-0.291993639
b0270,0.254873542
b1383,0.397762408
b1147,0.340798756
b0497,0.227819356
b4482,0.251910634
b0402,-0.629771751
b2648,1.184769
b3675,0.499875439
b1657,-0.260555573
b2898,-0.11699878
b4182,0.516030116
b1407,0.335488535
b0358,0.452338079
b0954,-0.090874353
b1867,-0.105797184
b1074,0.633413664
b0421,-0.225322818
b2918,0.231568633
b3075,0.048708629
b3611,-0.039095265
b1835,-0.74246775
b3865,-0.047552043
b1497,-0.230260369
b2737,0.202552676
b1913,-0.26161345
b3744,-0.248796998
b1108,-0.086843204
b2810,-0.167564146
b4152,-0.902278669
b0703,-0.069400447
b2954,-0.725233713
b4192,0.15556816
b1196,1.372180957
b3477,0.193591305
b2566,-0.488545931
b4087,0.135806656
b3041,0.23317622
b2534,0.384788154
b1880,0.940296114
b1539,-0.274509351
b1693,-0.073383262
b2393,-0.684311797
b3869,-1.474816456
b1412,-0.39138352
b1010,0.305228096
b1862,0.413023204
b2319,-0.179941604
b0576,-0.641889907
b1022,0.165504191
b3615,0.474203382
b3947,0.418725234
b2727,-0.260348251
b4094,0.980520146
b3612,-0.834112743
b2300,-0.091700359
b0737,-0.116194478
b1831,-0.048265949
b1324,0.228633247
b4682,1.124128597
b2563,-0.059843008
b1128,-0.356221132
b1391,0.630667203
b4602,-0.033062394
b0107,0.326481492
b4082,0.428241493
b1453,0.024344857
b0406,-0.073138959
b1861,0.047064055
b2132,-0.252488185
b1804,-0.323547862
b0011,0.244061378
b0509,0.241749533
b2458,0.32507029
b0970,-0.335050046
b3046,0.021277507
b3235,-0.281853489
b0787,0.529267602
b0339,0.090339099
b3201,-0.0845485
b2564,-0.14026077
b1506,0.690927471
b0439,-0.145702546
b2456,0.247207964
b0034,-0.023593793
b1554,0.710192717
b3882,0.384994998
b3141,0.815933194
b0767,-0.103477197
b4279,-0.416861761
b2455,0.549011324
b1395,0.231177108
b0782,0.10185032
b1499,0.737365508
b4509,1.321477794
b1207,-0.519525311
b1752,-0.389831149
b0602,0.50855067
b2482,0.208103857
b4345,0.116543172
b0326,1.012388726
b0943,0.395302854
b3476,0.101584283
b1973,-3.058232889
b3849,-0.190874819
b0143,-0.585344867
b0217,0.620967017
b2002,0.365442847
b2987,0.327162526
b2225,0.323163388
b1360,0.198077188
b1034,-0.056890862
b4180,0.273407682
b1365,0.648810799
b2516,0.036842383
b0824,0.278469321
b3377,0.307227707
b0145,-0.044734553
b1782,-0.177788923
b3139,0.098554736
b0097,-0.008072552
b0159,-0.37793322
b3769,0.49674179
b1588,-1.043712388
b4696,0.625411144
b2997,0.10033216
b4496,0.426603584
b0895,-0.697233862
b4036,0.320779286
b3581,0.167089533
b0525,-0.26551164
b1184,0.531740026
b0616,0.314494785
b0977,0.219871086
b0415,-0.12320597
b0289,0.307159689
b0680,-0.316530165
b2329,-0.376132751
b1852,-0.236831088
b0179,-0.176301611
b1127,-0.365437125
b0539,0.462453807
b2643,0.031838435
b1078,0.157616476
b0877,-0.779784595
b3357,0.09793956
b0106,0.324400985
b1579,0.566314848
b2754,0.292020987
b3931,-0.377770736
b4277,0.095450344
b0534,0.408723345
b2881,-0.105000526
b3367,-0.815756834
b3583,0.239348274
b3879,0.598848512
b2443,0.333872953
b0149,-0.290104197
b2862,0.612618134
b4231,0.377046493
b4260,-0.247119738
b2048,0.093206295
b3214,-0.657764365
b0521,0.395109337
b1200,-0.1884751
b4359,-0.44061824
b2905,0.667755943
b0470,-0.146680299
b3834,-0.2151016
b1682,-0.024517668
b2890,-0.343942227
b3229,-0.048897266
b4054,-0.547425031
b3160,0.360607019
b3609,-0.013991803
b4153,-0.768110991
b0507,0.231602875
b4042,0.033553684
b1875,-0.04349418
b3725,0.29584301
b0563,0.848312909
b1489,0.118423092
b4620,-0.969360274
b3998,-0.07813188
b3861,0.452484615
b4284,0.273511935
b0646,0.349291834
b1710,-0.094803539
b2010,0.346394321
b1796,0.247971712
b3328,0.081764759
b0863,-0.668995926
b1730,0.629883612
b1616,0.034751834
b3288,-0.107923756
b1543,0.476375423
b0131,0.040863335
b2915,0.841806391
b2553,-0.069213059
b3144,0.218500751
b2162,0.402008254
b0588,-0.197576137
b3461,-0.063119937
b3932,-0.329918709
b4379,-0.798411363
b3091,-0.625102958
b3052,-0.207387485
b1103,-0.13514443
b0284,0.445965165
b0951,-0.357543618
b3908,-0.118366076
b1095,-0.258158509
b3146,-0.052245073
b3563,0.659409897
b4017,0.421362344
b1663,0.157175845
b0080,0.115398447
b1656,0.146769284
b1313,-0.021790128
b3690,0.727334302
b3271,0.259547168
b3064,-0.402985329
b1165,1.363348504
b2626,1.129382331
b2420,0.448292042
b3194,-0.13929695
b2049,0.226243407
b2346,-0.105040107
b1504,1.590551002
b2690,0.08441537
b3558,0.553989332
b3981,-0.020825713
b2813,-0.338052088
b4202,-0.249704473
b1316,-0.039003729
b4200,-0.336881893
b1769,0.426659079
b2836,-0.346526806
b3706,-0.222282089
b0492,-0.213804473
b2794,-0.073452026
b1168,0.674200508
b2495,0.043208551
b3329,0.386232428
b3182,-0.219335279
b0254,0.406739355
b0827,-0.359509024
b3156,-0.129708504
b4304,0.081098979
b1575,-0.173219007
b2334,0.879187299
b4198,0.045058292
b1884,-0.131450483
b1392,0.142714576
b2994,-0.159589146
b3811,0.079670233
b2301,0.18704344
b2913,-0.199059157
b3648,0.146922458
b2526,-0.30999817
b0043,0.472061264
b0927,-0.175403701
b1214,-0.12151416
b3136,0.073721222
b1404,0.275379575
b3498,-0.114793313
b2276,-0.259106495
b1235,0.156419812
b0562,0.666666377
b2948,-0.059542685
b3027,0.481919038
b3699,-0.291026455
b2096,-0.655149821
b3587,0.757822923
b2684,-0.330403939
b3633,-0.215248515
b1073,0.814197628
b0196,-0.025545941
b2469,-0.053454913
b2344,-0.117235933
b2183,0.002490248
b4151,-0.85462658
b2472,0.105068482
b1348,0.317593754
b4234,-0.094912182
b4469,-0.696731605
b0121,-0.15439816
b1888,0.221545345
b3172,-0.718983538
b2945,0.526868609
b1723,-0.226088213
b1068,0.054217873
b4630,0.157954054
b0061,0.633927712
b0657,-0.279525001
b0607,0.297140544
b0982,0.539777903
b0025,-0.196390075
b4157,0.451047018
b1680,0.016080801
b1797,0.731497402
b0340,0.14352911
b3192,0.012538261
b2407,0.470972279
b2789,0.466069818
b3418,-0.326857443
b3416,-0.250704919
b2408,0.699902233
b1104,-0.165449552
b2728,-0.160359389
b4478,0.190554233
b3479,0.204364547
b3722,0.604662396
b0567,0.674308747
b1352,0.417819447
b2262,-0.715867229
b0945,-0.739378586
b0572,0.841769551
b3542,-0.479214904
b3327,0.111799378
b0223,-0.074400403
b4201,-0.286983864
b4215,0.580393037
b1192,-0.228151669
b0893,-0.303500452
b4419,-0.266574007
b2460,0.104327277
b3295,-0.157771525
b3572,-0.433011625
b3783,-0.622023006
b3937,0.152821936
b3186,-0.369744939
b0096,-0.21246908
b3365,-0.600744326
b3371,-0.071375107
b0263,0.299169851
b0937,0.576290265
b0401,-0.529892748
b0740,-0.138945342
b2016,-0.245729266
b2946,-0.144535089
b4243,-0.189766948
b3896,0.244305998
b4341,1.151045308
b1418,-0.202231435
b2384,0.189382443
b1368,0.37177802
b2878,0.346109933
b4000,-0.223449408
b3151,-0.506985369
b2467,0.029692769
b2376,0.339571986
b2567,-0.198576688
b0444,-0.102200626
b1204,-0.351558538
b0117,0.205585653
b4700,0.903787727
b0654,-0.3479031
b3955,-0.474708116
b2207,0.252196736
b3898,0.099513529
b1681,-0.019374731
b2919,0.523265572
b0260,0.073875043
b3394,0.579433271
b2373,0.08239137
b4031,0.561866995
b2687,-0.167265449
b1136,0.091679304
b0168,-0.323140371
b1837,0.497815221
b4621,0.694283398
b3433,-0.337157123
b2734,0.570008501
b0385,0.105161403
b3366,-0.70821607
b2488,-0.019101717
b0044,0.764898958
b2776,0.084205858
b4333,0.899748816
b3234,0.188698379
b0548,0.335690977
b2431,-0.249510197
b4594,1.050628033
b4541,0.714522086
b2198,-0.876361962
b4463,0.151319548
b3664,0.256212865
b2765,-0.104421996
b1225,-0.374335438
b4363,0.119355631
b3520,0.181519672
b3860,-0.27851314
b3180,-0.081816577
b2359,0.447492223
b0218,-0.081307878
b3341,-0.352914537
b3765,0.110935364
b4058,-0.316926935
b2045,0.023087236
b2070,0.012344066
b1673,0.380153135
b2872,-0.120925346
b3646,0.408219669
b3138,0.818100529
b3200,-0.049140813
b0074,0.202924574
b4349,-0.235505978
b3980,-0.418702408
b0195,-0.004416043
b3236,0.156993807
b3823,-0.378863362
b0241,1.116353893
b3713,-0.249052153
b1775,0.218868919
b3493,-0.458429094
b4347,0.590589006
b0551,0.342745231
b1479,-0.243970345
b0006,-0.134214857
b0919,-0.243083504
b0809,-1.297603158
b0290,0.189019981
b1559,0.09276863
b0059,-0.243571868
b3063,0.100567295
b0620,-0.633549705
b0520,0.448713156
b0134,-0.41982372
b2939,-0.252450129
b1937,0.436558832
b3401,-0.185266968
b0842,0.016905377
b4526,0.667913589
b0247,0.4349465
b3296,-0.156653975
b3530,-0.109569827
b4213,-0.15219049
b0262,0.130266611
b4084,0.035573926
b0815,-0.096841317
b0819,-0.206084332
b3491,0.238452579
b1824,-0.255210943
b2480,0.232890821
b2934,0.266232148
b4010,-0.116444765
b0853,-0.035607156
b3237,0.055644582
b3964,-0.107609084
b0355,-0.035181593
b0840,-0.013152125
b3871,-0.630669848
b1286,-0.675344065
b1679,0.006924377
b1312,0.57535639
b1874,-0.200463124
b1928,0.158207125
b1872,0.39308874
b0763,-0.146151555
b3966,-0.260906768
b2076,0.278747997
b0172,0.257431908
b2054,-0.098896103
b0278,0.151282892
b4286,0.448376085
b0317,0.375510876
b2204,-0.224413161
b1790,0.278534428
b2078,0.016235535
b0801,-0.125345977
b1389,0.176209521
b3560,0.098227521
b3952,0.198806668
b3822,-0.500312825
b2107,0.118733489
b4197,0.0504
b1378,-0.370155547
b4143,-0.908412183
b1468,0.147102877
b2708,-0.073076554
b1638,-0.205658188
b1126,-0.591188726
b1187,0.021371454
b2406,0.258084714
b2208,0.284404903
b0785,0.387023861
b1702,0.503406792
b2788,0.647190831
b2246,0.171433915
b2902,0.746994736
b0691,0.583385138
b3037,-0.058253933
b3673,0.46423095
b4501,0.4820369
b1603,-0.290154931
b2834,-0.091662955
b3270,0.191759056
b0486,-0.063623693
b1699,0.155452337
b1706,-0.120817281
b3729,0.049819434
b2551,-0.527734906
b4380,-0.666222549
b4158,0.446192059
b4300,0.346333576
b4699,0.192591717
b2345,0.069278091
b4652,1.606446253
b4034,0.216232677
b4181,0.339712264
b1791,0.191501781
b2203,-0.414977786
b2336,0.244685149
b3281,-0.080821281
b2882,0.538923673
b0935,0.449845471
b4175,-0.374247105
b3985,-0.017185424
b1516,0.13712086
b2064,-0.129655763
b0910,-0.06689695
b4628,0.342627471
b2998,0.448394967
b1547,0.431934457
b0364,-0.01491181
b1809,-0.370037833
b3870,-1.124908432
b3525,0.561443023
b3185,-0.362370788
b3257,-0.146340195
b0156,0.273448309
b1801,0.372052133
b3126,0.393258174
b2968,0.086647112
b2247,-0.184334283
b3737,-0.150095052
b4671,0.627489509
b4548,0.340115009
b3554,0.127917211
b1353,0.143398923
b3363,0.157842904
b1408,0.809904612
b2278,-0.029182214
b0423,-0.749358184
b0560,0.447809762
b0902,-0.105706445
b1948,0.550849359
b4371,-0.396677455
b2197,-0.833945643
b0151,-0.223442965
b1761,-0.778276793
b0918,0.095445745
b3973,-0.264209174
b2983,0.213943614
b4155,-0.514091077
b3378,0.610667986
b4649,0.703760982
b0709,-0.65395962
b1684,0.030044871
b2703,-0.126541329
b2190,0.319868846
b2961,-0.081172023
b4616,0.610456988
b2494,0.061220233
b3978,-0.177945971
b3821,-0.17986803
b1577,-0.0898143
b3880,0.160769331
b2206,-0.083613391
b3780,-0.313173289
b0235,0.828133048
b1178,-0.752059247
b3901,0.701342991
b2230,0.269365007
b2574,-0.49287967
b4206,0.25416337
b3226,-0.065708045
b1269,-0.108323836
b1931,0.068745914
b1728,0.560685281
b3979,-0.108771931
b1885,0.453484189
b0137,0.468125343
b0174,-0.188238441
b1209,-0.140851478
b2034,-0.433742856
b1683,-0.048867751
b0312,0.425632812
b3805,-0.219019163
b1284,0.17512011
b1472,1.589488488
b0637,-0.004766751
b0756,-0.128276761
b0608,0.158896615
b3100,-0.051458212
b0716,0.818576504
b1529,0.056657159
b2274,0.302416695
b1436,0.214869825
b3164,-0.140701479
b4555,0.838916458
b2503,-0.010033587
b0109,-0.120708349
b1335,0.202012357
b3145,0.28756345
b3750,-0.821690576
b3781,-0.018916613
b0294,0.013137409
b1281,-0.353802368
b4514,0.105651007
b1787,-0.133180645
b2444,0.383492895
b2265,-0.142286028
b1132,-0.644503561
b1856,-1.380483919
b3332,0.156443736
b1295,0.082641607
b2688,-0.113403903
b0822,0.011537957
b0231,0.134728031
b3533,0.157962814
b2201,-0.159846736
b1490,0.463977227
b0303,0.619310478
b0437,-0.177423891
b2977,0.54458739
b4226,-0.494544883
b4442,-0.147435271
b0180,-0.157460987
b2938,-0.308863047
b1385,0.050281945
b2332,0.195397927
b2321,-0.19283804
b3342,-0.262600176
b3974,-0.207396872
b2784,-0.076359596
b3176,-0.080455906
b4677,2.064144808
b2299,0.068434795
b0283,0.223919287
b1495,-0.283028481
b4193,0.401246428
b3322,0.314490184
b0271,-0.058001696
b0408,-0.23546556
b0920,0.109826935
b1568,0.559056811
b2769,0.350191566
b2411,-0.209587366
b4394,-0.042547482
b0417,-0.230389093
b2518,0.580312993
b3573,-0.185916692
b1148,0.301748433
b0354,-0.168178547
b2133,-0.198823278
b4162,-0.10118334
b0766,-0.210149591
b1701,0.234616113
b0615,-0.387485946
b2874,0.135770276
b3269,0.654893288
b1774,-0.302203083
b0741,-0.273037405
b1759,0.021904619
b2479,0.180569279
b1323,-0.30595346
b2883,0.053772041
b0068,-0.460310532
b2205,-0.155359079
b2721,-0.33003544
b3574,-0.264794334
b1817,-0.664286843
b0629,0.146321507
b1670,0.387438591
b2937,-0.064998665
b1318,-0.219713566
b4253,-0.040179211
b1900,0.307462814
b4043,-0.019367156
b2202,-0.210531547
b1454,0.834367169
b1467,0.052357079
b2343,-0.354482603
b3667,0.143395589
b4653,0.726801089
b0234,0.316788633
b4173,-0.075524154
b4713,-0.042453942
b2412,0.056938393
b1838,0.517975608
b2641,0.191965336
b3472,-0.222285961
b4678,-0.117887628
b0933,0.102094303
b4623,0.176214082
b3747,-0.180394735
b1538,-0.14984028
b4634,0.599185882
b0717,0.667932631
b3438,0.13833611
b4608,0.817431412
b1883,0.115392197
b0823,-0.004196725
b0696,0.210408812
b2726,-0.250860393
b4415,0.13361379
b1008,0.136291458
b4307,-0.147249111
b3400,-0.313771608
b2620,0.250035228
b1695,-0.106702621
b0926,-0.08395173
b3531,-0.017744521
b4502,-0.112707343
b4684,1.447781241
b3984,-0.547260266
b1227,-0.182726067
b3529,-0.18431735
b4177,-0.47933537
b1274,-0.554356774
b1742,0.253195578
b0414,-0.161160968
b0727,0.38412492
b1570,0.184385225
b1985,0.185127915
b2209,0.203482937
b2611,0.138244715
b0175,-0.20069207
G0-10738,0.032522811
b3771,0.557820675
b0834,0.241037705
b2231,-0.534542434
b3523,0.193096922
b2972,0.6362086
b0619,0.179535648
b1156,0.233573796
b1226,-0.156243102
b3379,0.049804785
b2435,-0.289968144
b3971,-0.388097823
b0438,-0.110194551
b0237,-0.509084785
b3157,-0.119247076
b1561,0.239148577
b4295,-0.024963564
b0571,0.119291255
b0781,0.331496925
b2522,-0.080514855
b1006,0.091598314
b0719,0.121609425
b3541,-0.475937591
b0839,0.142614721
b2920,0.168881974
b3786,-0.094028767
b0788,0.482147913
b1857,-2.247302429
b4296,0.308661412
b4014,0.219335414
b1754,-0.479808508
b0383,0.419416928
b0642,-0.32977221
b3077,0.261498026
b4265,0.274654226
b3726,0.410364822
b1041,-0.338299822
b0660,-0.211925893
b4332,0.29922432
b3395,-0.115434057
b4329,-0.267374305
b1043,0.705069126
b1771,-0.248159437
b1624,-0.178909514
b1377,0.365053778
b0345,-0.164288006
b4701,0.900325422
b2711,0.34101568
b0941,0.518347418
b1222,-0.057847056
b0513,0.126961343
b2892,-0.229309588
b0410,0.104756919
b3273,0.19480621
b3309,-0.298358167
b0862,-0.428439985
b2365,0.115013192
b4481,-0.736760074
b3463,-0.232306215
b2092,-1.318727323
b1336,0.059929185
b1487,0.533507013
b3159,-0.085904879
b2512,-0.250054166
b3582,-0.084561832
b4601,0.995535507
b0568,-0.058591706
b3417,-0.02453791
b3916,-0.59342522
b0246,0.341379199
b2940,-0.244371497
b1125,-0.599187328
b3575,0.07671388
b3934,-0.076267428
b4199,0.632165722
b4580,0.515286054
b1093,-0.103532238
b2780,-0.207487841
b3279,-0.185239
b0553,-0.202821897
b1753,-0.251252702
b2761,0.085685751
b2293,-0.500102777
b2131,0.535777298
b2157,0.024784205
b1376,0.413707371
b2632,0.232721997
b1346,-0.156266802
b1617,-0.102793012
b2897,0.079779595
b3346,0.017927883
b2906,-0.353408149
b2796,-0.801778139
b0008,-0.03340282
b0178,-0.166916742
b0545,-0.033171426
b4122,-0.902656044
b2981,0.329005886
b3540,-0.531666431
b0524,-0.456603369
b2960,-0.024172748
b1870,-0.080108424
b1466,-0.341306663
b3850,-0.175100583
b1344,-0.278565701
b1593,-0.226530342
b1807,-0.401469967
b2186,-0.237337689
b1951,0.39688161
b2375,-0.240373314
b1823,-0.241627551
b2445,0.201276944
b0792,0.078256906
b3211,0.02501701
b4570,0.395076373
b1014,0.461188377
b3958,-0.598048704
b2283,-0.2735542
b4079,-0.812751789
b2001,0.456545994
b4475,0.1367999
b1828,-0.429566638
b3048,0.362090188
b3140,-0.094052277
b2908,-0.354592003
b3023,0.360305814
b1193,-0.055714432
b4492,0.205531666
b1930,-0.474354678
b2297,-0.949053844
b3199,0.14798255
b4375,-0.44196986
b1789,-0.203557655
b2490,0.196541893
b2951,-1.00027543
b4086,0.085775411
b4294,0.368843608
b3340,-0.305099939
b4459,0.424270496
b3972,-0.046914623
b3173,0.348052415
b0205,0.337014288
b1794,-0.1107387
b3803,-0.047247099
b4204,0.178061584
b3262,0.101447006
b1224,-0.241549521
b4503,0.181838367
b4146,-0.022249199
b3359,-0.439090167
b3647,0.296020832
b2410,-0.268374542
b4477,-0.101150221
b2623,0.131142048
b1645,0.15692409
b2033,-0.352994001
b4356,0.176831863
b1747,-0.053614853
b4576,0.273750515
b2459,0.232411225
b3732,-0.357069872
b4423,-0.225827544
b4392,-0.091562818
b3241,0.462394446
b3028,0.075383084
b3734,-0.239634052
b4484,-0.231911034
b4019,-0.310573217
b3825,-0.078359149
b1105,-0.098785778
b3559,-0.307736638
b1846,-0.171817689
b1871,-0.164941302
b2759,0.178803144
b4461,-0.118089852
b3658,0.915714802
b3724,0.181249947
b2603,0.333674465
b3020,-0.442080765
b0224,0.085513187
b3019,-0.455330263
b4648,0.689366691
b3338,0.107706577
b2965,-0.076545028
b3989,0.5031727
b2988,-0.204122966
b3451,0.202961869
b0365,0.013261695
b3310,-0.345450217
b1949,0.732741276
b4075,0.671973263
b0530,0.026630501
b1886,0.355129506
b2959,-0.036473294
b3499,-0.185734854
b1058,1.028082287
b0118,0.327729359
b3092,-0.421521477
b3098,-0.109121019
b0621,-0.604675407
b0128,-0.068767559
b1255,-0.204993159
b0651,-0.334605539
b2044,0.050373761
b2257,0.261174969
b3099,-0.07839809
b2966,-0.055559395
b3983,-0.539427259
b4033,0.122596191
b3410,-0.680836
b2625,1.586536938
b4224,0.212316642
b3339,-0.390298355
b3447,-0.383623958
b0963,-0.416874507
b2791,-0.150783962
b3170,-0.067678321
b3018,0.303345892
b2689,0.119531591
b1317,0.289859564
b2949,-0.050196872
b2279,0.063968385
b0189,0.2179695
b1097,0.033020638
b3127,0.838664231
b1267,-0.219442505
b2487,-0.148129677
b3785,-0.224210917
b2515,-0.197705479
b0353,0.209595343
b3605,0.40890798
b3446,0.077126828
b0367,0.06034238
b1826,-0.085361785
b0101,-0.339840306
b1622,-0.23966193
b3905,0.225194387
b0091,-0.501799631
b0797,-0.363739323
b0574,0.173947598
b1107,-0.079019327
b3026,0.059974798
b2577,0.139658724
b2663,0.208738674
b2828,-0.107980469
b3636,-0.20449685
b0889,-0.468735416
b4037,-0.185555794
b2156,-0.927753799
b0436,-0.579314741
b2291,0.004343508
b3752,-0.285411051
b4674,0
b1296,0.304671504
b3349,-0.260547783
b1892,0.098220028
b2652,0.795853645
b1175,-0.269171712
b2709,0.112571036
b4136,-0.218786965
b0481,0.091535081
b4567,-0.243188385
b3549,-0.11466144
b2360,-0.229577989
b2362,0.270719868
b3330,0.474572088
b4144,-0.09700784
b1535,-0.130974865
b3274,-0.765532452
b3736,-0.134859872
b3097,-0.00077478
b3386,-0.239353126
b1150,0.466615026
b1672,0.127085066
b3169,-0.155069837
b4636,0.626491069
b0811,-0.485652836
b1484,-0.254089201
b1015,0.132227586
b3193,-0.138381126
b3650,-0.275995662
b4077,-0.06800886
b1818,-0.874285849
b0760,-0.163234977
b0923,0.001255858
b0517,0.49025249
b2324,-0.409435265
b3733,-0.310352276
b1122,0.249610691
b4460,0.415512325
b3656,0.046447485
b1236,-0.365434276
b0998,0.055209787
b1634,-1.08360361
b1277,-0.278182396
b0990,0.036730432
b2083,0.114350455
b4409,0.147606145
b2509,-0.497724676
b3404,-0.217466932
b0833,0.229165628
b2629,0.323446648
b0983,0.200401614
b1485,0.191255574
b1613,-0.494415757
b3653,-0.414852934
b0424,-0.24152668
b4352,-0.143968613
b4486,0.325041074
b0188,-0.266700014
b2733,-0.354555503
b0493,-0.039780629
b4692,0.353824507
b1263,0.04061847
b1567,0.470612043
b1698,0.11117572
b2807,-0.119080418
b3723,0.795185109
b4059,-0.179175223
b0170,-0.286814473
b3282,0.023633431
b2093,-1.191676332
b3514,-0.433961306
b2422,0.346025342
b4331,0.056018694
b1844,-0.011311352
b0342,0.495183084
b4368,-0.048662261
b1587,-0.412903867
b0357,0.033610139
b3051,0.0914822
b3298,-0.103910166
b2446,0.241392617
b0759,-0.247507689
b3219,8.608841234
b2008,0.171691018
b2159,-0.1689299
b3801,0.369924937
b0433,-0.323803797
b2818,-0.67447415
b4314,-0.476311466
b4169,-0.087218452
b1581,-0.036337144
b0942,0.296088901
b1343,-0.562977596
b3089,-0.583657288
b3532,0.074253473
b1703,-0.260802669
b2097,-0.562976598
b1076,0.583662461
b2437,-0.026539283
b2506,0.907639949
b1641,-0.218187819
b3132,0.706301531
b0039,0.225420064
b3779,-0.299919414
b2893,-0.100049511
b3912,-0.043420615
b2200,-0.167289023
b0120,-0.018885886
b0515,-0.219945353
b0734,-0.26925702
b0726,0.519276235
b2493,0.010038609
b4312,0.20482724
b1009,-0.079566389
b1176,-0.050503029
b2485,-0.033881611
b1242,0.216616483
b3050,-0.098628748
b3256,-0.519742926
b2263,-0.311646382
b3564,0.580810787
b1256,-0.016452457
b4361,-0.006896107
b4603,1.60250288
b2240,0.230832732
b3124,0.118054597
b2637,0.583920849
b0403,-0.239423322
b0400,0.32020524
b0765,-0.181901255
b2284,-0.092459233
b2463,0.236248302
b0728,0.635523603
b0838,0.150671598
b2237,-0.116295075
b2533,0.178422601
b4340,0.720661071
b0169,-0.373368975
b2395,-0.487778233
b2646,0.97339883
b2069,-0.556316777
b0206,0.478700966
b3933,0.110900464
b1714,-0.529823611
b1117,-0.601269571
b0776,-0.068899076
b2610,-0.234154348
b4633,0.382914192
b4297,-0.104816834
b4476,-0.42398866
b0636,0.081591571
b3795,0.001896569
b4154,-0.344496296
b1233,-0.140071119
b3232,-0.363875517
b3812,0.060731762
b3481,0.209195942
b0026,-0.144061487
b2058,-0.201698209
b4565,0.188065691
b1308,-0.349208626
b0472,-0.098928816
b2808,-0.139063141
b3449,0.098055748
b4631,0.900914789
b1654,0.008578737
b0860,-0.626583345
b2588,0.524868893
b1038,-0.395234617
b0592,-0.62238095
b4646,0.391457051
b4427,1.874483571
b2594,-0.249117421
b0236,0.086000068
b3057,-0.101072536
b3308,-0.358921897
b1825,0.122692494
b2280,-0.010878831
b4550,0.329911092
b4022,0.080983467
b3637,-0.298025365
b3502,0.274379509
b2532,-0.247472099
b0909,0.053022054
b2511,-0.351575331
b2188,-0.312355357
b0529,-0.359273756
b3123,-0.474722749
b3807,-0.057523982
b0907,-0.633816836
b2095,-1.053757633
b2645,0.121390535
b3375,-0.103758748
b3134,0.14632001
b4266,0.077867795
b0611,0.063815254
b2976,0.368838681
b3802,-0.194191765
b3731,-0.321777991
b2720,0.049237771
b0729,0.638632025
b1746,0.005074187
b3452,0.39912908
b3480,0.177636754
b4449,-0.22129237
b0396,0.120427804
b3524,0.404581132
b0119,0.114946815
b1658,-0.593424974
b2377,0.017596738
b3259,-0.091195394
b0306,-0.384844828
b3385,-0.105499705
b1960,-0.411959117
b0305,0.805015948
b1907,-0.116754105
b3407,-0.488462671
b1671,0.141069043
b1268,0.304267894
b2916,-0.020601434
b1063,-0.134810843
b2051,0.117728771
b3297,-0.023714986
b3508,-0.578976008
b3595,0.625502572
b1748,-0.011768705
b3337,0.206345578
b1067,0.068183096
b4588,0.510947351
b1578,-0.020860801
b2751,-0.546058113
b3264,1.254396262
b2886,0.361440157
b1936,1.005982343
b0683,0.110193392
b2153,0.296315183
b2747,-0.13388516
b0095,-0.218110233
b1171,-0.390873728
b2904,0.976800033
b3764,-0.472239017
b2738,0.273316933
b1660,-0.504370549
b0031,-0.521434454
b3735,-0.144253188
b4420,-0.241700019
b4441,0.805946469
b2587,0.31544621
b0411,0.055850273
b1186,-0.499144062
b2134,0.061009968
b2323,0.21761169
b2992,-0.303376208
b1981,-0.370078888
b2750,0.125068326
b2546,0.158141451
b0826,-0.289891758
b1500,0.64593295
b3390,-0.003554527
b0610,0.341014731
b4117,-0.054213737
b2249,-0.160331001
b0048,0.469572457
b2702,-0.098803461
b3049,0.051178642
b1764,0.024387199
b1968,0.05364312
b4624,0.389438681
b3604,0.598486577
b3996,-0.091645036
b1441,0.331357173
b3067,-0.090790136
b0073,0.326470523
b4685,0.475598526
b0803,0.727637585
b4138,-0.638091399
b2149,0.681123108
b0870,-0.322022375
b3307,-0.309134747
b1650,-0.362823353
b0633,0.060952873
b1633,-0.334510982
b4337,0.286158041
b2544,-0.046417778
b3746,-0.134270159
b2387,0.00810167
b0808,0.09814079
b1249,-0.03395397
b3231,-0.409974868
b2390,0.193929357
b2801,0.322814319
b1778,0.266362992
b1259,-1.039967432
b4705,-0.093471861
b0911,-0.528297046
b1597,0.977116439
b0960,-0.396934062
b2005,-0.340130847
b3813,-0.295124028
b1033,-0.050401302
b4414,-0.314227554
b0552,-0.176551799
b1700,0.629198303
b0077,-0.314421734
b1276,0.561386028
b2003,0.209382605
b4438,-0.265725471
b3345,0.044102789
b0455,0.606439773
b0372,-0.043712112
b3469,0.223768573
b0722,0.700940969
b2374,-0.117856805
b4123,-0.863014445
b1708,0.262128041
b3751,-0.827526064
b3929,0.016008589
b4360,0.194436597
b2774,0.354342345
b3986,-0.03437914
b3708,-0.128998589
b4389,-0.297704668
b2550,0.069901778
b2349,0.033906215
b1806,-0.485165834
b3101,0.238789332
b0366,-0.51866331
b4065,0.027088638
b2755,0.224285373
b3856,0.372238443
b1599,0.367001898
b1927,0.048743514
b4466,0.343612121
b0912,0.210686228
b1473,-0.356718409
b1331,0.002601699
b0426,-0.380611674
b2055,-0.055891763
b0356,-0.044644031
b1307,0.594668912
b1674,0.277540234
b0591,-0.749015879
b4533,0.07521535
b4088,-0.623360447
b1737,0.070936905
b4639,1.122694893
b1430,-0.259059975
b4683,0.372397625
b0606,-0.468909163
b0750,-0.194850106
b0905,-0.465014019
b2955,-0.830436406
b4558,0.238578339
b3809,0.187678802
b1514,0.347812175
b2292,-0.085034913
b2847,-0.264079075
b4406,0.175834414
b0398,-0.471795818
b2762,0.969144582
b2106,-0.289215108
b1515,-0.063142842
b4219,-0.105423262
b3874,-0.344704049
b0994,-0.069807599
b2580,-0.213139096
b0810,-0.974885627
b1003,-0.075478303
b4062,-0.776573597
b0825,-0.068710254
b1891,0.022955409
b2982,0.000463136
b1548,0.013300509
b2285,-0.138442648
b1221,-0.348524641
b4400,0.298228733
b3070,-0.470349601
b4520,0.590507197
b0379,0.371160146
b1501,0.285178534
b2333,0.404316369
b1086,-0.237584663
b1722,0.530286768
b3162,-0.054734848
b0865,-0.020259711
b0981,-0.225814215
b3054,-0.099824884
b2697,-0.31712318
b3895,0.011329856
b0898,0.39863236
b2328,-0.185816293
b3551,-0.241398758
b1788,0.164959108
b0300,0.094887615
b1004,0.027190281
b2043,0.283212584
b0969,-0.164016565
b3500,-0.251551673
b0854,0.35818692
b1373,0.371548456
b1282,-0.179047308
b2264,-0.209758252
b3923,-0.027978801
b3957,-0.327148506
b4258,-0.311570921
b3819,0.130429451
b1982,-0.103718776
b0259,-0.088320386
b4488,-0.038979878
b4076,0.333269802
b2812,0.217530705
b3287,0.037265269
b0413,0.013966665
b0071,0.500981703
b3617,0.010829016
b4373,0.052663074
b2746,-0.138001553
b2261,-0.774150806
b2827,-0.237274256
b1223,-0.764871085
b2514,-0.171071097
b3938,-0.490607195
b0363,0.237898994
b0720,0.510664067
b4299,0.278559911
b4637,0.24164649
b2382,0.152322298
b0656,-0.005755456
b2388,-0.505118297
b0557,-0.749407956
b0004,0.706181751
b3272,-0.272345868
b3031,0.100011205
b1819,-0.894406743
b1779,-1.142438451
b2041,-0.174009802
b0465,-0.440248002
b1969,0.549050114
b4669,-0.051720121
b1847,0.215299993
b0650,0.306010467
b2749,0.473299811
b0111,0.026714392
b2817,-0.12972539
b2911,-0.064208824
b0882,0.204317233
b3772,0.859746882
b4372,0.09924279
b0599,-0.050219577
b0035,0.224094176
b0892,-0.145396832
b1275,-0.230676181
b3645,0.251378597
b4235,-0.168628333
b2565,-0.137367946
b3011,-2.059394446
b1555,0.539262735
b1234,0.125212091
b0130,0.348805449
b4096,0.171852153
b1301,0.321501782
b3434,-0.338823721
b3191,0.059493061
b0752,-0.066571903
b1521,-0.646600588
b2555,-0.13712264
b0420,-0.272025091
b1315,0.262062515
b1859,-1.056876689
b0115,0.13020872
b1164,0.964258763
b4112,-0.062143237
b4261,0.057049202
b4069,0.555325729
b0252,0.23489565
b2548,-0.248454329
b4355,0.051888918
b3022,0.387860813
b1325,-0.178597708
b0908,-0.540513547
b4032,-0.241750816
b3922,-0.026869604
b0894,-0.189529614
b2924,0.421889423
b3945,-0.433157446
b2166,0.576777411
b4362,0.295910195
b0971,0.493230139
b3056,-0.115117961
b1496,-0.396788104
b1719,-0.098600414
b3220,10.32613831
b3988,-0.341919081
b3883,0.022724305
b1027,-0.219945438
b1172,-0.386632107
b3546,-0.175007243
b3791,-0.750204743
b3800,0.240730975
b1878,0.256697473
b0989,0.850734068
b0569,0.24057402
b2599,-0.588998421
b4262,-0.194180413
b0053,-0.223916612
b0431,0.389546568
b1463,0.448734081
b2124,0.101679598
b1619,0.070476353
b2821,-0.240384626
b0844,-0.064305188
b4085,-0.295262961
b4001,-0.070698196
b0872,0.186822194
b0382,0.444774974
b3029,-0.092361952
b1890,0.528079971
b3585,0.036678324
b0269,-0.496295545
b1777,0.4039988
b2217,-0.108026556
b1865,-0.125067033
b3352,-0.391118066
b2251,0.149908742
b2363,0.303966065
b3940,-0.3163375
b0639,-0.086527928
b2009,0.249425072
b4510,-0.908449221
b3889,0.617878442
b4680,0.354875073
b0072,0.437297342
b4702,-0.074031488
b3040,0.05971906
b2022,-1.11735932
b3209,-0.119695997
b4383,-0.2298785
b3963,0.058655692
b4412,-0.706998818
b1402,-0.091962669
b2310,0.263800092
b4015,0.160114345
b1924,0.477085811
b0706,-0.266520961
b4402,0.166628445
b1163,0.429617589
b1394,-0.213450013
b2392,-0.172261136
b3197,-0.05577142
b4303,0.220474928
b0214,0.070141735
b1596,-0.091753785
b4225,0.275000913
b0129,0.264582895
b2867,0.185771221
b3597,1.374453395
b1208,-0.502093344
b0160,0.132390022
b0506,-0.139096657
b3567,0.742741528
b2829,-0.216748088
b1304,-0.184205764
b2787,0.096338754
b0757,-0.33341928
b0076,0.321006519
b1664,-0.012944447
b0735,-0.171004049
b0627,-0.32556796
b3655,-0.0179302
b4203,-0.285495592
b0327,0.344422518
b2568,-0.259329665
b4063,-0.053887543
b2308,-0.288841723
b4242,-0.990333894
b2642,0.03022988
b1190,0.819781678
b1333,-0.025339521
b1972,0.184241557
b2079,-0.199406469
b3687,-0.10209909
b2763,-0.769221459
b3600,-0.230790482
b2523,0.270191328
b1218,-0.05425325
b4134,0.309765723
b3094,-0.087621407
b3565,0.265100711
b3824,0.316456436
b2098,-0.067814591
b4479,-0.184184873
b0164,0.203663046
b1361,-0.139474509
b4050,0.323663652
b1829,-0.013502775
b4244,0.322822884
b0331,0.495717839
b2513,-0.169514512
b3102,0.150971267
b0653,-0.392931638
b0658,-0.23228541
b1183,0.35542219
b4055,-0.084825641
b0635,-0.372378989
b0955,-0.385560572
b2530,-0.463427937
b0113,-0.229011312
b1569,0.166842713
b0578,-0.402964445
b1120,-0.247012139
b1356,0.485153311
b1522,-0.034783777
b2624,-0.031589799
b2543,-0.128579626
b1740,-0.215117516
b3055,-0.170411603
b1077,0.576512878
b4109,0.494469973
b1137,0.342469427
b4115,-0.315324199
b0183,-0.022157839
b1138,0.624096442
b2507,-0.286012629
b2571,-0.029752726
b4315,-0.323602183
b3739,0.282790526
b2631,0.505841776
b1046,-0.038648887
b2423,-0.849222366
b3909,0.422172216
b2353,0.452896032
b2172,0.118336534
b1811,-0.111305605
b2975,0.578579216
b2756,0.199791649
b0800,0.002232171
b1450,1.10877166
b1635,0.140375422
b0799,-0.136073936
b0351,0.007681177
b4632,0.438069017
b3700,0.054291467
b3614,-0.357390469
b1098,0.030204446
b2170,0.091514643
b3255,-0.047717024
b0541,-0.094921979
b2609,-0.282115801
b3660,-0.269942926
b1280,0.030690746
b4129,-0.127192415
b2101,0.008972375
b2825,0.020654459
b1556,0.620527017
b1302,0.302968213
b1520,0.072929215
b0850,0.086960716
b0692,-0.089304685
b1349,0.244108765
b3717,0.2943521
b1197,-0.000870204
b4230,0.370693198
b4585,0.360010892
b1359,0.179771999
b2962,-0.042047391
b2685,-0.442052522
b1329,0.211024139
b2538,0.404382051
b1007,0.079053267
b1959,0.140075954
b0710,0.01411444
b2176,-0.406513386
b0471,-0.23684283
b2926,-0.4968387
b2146,-0.077684474
b3074,0.358086639
b4011,0.569438721
b0682,0.034822784
b4598,0.720152541
b1480,-0.293825427
b2678,-0.503189986
b4251,-0.154443281
b0689,0.488344239
b1448,-0.165370418
b1512,-0.112344667
b3250,-0.214802448
b0286,0.636683266
b0921,0.105629162
b4485,0.38299445
b0631,-0.282267773
b1261,0.109245819
b3740,0.010933177
b2348,0.012422276
b0428,0.581533072
b0308,0.432238282
b2298,-0.631508736
b2570,-0.122935764
b1595,0.079112644
b1334,-0.262341622
b1773,-0.527105971
b3252,0.007947234
b1991,0.451096126
b1821,-0.417321069
b4366,0.089534881
b0761,-0.009130231
b3131,0.106381406
b2461,0.121117739
b0953,-0.122301997
b0152,0.052955664
b0457,0.290408104
b1237,0.039271322
b4397,0.037138437
b0742,-0.017579378
b0285,0.390417994
b3060,0.296390785
b1858,-0.907182247
b2505,0.56772194
b0084,0.063344835
b3175,0.358667779
b4704,0.277273682
b0777,-0.469621838
b4654,1.04506243
b0036,0.547033407
b0514,0.27783487
b1262,0.205616504
b1780,-1.034251666
b1092,0.049213165
b3409,-0.535305928
b0132,0.228145364
b0841,-0.245046183
b0556,-0.517680042
b4004,-0.121387163
b4245,-0.314423142
b0253,0.073975793
b2805,0.110063216
b4205,0.136892373
b0027,0.014167855
b3025,0.218559745
b1669,0.135551025
b3492,-0.196910955
b4590,1.00855465
b4445,-0.24167583
b2921,0.122311214
b4044,-0.225945829
b2837,-0.227408769
b0190,-0.049978969
b2094,-1.237895697
b3594,0.405058182
b2909,-0.172530562
b3663,0.275961431
b1983,-0.657262597
b3632,-0.148287776
b4172,-0.026804747
b1786,-0.283494837
b0762,0.296356798
b2562,0.123810938
b2989,-0.376769066
b1993,0.45912266
b1447,-0.128282419
b4346,0.313970252
b4432,0.177672968
b2196,-0.541226679
b0204,-1.955863024
b2089,-0.613755879
b4398,0.029375406
b1580,0.42232862
b0361,-0.115732144
b0676,-0.432707418
b3212,-0.02653842
b1124,-0.001931034
b2195,-0.737891172
b2023,-1.17417657
b0273,-0.82684708
b2141,-0.541171789
b4421,0.39430276
b3440,-0.544834142
b2832,0.076383704
b1863,-0.337554035
b1869,-0.174265449
b0387,0.197953614
b2012,0.067969595
b4009,-1.928374564
b3005,-0.520623688
b1332,0.314577113
b1709,0.024909157
b2619,0.312841802
b3758,-1.895186367
b1943,0.390588661
b3161,0.220667736
b1271,0.054108508
b1727,0.161653549
b3085,0.301328981
b2993,-0.19303676
b3335,0.401546142
b1414,-0.0787594
b4410,0.142745587
b3521,-0.043006926
b4643,0.645953834
b3260,-0.137321885
b3485,0.871941373
b3970,-1.869133182
b3854,-1.933846762
b1134,-0.309547598
b4149,0.725104458
b4218,-0.070490044
b0376,-0.004284649
b4324,-0.005979736
b0973,-0.167880013
b1644,0.046310755
b3956,-0.681170854
b2757,0.461921814
b1542,-0.035329343
b0110,0.107335429
b1083,0.113793813
b0915,-0.29217163
b2572,-0.000933358
b4658,0.66353351
b2281,0.002002149
b3527,0.046708839
b0730,-0.150226554
b2719,-0.036482301
b3592,0.609824346
b0775,0.325350216
b3275,-1.957716147
b4024,-0.820029567
b1607,0.262557271
b4553,0.822118609
b3188,-0.192382911
b1062,-0.767722521
b2589,-1.93554501
b3638,0.185028727
b0264,0.171392716
b2608,-0.23184467
b3915,0.047380767
b0975,-0.257029695
b1950,0.487073038
b1238,0.138693085
b3619,-0.290882834
b2415,-0.652541051
b4264,0.307681291
b4212,0.672972358
b0425,-0.211012446
b1339,-0.032083931
b1032,0.823054678
b0490,-0.110488871
b0082,-0.262737618
b2429,-0.343667992
b0577,-0.352744737
b0780,-0.151443425
b2715,0.040914177
b0184,0.01019465
b2896,0.207254217
b0212,-0.120225121
b1498,-0.485321801
b1772,-0.497529528
b1994,0.059151933
b3239,0.363031564
b3906,0.413534661
b1689,0.210766602
b3820,0.920067971
b3399,-0.207010046
b4521,-0.054506988
b0311,0.38996434
b1648,0.281014304
b0244,0.343496693
b2840,-0.016001726
b1711,0.106406256
b4166,0.035662527
b2364,0.314956236
b1745,-0.13113028
b1879,0.311096809
b2140,-0.103173857
b2302,0.581273751
b4302,0.23583416
b3458,-0.267431681
b2615,0.095638544
b3093,0.001661179
b1292,0.238873529
b4464,-0.091222367
b1094,-0.107659969
b1000,-0.160506987
b1513,-0.024654487
b1963,0.43470269
b4321,0.047355483
b2462,0.977407505
b1589,-0.72447146
b0976,-0.413457904
b3676,0.026298892
b2111,-0.170551238
b2614,-0.474061937
b4655,0.645949929
b2502,-0.337274995
b2901,-0.371171118
b3494,0.45669935
b4513,-0.498901078
b0843,0.046588856
b1475,-0.366709546
b4676,-0.060551008
b2380,-0.450214542
b3344,0.053459507
b1546,0.263858174
b2843,0.337909732
b0723,0.653332771
b3071,-0.518813844
b4282,-0.062325109
b3213,-0.170463954
b1199,-0.279285233
b1731,0.225303425
b1159,0.498409818
b0051,-0.226265254
b3354,-0.06246302
b1300,0.329381369
b1688,-0.097500274
b1630,0.514713936
b3715,0.021483892
b3306,-0.30509697
b4156,0.322302736
b0349,-0.164828862
b1191,-0.336738564
b1494,-0.724421632
b0665,-0.218753819
b3412,0.066961647
b4599,-0.325175612
b1379,0.278930455
b2638,0.41759127
b3184,-0.047237812
b1877,0.649337876
b1602,-0.169677612
b1508,0.174905171
b1921,0.798095714
b0239,-0.130484719
b4606,-0.208219174
b4119,-0.031030487
b4176,0.554924604
b1141,0.390636782
b1803,-0.114157075
b4544,0.266015686
b1914,0.281210161
b4263,0.14844939
b0906,0.469338162
b4554,0.699393306
b2282,-0.0950911
b1947,0.307979769
b2164,0.147619186
b4061,0.337545038
b4179,0.137524435
b0146,0.251103968
b0177,-0.182121172
b1912,0.111465925
b1155,0.237520784
b3977,0.146326136
b2598,-0.223079956
b3755,-0.073849004
b4133,-0.132203273
b2826,0.641947912
b0593,-0.731354569
b1717,-0.264365835
b4002,0.177675513
b4114,0.588300692
b1598,0.750445218
b2471,0.225289848
b3930,0.063703384
b0537,0.277442332
b0019,0.130422802
b0944,0.013160861
b3289,-0.33658149
b1140,0.33180375
b2123,0.288254719
b3868,-1.556006635
b1915,-0.104333557
b2681,0.015418082
b2510,-0.189481099
b2021,-1.051497167
b3152,0.332074168
b3177,-0.034138497
b3670,-0.106696489
b2497,-0.486812675
b0813,-0.325706574
b0098,-0.264678665
b3397,0.813301353
b0085,0.071926105
b4384,-0.194121733
b3242,0.406405235
b3396,-0.476264253
b4170,-0.041532545
b2944,0.179692996
b1922,0.546603394
b0473,-0.711370687
b3775,-0.465379984
b3848,-0.159243889
b1676,-0.844281691
b2350,-0.074924574
b2561,0.453504192
b2575,-0.113976834
b2991,-0.31555741
b0542,0.742851385
b4369,-0.18242078
b0685,0.49023339
b3787,-0.163508756
b1340,0.013411164
b2389,0.173347588
b3129,-0.041680641
b0598,-0.068376345
b1217,0.486140804
b2775,-0.075860344
b0852,-0.059576507
b0687,0.105601927
b1195,0.54873863
b3911,-0.263426063
b1438,-0.163705784
b1705,0.073068283
b3118,0.557775686
b4458,-0.290187886
b2524,0.098786953
b3350,0.381395625
b0712,0.076856475
b1066,0.072118923
b3566,0.546113881
b2253,0.633110507
b2102,-0.011584084
b4386,-0.080258006
b2894,-0.005738438
b2215,-0.295137667
b0589,-0.300071372
b0249,0.084100336
b2739,0.176640538
b2925,-0.791223247
b4269,0.0121271
b3348,-0.118496075
b3355,-0.069486238
b3844,0.102233775
b3994,-0.673819578
b3202,0.075341544
b1194,0.371373745
b3677,0.078045968
b2252,0.332918222
b3470,-0.298886357
b1827,-0.073857889
b2745,0.042745483
b3238,0.238112862
b0375,0.411690639
b1552,-0.383355335
b3475,0.117669132
b2258,0.300605046
b1358,-0.195044436
b2417,-0.64716022
b4141,-0.265565893
b1565,0.280038613
b0554,0.486876786
b1571,-0.119637097
b2075,0.114020873
b4252,-0.500999366
b2706,0.035542987
b1362,0.36381019
b2875,0.368823353
b2907,-0.15217927
b1167,0.133705113
b4237,0.428495446
b1322,-0.415218816
b0504,0.138029752
b2519,-0.122053971
b3280,-0.077202486
b0055,-0.249275868
b3894,0.495226957
b3292,-0.01922477
b1088,-0.096191631
b3711,-0.011057764
b0851,0.103987145
b2413,-0.161320376
b4447,0.517910501
b1491,-0.40439858
b1713,-0.259335221
b2305,0.382500449
b2370,-0.149583654
b1452,-0.54110536
b1469,0.594510807
b3230,-0.481888063
b4577,-0.051517492
b3830,0.403322595
b0644,0.27480803
b1113,-0.001395493
b0999,-0.333796893
b0938,0.188235409
b1651,-0.445404445
b2744,0.196622622
b1524,0.008283474
b1843,0.060762643
b2593,-0.195862994
b1557,0.315861603
b1756,-0.621530518
b1697,-0.021636887
b0564,-0.137563203
b0630,0.016578436
b1451,-0.023707081
b1583,0.004908891
b2432,0.153168393
b4517,0.433628145
b3293,-0.089037373
b1180,0.23149755
b4575,0.080029739
b4165,-0.08201102
b2369,0.097866958
b0957,-0.386631322
b0867,-0.026782074
b3810,0.30021781
b2741,0.191585003
b0527,0.148246477
b4194,-0.076835936
b3936,-0.021951037
b1090,-0.061359062
b2235,0.424652553
b3033,-0.053684773
b1054,-0.468992558
b1793,0.212704255
b0228,0.06166879
b3312,-0.31661274
b2184,-0.09903334
b2782,0.164520217
b3862,0.210701859
b1064,-0.243551508
b1904,0.966893236
b3321,-0.404183607
b0600,-0.446771322
b4376,0.385599856
b0032,-0.876012225
b2573,0.075952874
b3568,0.115629424
b2473,-0.241672403
b1990,0.32581413
b3838,-0.079017739
b1049,-0.33849285
b1631,0.272949434
b3313,-0.331825693
b1519,0.17256812
b0274,0.270845411
b2194,-0.830964105
b2127,0.943083532
b0502,0.229316279
b2716,-0.040556432
b4090,0.074893884
b0664,-0.221237857
b2158,-0.220079893
b2525,0.071256294
b1808,-0.246334172
b3753,-0.209916508
b4248,0.733420929
b1421,0.368413002
b1986,0.367782983
b2006,-0.003532254
b3058,-0.240262981
b2416,-0.729675229
b1853,-0.296729646
b0721,0.469190626
b3857,0.115524803
b0299,-0.099339236
b0023,-0.384914492
b0002,0.377010375
b1314,-0.216979533
b3065,-0.317575853
b3538,0.116901906
b0704,-0.19329459
b3153,0.357686188
b3712,-0.049057383
b0458,0.651302619
b1655,0.324982161
b4587,-0.030256728
b3689,-0.024452063
b2272,0.105523197
b1189,0.523591651
b2705,-0.917236835
b0806,-0.10360636
b4035,0.548477674
b1792,-0.106740478
b1374,0.873585405
b1763,-0.185464239
b1887,0.331425866
b0804,0.751696866
b2579,-0.509593793
b3471,-0.542024637
b4121,0.263570503
b2175,-0.111704667
b4301,0.031361296
b4592,-0.204360931
b4436,0.143853179
b3174,0.260973177
b2779,-0.734994809
b1347,-0.336401387
b3835,-0.099980359
b0219,0.099620626
b2254,0.155138132
b3610,-0.013252572
b2091,-1.562700593
b1573,-0.038421816
b2173,-0.084733855
b0030,-0.160069944
b1925,-0.101966592
b2736,0.264771703
b1289,-0.194061764
b2182,-0.28458655
b1834,-0.280669647
b1345,0.125354346
b1618,-0.089564885
b3866,0.14208334
b1564,-0.032310968
b4211,-0.214627144
b2303,0.179375636
b0330,0.674341811
b2531,0.069234499
b3761,0.205835428
b0758,-0.346531535
b3845,0.639322488
b0724,0.827718859
b0959,0.202221605
b1220,-0.064728772
b3314,-0.361799233
b3387,-0.084617697
b2185,-0.297621504
b1305,0.210649156
b1582,0.208202467
b2424,-2.346681129
b2793,0.295134207
b1977,0.097807384
b0258,-0.107317386
b3358,-0.490061835
b1813,-0.196585848
b3457,-0.319726656
b3294,-0.079953241
b4209,0.016287005
b3486,0.439910626
b1213,0.092968557
b1294,-0.27327255
b1298,0.601559534
b3630,0.165499516
b1258,0.544224282
b3154,0.328378344
b0070,0.406575144
b2752,-2.549817981
b0328,0.160649666
b3671,-0.042808627
b3887,-0.013645182
b2880,0.029305792
b2013,-0.987998048
b4413,0.049454947
b3320,-0.444333704
b1303,0.063382594
b2868,0.071691584
b4195,0.004103036
b3319,-0.491489593
b2895,-0.055762518
b1957,0.670178572
b2409,0.224092342
b0505,-0.176830231
b0849,-0.062360146
b4679,0.112669724
b0991,0.458877046
b0018,1.710843459
b1065,0.415065884
b1833,0.103917976
b4189,0.067956378
b1118,-0.236701122
b2662,-0.289891058
b4310,0.330020977
b4067,0.64950564
b3468,0.009909484
b0268,-0.573397243
b0715,0.010652159
b3831,0.156582579
b3083,0.452960457
b1433,-0.155216062
b3333,0.172696217
b3704,0.052374985
b0103,0.203268824
b4444,0.148951363
b3459,0.39908859
b2676,0.18436987
b3110,0.002681765
b4305,0.197031552
b3806,-0.167049566
b1270,0.139926866
b2436,-0.268118631
b1060,0.188637575
b1970,0.323313048
b1089,-0.249457116
b3225,-0.862480249
b0773,-0.09847787
b4424,0.333106982
b2063,-0.294041992
b2811,0.08299854
b4254,-0.564515453
b3311,-0.265835185
b4708,0.25931019
b1084,-0.354948373
b1442,0.12340722
b1551,1.382927666
b1253,-0.113712102
b3432,-0.122132624
b1231,0.696585635
b4057,-0.21071095
b3968,-1.917407414
b3090,0.105641354
b0451,-0.410956325
b2239,0.20830155
b3133,0.126643353
b0114,0.067445258
b1327,0.06045301
b1940,0.996952004
b2830,-0.001449091
b2923,-0.687781075
b2558,-0.103846661
b3317,-0.460402733
b1071,0.210742551
b0968,0.083835485
b0182,0.173454456
b0461,0.576260276
b4396,0.152685786
b4451,0.096381198
b4393,0.129311502
b3804,0.057955419
b2244,-0.02340973
b1278,0.101176354
b0324,-0.036855079
b4089,-0.28589983
b3601,0.658041232
b3766,0.075426452
b0805,0.380688432
b4609,0.051440004
b4239,-0.266129954
b2242,-0.249338847
b1130,-0.181637764
b1287,-0.899647717
b2165,-0.105871508
b1841,0.014818118
b4256,0.114795407
b3661,-0.22664561
b4440,-0.135277882
b3550,-0.104125273
b3851,-1.893377177
b2616,0.15484806
b4025,-0.673480462
b4595,0.082619784
b0150,-0.257658324
b0265,0.159236376
b4532,0.165879937
b1632,0.054513454
b2683,-0.303201219
b3561,0.187995229
b1426,-0.199475142
b1732,-0.121885261
b1434,-0.052568409
b1614,-0.297002062
b2520,-0.128332817
b3402,0.108617152
b0021,0.232692572
b2591,-1.887957721
b0167,-0.027626228
b3278,-1.861912157
b4578,0.176762186
b2748,0.120922373
b3299,-0.197203058
b2792,0.114232992
b3552,0.020643054
b1610,-0.048261314
b2764,-2.534772946
b1024,-0.060542339
b0037,-0.1072135
b0215,0.100869628
b2024,-1.170097604
b0422,0.080833442
b4505,0.387340448
b0890,-0.270420983
b4525,0.305361943
b3383,0.150426338
b4306,-0.078177789
b3842,0.209219179
b0005,1.15625903
b0924,-0.150040661
b3516,0.638360153
b1758,0.170842986
b1265,0.055728674
b2019,-0.691757467
b2802,-0.493480632
b1550,-0.034247863
b3598,0.940732369
b1112,0.166961374
b1037,-0.279802671
b1901,0.152600922
b3863,-0.279301767
b0450,-0.140474766
b0583,0.03470048
b0751,-0.081225004
b0866,-0.065871249
b2148,0.647157719
b4280,-0.430678967
b4053,-0.015152575
b2032,-0.273507659
b2074,0.103696003
b1382,0.244395796
b0157,-0.186317809
b2831,0.109594804
b3728,0.774032835
b1079,0.275473182
b1798,0.255847585
b0380,0.523453472
b0494,0.180224869
b2036,-0.099841935
b3756,-1.847797033
b1620,-0.02180512
b2035,-0.094035435
b4322,-0.248035549
b0764,0.116211406
b2317,0.185003397
b3757,1.035076871
b0498,0.127794426
b2815,-0.2779098
b4370,-0.213159942
b1040,0.064651866
b2192,0.01988815
b2419,0.131296491
b4145,0.116713632
b0201,-1.827600164
b0695,-0.046096665
b4698,-0.162743726
b1018,-0.190289016
b0640,0.153582466
b1783,0.419421746
b2542,0.105021908
b3754,0.015182442
b3012,-1.040337014
b0014,-0.86801851
b0965,-0.172201843
b3165,-0.139805665
b4364,0.235587382
b1605,-0.304175661
b2927,-0.247049027
b4557,0.054055402
b1341,0.097838941
b1628,-0.250392233
b2768,-0.002829617
b3928,-0.112383442
b2128,0.224882286
b1198,-0.403586825
b1718,-0.164042349
b2607,-0.245865885
b1781,-0.066232409
b3316,-0.402811046
b4589,0.173371604
b0932,-0.14113413
b3398,-0.057940247
b3959,-0.647568486
b2314,0.009373256
b0368,0.030514654
b2142,-0.221483333
b1636,-0.092176861
b0624,0.165239543
b0774,-0.450146696
b1216,-0.124510044
b1755,-0.713551579
b1174,-0.171715915
b0713,0.226253823
b2853,0.464640262
b2441,0.211114699
b4493,-0.015558819
b3465,-0.108875754
b3608,-0.26606704
b2379,0.381023626
b3627,0.019626729
b3445,0.226180014
b4515,-0.160864838
b4007,-1.677186962
b4187,0.3305932
b0213,0.162987555
b3318,-0.504697766
b2841,0.016736682
b1822,-0.229827588
b4641,0.723135886
b4040,0.101801447
b0020,0.285637057
b1370,-0.34555844
b2714,0.297787714
b3917,-0.888730591
b2104,-0.582934998
b1532,0.395569611
b3045,-0.126367128
b0313,0.406909533
b3921,0.376751782
b0462,-0.117124326
b1511,-0.029595263
b3421,0.227658726
b3439,-0.24647565
b1685,-0.494131259
b3130,0.01839696
b3616,0.128956887
b2592,-0.685613971
b2967,-0.088323746
b3774,-0.924514307
b0412,0.322807128
b2053,-0.287210243
b2295,-0.133512858
b0638,-0.251123525
b3987,-0.106974337
b2086,0.299841494
b4483,-0.43421823
b0779,-0.12498011
b3674,0.161637757
b1812,-0.115545243
b3415,-0.489241144
b3798,0.058715725
b2236,0.379676703
b4418,-0.023431721
b3224,-0.138122825
b3993,-0.607238208
b4046,-0.130134599
b4072,0.398444044
b0298,0.042644911
b4697,-0.018473184
b4267,0.136337901
b3495,0.242506945
b1044,0.63972777
b1661,-0.287902997
b1021,-0.200893137
b0668,-0.024117712
b1608,-0.194881282
b1653,-0.212438319
b3009,0.214658137
b1398,0.217208582
b0858,0.210390268
b2219,0.266726196
b1734,-0.082080667
b1531,-0.109468131
b1725,-0.163892934
b4116,-0.284048895
b0010,-0.198463046
b0390,0.165222735
b1465,-0.322504787
b1609,-0.681286851
b2559,-0.176782673
b4016,0.046369161
b2869,0.079808118
b2665,0.036033579
b1053,-0.216538505
b0003,0.627077819
b0445,-0.301321257
b0821,0.38432739
b0966,-0.168829675
b3305,-0.223948025
b1326,0.018423755
b0641,0.037732379
b2327,-0.14979787
b4188,-0.11897484
b0050,-0.147797157
b0739,-0.065782328
b0065,0.175239863
b2628,-0.060570604
b4443,0.393660158
b0587,0.019820009
b3103,0.522699265
b4547,0.106571127
b1946,-0.000737251
b3222,0.03595653
b2007,-0.502495736
b4611,0.52134441
b0078,-0.291450344
b2903,0.974808778
b2020,-0.810699551
b2605,-0.006533016
b4164,0.04385236
b0173,0.085941493
b1177,0.045011783
b2449,0.200344956
b0389,0.375275508
b0859,-0.381613374
b2040,-0.062659194
b4259,-0.110867061
b0778,-0.136319376
b0845,0.110465686
b2433,0.266250055
b2667,-0.122084184
b2103,-0.663815454
b3777,0.422026648
b0466,0.448263421
b1011,-0.219866701
b3536,0.296073685
b0256,0.048800237
b0916,0.092931084
b2979,0.773157133
b0001,0.09301924
b3760,0.229762438
b0038,-0.203475644
b4348,0.110603765
b0209,0.15023107
b4319,-0.31588033
b4512,-0.117950875
b1600,0.182101984
b4353,0.095503482
b1518,-0.248527953
b4613,-0.286785047
b3204,0.048721674
b0399,0.324651436
b2578,0.02387708
b4566,0.161100405
b3698,0.50658577
b3727,0.381983126
b4527,0.030382847
b2621,-0.311527141
b1716,-0.329166251
b1839,-0.146674466
b2804,0.355716689
b4326,0.060811818
b2584,0.023975592
b2622,0.274473505
b4214,0.096503326
b0015,-0.306895576
b4573,-0.105412437
b0338,-0.237802178
b0818,0.374661687
b0198,-0.379958372
b0207,0.067747369
b4627,0.077150153
b1562,-0.214729445
b4249,0.228848633
b1091,0.207435769
b4159,-0.149622134
b1997,-0.227761835
b0659,-0.190772777
b1919,-0.362581179
b2659,0.884062697
b2501,-0.24040214
b0904,-0.440454238
b2071,0.202053579
b2601,-0.400621815
b3105,0.116867981
b2666,0.378272069
b3557,0.210361837
b3107,0.021325391
b4318,-0.347225878
b3790,-0.335539427
b3885,0.339511912
b0812,-0.154821908
b3382,-0.202738591
b3155,0.04213762
b2238,0.004141631
b4278,0.033535501
b0962,-0.2402064
b3620,-0.303958416
b0487,-0.079331893
b0694,0.127586191
b1201,0.018670351
b2476,-0.791965437
b1525,-0.31576957
b3069,-0.448332266
b2177,0.167632526
b3976,0.176540297
b0086,-0.088172688
b3602,-0.042455868
b0430,0.678341629
b0786,-0.300378157
b0126,-0.10871493
b4618,-0.243297721
b3021,0.418736686
b3427,-0.326133546
b3799,0.375143445
b2682,-0.223396476
b3466,-0.177417102
b3669,-0.303782288
b2189,-0.43936761
b0163,0.211124868
b0429,0.612217059
b4342,0.425503669
b3635,-0.038549086
b2259,0.323260891
b3233,0.008470463
b0075,0.629301959
b3990,-0.710771534
b0440,-0.41192329
b2535,0.16590375
b0480,-0.099608078
b1750,0.011916846
b4504,0.299042678
b2174,-0.336433868
b1250,-0.079629183
b2508,-0.589549919
b3448,0.347192096
b0176,0.061804246
b2686,-0.370308056
b2824,0.151325894
b4139,-0.290420234
b3623,-0.039016827
b1536,-0.132020164
b1129,-0.300866017
b3095,-0.028437535
b3991,-0.518042247
b2011,-0.289729008
b4645,0.871632928
b2135,0.223271906
b4408,-0.475180618
b3183,-0.065955765
b1675,0.309252144
b3008,-0.665357462
b2717,0.169338259
b0404,-0.007099132
b1202,-0.617870089
b1984,-0.111233519
b4417,-0.15668111
b0753,0.444697989
b2080,0.322026679
b0448,-0.247302933
b0861,-0.152071305
b3408,-0.317076102
b2126,-0.114458082
b4529,0.247603526
b1545,0.567221136
b2468,-0.075856275
b3053,-0.084175913
b0325,-0.662103617
b4538,-0.177534335
b1941,0.341107502
b0711,0.087422511
b1002,-0.465671794
b2877,0.519950563
b3403,-0.295168527
b0964,0.541308887
b0708,0.219678824
b0836,0.020868492
b1917,-0.19378034
b3249,0.038684468
b0453,0.302212409
b2600,-0.651161503
b4411,0.352633917
b4382,0.183155118
b1290,-0.454132149
b1248,-0.046933791
b1123,0.2060518
b3361,0.427044912
b2163,0.115772855
b3716,0.456758967
b0871,-0.304435813
b2786,-0.318600381
b3117,0.458396688
b3518,-0.03648334
b1461,-0.008048363
b2347,0.452029382
b0736,0.503170856
b3505,0.23654369
b0897,-0.090753425
b0391,-0.104972781
b0596,-0.322488497
b2661,-0.307744725
b2210,0.044420465
b2860,-0.162307038
b3444,0.121451822
b3797,0.116415382
b4425,0.273062017
b0652,-0.243938638
b1380,-0.64591116
b2743,0.11078497
b2735,0.274181356
b4255,-0.352356273
b0829,-0.176825489
b1273,-0.255080849
b0901,0.134491366
b2025,-1.345354337
b4387,0.212636191
b0875,0.400467725
b2250,0.177583612
b2814,-0.275981909
b1266,-0.174380399
b2378,-0.126953805
b3113,-0.006875124
b2672,-0.187249579
b0796,0.245403945
b4673,0.186828617
b1299,0.340989194
b2844,0.462990316
b3043,-0.413018611
b3515,0.24479889
b3414,-0.066877625
b2030,0.004527078
b2790,-0.052804245
b2528,-0.107895805
b4006,-0.573503673
b0419,-0.379079876
b0604,0.093155317
b4542,0.382790979
b1625,0.978493402
b2052,-0.228417436
b0793,-0.16212759
b1770,0.025050189
b4073,0.24284004
b2404,0.132864117
b2450,-0.036432401
b1257,0.538870652
b4545,0.654049812
b3788,-0.146563489
b0978,-0.137566306
b2425,-2.75189412
b1849,-0.538985002
b1739,-0.269741574
b2669,0.117956462
b3116,-0.236350128
b0476,-0.095470379
b0496,-0.156258419
b3497,0.196602717
b0009,-0.019222703
b0678,-0.552115041
b2267,0.085165328
b0052,-0.007455808
b1114,-0.546453623
b0566,0.157629217
b1036,0.566810084
b3205,-0.139310436
b4163,0.04257493
b0848,-0.197352799
b3855,-1.07291291
b0974,-0.36390654
b0315,0.339792684
b0828,-0.415041106
b1743,0.180016715
b2401,0.098097109
b3206,-0.141946014
b0605,-0.494716425
b2819,-0.428438797
b4290,-0.171147792
b1896,0.041103498
b3748,0.258181712
b2777,0.260449472
b1996,-0.175764726
b0516,0.06633257
b0056,0.1099861
b1462,0.099374172
b3884,0.292593874
b3742,0.203050557
b2068,-0.054082017
b1729,-0.606107236
b2691,0.106060824
b2105,0.262637512
b2331,-0.160993539
b1082,0.283149324
b2440,-0.019901686
b3693,-0.43575485
b3924,0.024422592
b2597,-0.070645902
b3315,-0.395878379
b1926,0.24169548
b2178,-0.068674342
b2521,-0.032424776
b3817,0.35201516
b4273,-0.144939692
b0092,-0.395913649
b1449,0.202956325
b3168,0.009490483
b4071,0.370345927
b3304,-0.113263437
b0443,0.640174793
b4178,0.556981784
b4625,1.082839236
b1051,0.467589981
b4474,-0.144548112
b0485,0.211971527
b0622,0.171682084
b1507,0.06597149
b4456,0.008531025
b1639,-0.147673869
b0956,0.096468957
b0352,0.154761028
b3430,0.030863901
b0855,0.322275067
b0489,-0.069920308
b3362,0.493500253
b2366,-0.219968656
b4437,0.207153379
b0409,-0.16280815
b4271,0.135733793
b4518,0.126781251
b3522,0.445076005
b1144,0.22446388
b4536,0.466668905
b4135,0.220649019
b1988,-0.295663421
b0275,0.162523107
b1293,-0.24192863
b0123,-0.351863376
b1131,-0.318162039
b0153,-0.311560714
b2742,0.691447208
b3688,0.062510307
b0060,-0.07277313
b4381,0.270025142
b0459,0.310950252
b4241,0.115159491
b1902,0.140234026
b4403,0.364845583
b4561,0.132515389
b3455,-0.304834315
b2160,-0.295712378
b0795,0.481283518
b4210,0.561499117
b3796,0.250815794
b4596,0.420974623
b1881,-0.260404629
b2475,0.22264582
b3290,-0.049908064
b2018,-0.088715209
b2290,-0.354441046
b0992,0.081914352
b4240,-0.631975728
b4472,-0.303520133
b3629,0.151438403
b0304,-0.399338579
b0814,-0.398385426
b1252,-0.151486238
b2674,0.169534158
b2154,-0.288514352
b4118,0.2516822
b1399,0.267554495
b2218,-0.353000617
b3995,0.482451526
b1055,-0.191502966
b3277,0.720010499
b1549,-0.226957747
b3276,0.276099517
b2216,-0.189999316
b2015,0.012426495
b0903,-1.179792686
b3474,0.532806049
b1110,0.266132631
b1483,0.105883313
b2169,-0.351877057
b4528,-0.8951736
b0495,0.01603592
b1096,0.115850527
b1523,0.112202458
b2179,-0.122207253
b4582,-0.046552529
b2668,-0.197686087
b3696,0.023146463
b4498,-1.488152244
b1842,0.133221848
b4569,0.615371235
b2692,0.214361112
b3828,-0.841201024
b3268,0.489379505
b0702,-0.908144436
b2125,-0.20642769
b4686,-0.415647649
b4511,-0.206058681
b1162,-0.100351246
b3429,-0.122018651
b1492,-0.871575742
b1820,-0.951177066
b3010,-1.077322773
b0900,0.297095648
b1836,-0.529189106
b2088,0.027364852
b0988,0.37092503
b2150,0.346873595
b3425,0.544830799
b4140,-0.06749893
b3456,-0.386155777
b1047,-0.416754829
b0373,-0.017038098
b4070,0.306370252
b0830,0.208933031
b1328,0.152488711
b1594,0.032970902
b2187,0.220415974
b2627,-0.226863848
b3258,-0.001302654
b0597,-0.299046701
b2037,-0.011943034
b4428,-0.443502611
b0846,0.147805044
b1590,-0.484952873
b3487,0.426514017
b1566,0.432350062
b4429,-0.059973061
b4454,0.441609156
b0394,0.270655681
b0579,-0.048667605
b2144,0.268370085
b4092,0.262703747
b4268,0.546011751
b3992,-0.466970307
b0033,-0.524102248
b0832,0.374820421
b2606,-0.349879868
b2929,0.043732939
b3892,0.33661084
b1431,0.345588354
b1611,0.256758863
b2660,0.05779214
b0958,0.014538773
b4672,0.415837683
b1666,0.382240326
b3707,0.726296625
b3291,0.392436625
b3570,-0.128455345
b1493,-1.147256812
b1975,-0.052399593
b2556,0.212214425
b4127,0.169500557
b3267,0.256060806
b0570,-0.373900512
b0162,0.232845005
b4597,0.066637614
b4125,0.052457524
b0536,0.158853965
b2527,0.105670844
b4168,0.236670066
b0337,-0.360257208
b3662,-0.041913916
b3032,-0.022284444
b2414,-0.704140147
b0066,0.077427173
b2181,0.321496295
b4455,0.624372671
b0288,0.389720697
b0917,0.154179029
b0093,-0.146564177
b0293,-0.305087279
b0886,-0.259572458
b0543,-0.068128718
b2245,-0.04469284
b4480,-0.029636987
b1814,0.146442972
b1768,-0.106087831
b2732,-0.268539241
b1260,0.162446566
b2963,-0.125746191
b0067,-0.395744469
b3125,0.139468318
b4670,-0.063267998
b4003,0.204727461
b0233,0.467824587
b3703,-0.184202437
b1070,0.276552255
b2307,0.134015296
b0464,0.30989622
b0248,-0.062226719
b3886,0.042507289
b0857,0.037366365
b0885,0.162036721
b1726,0.017068811
b2000,1.22472738
b3453,0.511854435
b1649,0.102636689
b2928,0.106940025
b0798,0.536185831
b3073,-0.076391526
b3044,-0.224742519
b2673,0.188782604
b3556,-0.086142815
b2670,0.514366214
b1102,-0.606437487
b2214,-0.403560135
b2403,0.024347276
b1139,-0.184539332
b1279,-0.079922646
b1342,0.100807139
b3622,-0.079528638
b0831,0.412623121
b2766,0.496899783
b1855,-0.131812586
b1724,-0.211892784
b3668,-0.087237406
b1297,0.289117278
b0124,1.010475651
b1321,-0.348631311
b2256,0.247378045
b3351,0.557308744
b1219,-0.19849587
b4217,0.186065235
b1481,0.3683762
b4056,-0.123839556
b2969,-0.085530361
b0582,-0.17347637
b3939,-0.002994282
b1291,-0.099490619
b4008,0.262552494
b0208,-0.028419378
b2260,-0.510854631
b4060,0.523764433
b0094,-0.043309542
b4030,0.844178849
b2038,0.183507735
b4020,0.333466101
b0972,-0.129742364
b3356,0.038255902
b1397,0.033807722
b0670,0.051991004
b4385,0.566824166
b1585,0.439911637
b2664,0.132688276
b1427,0.282528718
b4535,0.226552845
b1918,-0.262719706
b3462,-0.01376368
b4647,0.554664661
b0869,-0.316132216
b0171,-0.048837502
b2816,-0.160408976
b3006,-0.342495534
b4354,-0.638299751
b0555,0.280038797
b4439,0.271425458
b2713,-0.885440527
b1945,0.444082304
b1243,-0.90568423
b2342,0.375326866
b3171,0.011393165
b2112,0.462356782
b0522,-0.771542577
b4667,1.72110468
b2899,0.140555628
b2958,0.440872993
b1987,-0.531447494
b2143,0.353615785
b4450,-0.12920912
b4431,0.343852178
b0148,-0.171631544
b0158,-0.234581984
b2618,0.570023462
b3714,-0.638755108
b3163,0.307687347
b3428,-0.405190254
b4191,0.070481582
b1541,0.205944728
b1805,0.228653978
b0191,0.018392443
b4487,0.275383235
b2586,0.303603321
b0558,0.510229627
b3654,-0.609392154
b1013,0.339578675
b1179,0.024264581
b3852,0.704008221
b0155,0.225032896
b1135,-0.068429708
b0876,0.008152542
b0884,-0.402855737
b0925,0.117572844
b2496,0.186167719
b0446,-0.11803055
b1533,0.453081607
b2990,-0.123728618
b2136,0.225672961
b2442,-0.347550864
b2722,-0.938080924
b4407,-0.426749454
b0468,-0.036700558
b0090,-0.326825411
b2866,-0.255871867
b4281,0.335000647
b1429,0.151071077
b1488,0.46244033
b0307,-0.224678605
b2085,-0.004598708
b0755,-0.496636723
b0899,0.456844793
b4593,-0.150112867
b1586,-0.169974702
b2560,0.036527501
b3607,-0.220531383
b3467,0.006176253
b0069,-0.19682132
b3247,-0.01307115
b4422,0.335684749
b1626,0.276681561
b2536,-0.138352743
b3343,-0.061500929
b1696,0.088046665
b3872,0.362779704
b0594,-0.455815728
b3517,-0.919432725
b0024,0.00691314
b1396,-0.032199221
b2466,0.181521444
b4292,-0.477368949
b2499,-0.645138042
b3954,0.368351421
b0672,0.027777456
b1020,1.407574456
b1932,-0.207486887
b4227,0.562711927
b2833,0.173918998
b3364,0.197808474
b2500,-0.172126013
b2803,0.154189218
b3302,-0.054826268
b2864,0.710981812
b1553,0.106052059
b3059,0.013090494
b4470,-0.106137778
b2318,0.254996009
b4093,0.627587821
b3501,0.572363637
b0744,0.137834344
b4638,0.49824592
b1445,-0.043008179
b1601,0.281053603
b4064,-0.597391535
b0581,0.43105802
b0707,0.52778682
b0880,-0.190564074
b1591,-0.128525006
b4664,-0.164513044
b0245,0.245481061
b2130,0.326861307
b2326,-0.137514795
b2582,0.363990329
b0200,-0.018680851
b1528,0.015908498
b2809,-0.286549371
b3651,-0.144655163
b0995,0.009152541
b1474,-0.253697359
b3014,0.020432487
b2399,0.201396377
b0281,0.028846877
b0584,-0.17973282
b0743,0.200267988
b4351,0.205653725
b3829,-0.501305036
b0016,-0.151233245
b1668,0.133763477
b1910,0.536591161
b3460,-0.449835952
b1992,0.474912821
b0856,0.589852598
b1592,0.092168062
b1956,0.237344371
b2099,-0.214132469
b4320,-0.35435123
b0187,0.027298865
b1795,-0.414909751
b2696,0.110407337
b1444,-0.321471839
b0081,0.138194937
b0272,-0.203745907
b2545,-0.079001357
b3406,0.347731883
b0186,0.125520081
b1042,-0.180786724
b0329,-0.378140066
b0427,0.004860373
b0749,-0.026634778
b1627,0.052981354
b2220,-0.254750374
b2781,0.149477666
b4568,0.276570911
b4013,-0.776497953
b0266,0.170159546
b3839,-0.049956169
b1119,-0.14473705
b2822,-0.052276001
b2861,-0.293522768
b3555,0.118512345
b2155,-0.397498121
b4430,-0.233666112
b4690,-0.437701972
b4712,-0.334645843
b4516,0.042777268
b4357,0.039731787
b1659,-0.27060425
b0586,-0.349393068
b1145,-0.031515182
b0216,0.758603994
b2865,0.249369311
b1244,-0.45307485
b3203,0.242388171
b2539,0.024101201
b3179,0.059265814
b3261,-0.183610312
b0280,0.614745919
b0559,0.095833724
b4687,-0.089297755
b1563,-0.129160398
b3243,-0.080507878
b0047,-0.200780167
b1206,-0.21708736
b2311,0.280514206
b3893,0.717280065
b3946,-0.3092532
b4298,-0.055713528
b1085,0.331850106
b3890,0.162673005
b1678,0.099992286
b2617,0.214782438
b1920,-0.453674608
b0418,0.019118679
b2912,0.075070816
b0250,0.184906147
b0442,0.205404728
b4457,-0.671081996
b4323,-0.158391959
b2067,0.126624273
b3300,-0.115346855
b0142,-0.314096118
b1478,-0.320697646
b1840,-0.04584667
b3106,-0.114705771
b4551,0.220186103
b3621,-0.004025457
b2405,0.279039052
b0384,0.317385693
b1482,-0.308570215
b3967,0.074577311
b1025,0.143586403
b1976,-0.022220893
b1019,0.246523866
b3793,-0.482230097
b1640,-0.040331491
b2504,-0.10428105
b4537,0.014278628
b2213,-0.030165386
b2604,0.123145374
b2312,-0.391252827
b3631,-0.000323245
b2942,-0.988868128
b4317,-0.300932273
b1205,-0.421995296
b4272,-0.215660114
b3548,0.793608696
b4662,-0.081915309
b1762,-0.581870356
b0595,-0.315414315
b3207,-0.222736264
b1413,-0.324569666
b3685,0.241774553
b3926,-0.045858222
b0144,0.131374908
b3539,-0.075191045
b1558,0.425390729
b2900,-0.070309218
b3599,0.178754489
b1056,0.315528507
b2698,0.271806661
b2552,0.150656609
b0479,-0.203574268
b1784,0.280272269
b3360,0.403231183
b2152,0.298012688
b3537,0.248749805
b2474,-0.087361345
b0950,-0.057203008
b0662,0.312819152
b3353,-0.22402429
b3454,-0.282381943
b1440,0.507463967
b2180,-0.191686169
b4289,-0.255168109
b2529,-0.314279537
b1061,-0.182289605
b0590,-0.188203111
b3369,0.07331437
b3496,0.191196717
b3853,0.355378508
b1923,0.217446914
b0623,-0.375726919
b0580,0.249503326
b1944,0.60431715
b3082,0.276663591
b0199,-0.766270496
b0817,0.062204946
b2693,0.579954097
b2167,-0.614075089
b2304,-0.063715341
b3512,0.042060547
b1882,-0.175545141
b2398,0.209405278
b1109,-0.378275004
b4668,0.797225693
b1375,0.398952633
b0666,0.177724084
b0987,0.099380803
b1954,0.514509702
b3024,-0.268485312
b4642,0.245290113
b3606,-0.014407732
b1776,-0.052524001
b1799,-0.045417188
b4571,-0.197213105
b3148,-0.078887837
b4018,0.1141389
b1241,-1.006090246
b3864,-0.165782223
b1534,0.317834014
b4546,-0.173107499
b4378,0.297746441
b2306,0.515405191
b4688,0.469414723
b2397,0.340779491
b2936,0.120727256
b4128,0.049246047
b1099,0.144628392
b0528,-0.370715433
b1642,-0.131530956
b1938,0.254540916
b2753,0.161404902
b2082,0.014369511
b2354,0.199649209
b2381,-0.107403578
b3413,-0.029689162
b4691,-0.030425207
b3042,-0.21888185
b3081,0.26595455
b0397,-0.20727833
b0878,-0.013181281
b3827,0.080425182
b0064,-0.135961673
b0873,0.098495133
b2731,0.165189831
b2838,-0.837113007
b3431,-0.069521935
b1906,-0.191850391
b1544,0.397447194
b2028,0.005145008
b1971,0.24918114
b0790,0.584469741
b4399,-0.182558956
b2602,0.384455711
b1736,-0.090783474
b4113,0.160605438
b0147,0.190190003
b1526,-0.153669112
b0546,0.454365746
b1953,0.020115075
b1800,-0.217027873
b1738,-0.025463896
b3128,0.281139544
b3223,-0.078686342
b3503,0.211228784
b1143,0.204094272
b2026,-1.568911024
b1707,0.393260208
b1942,-0.026528706
b2910,-0.013522056
b3003,0.219244659
b0868,-0.161851347
b1355,0.036372255
b2712,-0.415689726
b2725,-1.25285553
b0346,0.123164024
b1419,-0.377287752
b1958,0.179544495
b3034,0.080410489
b4446,0.494864588
b0022,0.132915645
b2315,-0.052536502
b4350,0.168777171
b4665,0.458561063
b2394,-0.272991004
b2313,-0.31302325
b4171,0.000128974
b1760,0.132083665
b1045,0.015592683
b0700,-0.515932025
b2212,-0.138010134
b1330,-0.397724044
b3618,0.420857822
b0088,-0.076325728
b1306,0.222059995
b1584,0.162571051
b0454,0.137659198
b0482,0.060481061
b0523,-0.504813455
b0952,-0.146015393
b3665,0.135630061
b2677,-0.527672032
b3088,0.183119144
b1423,0.869640048
b4236,0.255043467
b0449,-0.257907699
b2797,-0.054920905
b4078,0.086238358
b4126,0.213687221
b4663,0.816535452
b3535,0.828850517
b0634,0.095014013
b2322,-0.299173999
b1230,0.160539347
b4222,0.410922789
b1765,0.362577219
b0488,-0.020826135
b4167,0.011634706
b2876,0.376768737
b3792,-0.437304278
b0220,0.015284068
b1643,0.300424373
b0378,0.020794305
b0360,-0.230392946
b2427,-0.223455933
b3001,-0.378733703
b1229,1.190976998
b1182,-0.349773027
b0049,-0.021029121
b4367,-0.233651274
b3969,0.192119527
b0791,-0.023171465
b3759,-0.599645754
b1647,-0.207328912
b0350,0.073928686
b3221,0.951753599
b2785,0.11836196
b3218,0.483583796
b2340,0.26259423
b1712,-0.057427242
b3571,0.393644532
b3672,0.433567255
b1080,0.416847708
b0673,0.167583694
b3166,0.037283126
b3588,0.393616164
b1439,-0.045226163
b4068,0.71497
b4107,0.405535518
b1692,0.040495128
b2679,-0.703380789
b2557,-0.345402766
b3603,0.514621421
b3528,0.150241122
b1406,-0.072520068
b0475,0.315595218
b0891,0.183433603
b4703,-0.051564317
b1188,0.405835024
b1081,0.06413482
b3087,0.073236546
b2457,0.139473031
b2671,-0.101148007
b3710,-0.465042176
b3545,-0.321268583
b4640,0.511460999
b1443,-0.120198962
b2470,-0.032031271
b1146,-0.105438471
b0491,-0.145417411
b1677,-0.170625091
b2540,-0.166265568
b2889,0.450488804
b4287,-0.650929944
b1422,0.502059939
b0192,0.021498335
b1741,-0.175853028
b4039,0.307332903
b4675,0.438087905
b4519,0.624327195
b0802,0.403348995
b4142,-0.38221381
b2266,-0.248280259
b0456,0.153207638
b2464,-0.263305289
b4559,-0.399146067
b3625,-0.171453198
b4543,0.005552732
b4005,-0.332323041
b2434,0.312964432
b4110,0.85358912
b3920,0.346123694
b2438,-0.040229336
b4656,0.06138871
b0484,-0.815240689
b3248,0.23360383
b4150,-0.167164638
b0746,0.148305748
b1247,-0.89118698
b1476,-0.216054888
b1530,-0.357390959
b0585,-0.370808706
b4433,-0.07325747
b0573,-0.445920134
b3506,-0.816725158
b2325,-0.178688402
b1057,0.157567238
b0883,0.529370707
b2100,-0.336343375
b4124,-0.120637697
b3628,0.021755351
b0949,0.163988816
b3534,0.690225775
b2430,-0.527874851
b0240,0.985878048
b3749,0.271361972
b1072,0.984755695
b4111,-0.060560279
b1612,0.221327762
b3039,-0.047625632
b4336,0.093426801
b0745,0.221047126
b1735,0.110540301
b1667,-0.003516274
b1446,-0.3427187
b0483,0.115373589
b2351,-0.166251006
b4452,0.321806573
b1111,0.152459919
b4523,0.925625259
b3652,-0.139651024
b4435,1.134604154
b0388,0.037594996
b1537,0.234625479
b1848,-0.381081289
b2583,-0.061520937
b4584,0.101999294
b3450,0.102539695
b2439,0.083863144
b0099,0.038107606
b3210,-0.153117814
b1845,-0.033684596
b3167,-0.104981809
b1897,0.245712812
b3284,0.056586655
b4023,0.088000642
b2980,0.403650001
b0316,0.36499808
b2426,-0.135649342
b4327,0.070449325
b0565,-0.506123949
b0261,-0.064250301
b2707,0.111847239
b1357,-0.119748313
b4216,0.396693109
b0435,0.451008974
b0336,-0.511341488
b1283,-0.11766141
b4706,-0.165789484
b4707,-0.165817857
b0083,-0.226418144
b1381,-0.169429185
b1911,0.669542013
b3336,0.666344292
b3208,0.020740928
b1106,-0.049155277
b0221,0.858583321
b0503,-0.30865232
b2168,-0.459444683
b3142,-0.087164202
b3473,0.255250896
b1428,0.304394994
b1715,-0.116672479
b2137,0.276446583
b3626,-0.082752308
b3303,-0.110700379
b3547,0.065365424
b0251,0.265735109
b3301,-0.068883561
b3773,0.473975207
b3513,-0.625037377
b0058,0.431058237
b2695,0.394542096
b3283,0.044968954
b1733,0.024185464
b3918,0.075104686
b2151,0.028374958
b4221,-0.05509301
b4270,0.590937555
b0699,-0.574877992
b0122,0.423674328
b2421,0.334045183
b2243,-0.592787609
b2428,-0.723547121
b0232,0.274832119
b4490,0.211166955
b0794,-0.028718599
b4473,0.130277295
b1272,-0.086317385
b2017,-0.050723365
b4288,-0.68994116
b1415,0.425874302
b2541,-0.00848373
b1420,-0.332469977
b0679,-0.409569058
b2694,0.32910875
b0460,0.742420434
b1320,-0.008641924
b1646,0.253706816
b2255,0.337511754
b4293,-0.406939253
b3941,-0.800905547
b4390,0.051560138
b2795,-0.227534041
b2352,-0.258408531
b2820,-0.184190623
b4137,0.411854643
b1916,0.197479954
b1403,-0.220448074
b0540,0.046768921
b4689,-0.138792331
b2275,0.216068794
b2590,0.104578325
b0087,-0.115873339
b1868,-0.10219523
b1246,-0.634632734
b2396,-0.191481287
b2147,0.432490214
b4614,0.41440325
b0979,-0.46768298
b2835,-0.092593043
b2704,-0.555557274
b2129,0.26820743
b4026,0.44214713
b4291,-0.403072212
b0202,0.51813326
b3743,-0.143841082
b0993,-0.239357321
b2767,0.02594035
b1955,0.353397994
b3437,0.074876455
b4522,1.039738263
b3910,0.569907699
b1629,0.037571834
b1652,-0.067228793
b3068,0.021676339
b1686,-0.569014091
b4581,0.234811874
b0601,0.129237378
b2341,0.324094589
b0089,-0.209627388
b0837,0.234071446
b1895,-0.047559467
b4377,0.131679403
b3196,0.177422522
b0377,0.180856936
b4220,0.065594953
b1012,-0.060181388
b4426,0.672499579
b0467,0.268007585
b1572,-0.151724639
b0881,0.175938202
b1687,-0.42145968
b3096,-0.100873188
b0318,-0.103454955
b0789,0.287625729
b3832,0.291595391
b0714,0.252938515
b4468,1.005977064
b3509,-0.726999861
b3411,0.138986808
b4626,0.880766191
b0747,0.196960459
b1432,0.019613516
b1665,0.452112778
b3943,-0.021472825
b3624,-0.176605162
b2145,0.031099907
b2039,0.017134847
b2800,-0.093870521
b4051,-0.05536579
b2783,0.131759079
b4246,-0.052914657
b1245,-0.573163491
b0046,0.244607202
b3519,0.247658632
b4453,0.499793116
b3846,0.676817348
b0225,-0.079003751
b1909,0.623242939
b2842,0.12586174
b2798,0.402758666
b0980,-0.081873399
b1039,-0.000150792
b1384,0.577639233
b0447,0.12765532
b4190,-0.01592239
b3263,1.318057777
b3569,0.124771632
b0211,-0.333400598
b0282,-0.069151432
b0879,-0.212696902
b0203,0.105319248
b1251,-0.172630244
b0643,0.12557612
b4148,0.615265758
b3836,-0.241712991
b2799,-0.030744069
b4045,0.114933804
b2465,-0.483646058
b3873,-0.061116052
b1967,-0.800063621
b0392,0.350884464
b0748,0.078473535
b2289,0.053156085
b4330,-0.145581981
b0677,-0.305207168
b2723,-1.344393128
b1517,-0.344207468
b4196,-0.048650307
b2675,-0.188058465
b1908,0.173110413
b2964,0.010895334
b1181,0.192358052
b1989,0.177705621
b1477,0.272026113
b4539,-0.098300018
b2823,0.088692146
b3510,-0.792141762
b1939,0.528998649
b2537,0.50105857
b2943,-0.629439973
b2839,0.141870056
b3794,-0.079951231
b1285,0.267855708
b3789,-0.187312521
b1574,-0.896119402
b1962,0.208153478
b0226,-0.142306799
b0210,0.219527762
b1400,0.04248231
b0007,0.227392054
b3960,-0.499295978
b4467,0.571126308
b3511,-1.011294331
b1100,0.145943142
b0946,0.613201901
b2718,0.157489168
b1050,0.348540309
b2724,-1.139073018
b4666,0
